overture_category,functional_group,functional_group_confidence,functional_group_source,gehl_activity,gehl_activities,gehl_scores,necessary_score,social_score,optional_score,thirdspace_score,thirdspace_needs_review,count,cities,fg_needs_review,gehl_needs_review,needs_review,hierarchy,functional_group_taxonomy,carry_source,reviewed_from,carry_agreement,n_id_matched,other_old_categories,carry_needs_review
sport_league,Recreation & Sport,0.227,bart,Social,Social|Necessary|Optional,"{""Necessary"": 0.96, ""Social"": 0.985, ""Optional"": 0.934}",0.96,0.985,0.934,0,FALSE,1704,"can_tho,da_nang,hanoi,hcmc,pleiku",FALSE,FALSE,FALSE,sports_and_recreation > sport_league,Recreation & Sport,reviewed_id_match,active_life,0.176,17,pool_billiards|sports_and_recreation_venue|fitness_trainer|gym|music_venue|playground|soccer_field|soccer_stadium|stadium_arena|womens_clothing_store,TRUE
counseling,Business & Professional Services,1,taxonomy,Necessary,Necessary,"{""Necessary"": 0.011, ""Social"": 0.535, ""Optional"": 0.043}",0.011,0.535,0.043,0,FALSE,203,"can_tho,da_nang,hanoi,hcmc",FALSE,FALSE,FALSE,health_care > outpatient_care_facility > behavioral_or_mental_health_clinic > counseling,Healthcare,reviewed_id_match,beauty_salon,0.2,5,financial_advising|health_and_medical|pharmacy|physical_therapy,TRUE
basque_restaurant,Food & Drink,1,taxonomy,Social,Social,"{""Necessary"": 0.04, ""Social"": 0.839, ""Optional"": 0.03}",0.04,0.839,0.03,1,TRUE,1,hanoi,FALSE,FALSE,FALSE,food_and_drink > restaurant > european_restaurant > iberian_restaurant > spanish_restaurant > basque_restaurant,Food & Drink,new,,,0,,TRUE
video_game_critic,Business & Professional Services,1,taxonomy,Necessary,Necessary,"{""Necessary"": 0.013, ""Social"": 0.809, ""Optional"": 0.331}",0.013,0.809,0.331,0,FALSE,1,hcmc,FALSE,FALSE,FALSE,services_and_business > media_service > media_critic > video_game_critic,Business & Professional Services,new,,,0,,TRUE
threading_service,Beauty & Personal Care,1,taxonomy,Necessary,Necessary,"{""Necessary"": 0.254, ""Social"": 0.848, ""Optional"": 0.238}",0.848,0.848,0.238,0,FALSE,1,hcmc,FALSE,FALSE,FALSE,lifestyle_services > personal_or_beauty_service > hair_removal > threading_service,Beauty & Personal Care,new,,,0,,TRUE
pathology,Healthcare,1,taxonomy,Necessary,Necessary,"{""Necessary"": 0.344, ""Social"": 0.856, ""Optional"": 0.038}",0.044,0.056,0.038,0,FALSE,1,hanoi,FALSE,FALSE,FALSE,health_care > outpatient_care_facility > diagnostics_imaging_or_lab_service > pathology,Healthcare,new,,,0,,TRUE
ethiopian_restaurant,Food & Drink,1,taxonomy,Social,Social,"{""Necessary"": 0.033, ""Social"": 0.681, ""Optional"": 0.017}",0.033,0.681,0.017,1,TRUE,1,da_nang,FALSE,FALSE,FALSE,food_and_drink > restaurant > african_restaurant > east_african_restaurant > ethiopian_restaurant,Food & Drink,new,,,0,,TRUE
industrial_cleaning_service,Business & Professional Services,1,taxonomy,Necessary,Necessary,"{""Necessary"": 0.049, ""Social"": 0.009, ""Optional"": 0.001}",0.049,0.009,0.001,0,FALSE,1,hcmc,FALSE,FALSE,FALSE,services_and_business > professional_service > cleaning_service > industrial_cleaning_service,Business & Professional Services,new,,,0,,TRUE
nepalese_restaurant,Food & Drink,1,taxonomy,Social,Social,"{""Necessary"": 0.022, ""Social"": 0.595, ""Optional"": 0.009}",0.022,0.595,0.009,1,TRUE,1,hanoi,FALSE,FALSE,FALSE,food_and_drink > restaurant > asian_restaurant > south_asian_restaurant > himalayan_restaurant > nepalese_restaurant,Food & Drink,new,,,0,,TRUE
business_banking_service,Business & Professional Services,1,taxonomy,Necessary,Necessary,"{""Necessary"": 0.044, ""Social"": 0.01, ""Optional"": 0.0}",0.044,0.01,0,0,FALSE,1,hcmc,FALSE,FALSE,FALSE,services_and_business > financial_service > business_banking_service,Business & Professional Services,new,,,0,,TRUE
restaurant,Food & Drink,1,taxonomy,Social,Social|Necessary|Optional,"{""Necessary"": 0.02, ""Social"": 0.013, ""Optional"": 0.006}",0.02,0.013,0.006,1,TRUE,38145,"can_tho,da_nang,hanoi,hcmc,pleiku",FALSE,FALSE,FALSE,food_and_drink > restaurant,Food & Drink,reviewed_same_name,restaurant,0.989,34946,diner|vietnamese_restaurant|fast_food_restaurant|chinese_restaurant|barbecue_restaurant|coffee_shop|asian_restaurant|seafood_restaurant|eat_and_drink|japanese_restaurant|korean_restaurant|vegetarian_restaurant|breakfast_and_brunch_restaurant|cafe|bakery|bar_and_grill_restaurant|buffet_restaurant|chicken_restaurant|noodles_restaurant|shopping|theme_restaurant|health_food_store|pizza_restaurant|bar|beer_bar|food_beverage_service_distribution|french_restaurant|gastropub|hotel|playground|soup_restaurant|thai_restaurant|accommodation|asian_fusion_restaurant|beer_garden|boutique|bubble_tea|butcher_shop|childrens_clothing_store|clothing_store|cocktail_bar|comfort_food_restaurant|dance_club|delicatessen|dim_sum_restaurant|german_restaurant|grocery_store|gym|halal_restaurant|health_food_restaurant|home_service|ice_cream_shop|indian_restaurant|italian_restaurant|karaoke|landmark_and_historical_building|liquor_store|live_and_raw_food_restaurant|malaysian_restaurant|marketing_agency|mediterranean_restaurant|mens_clothing_store|mexican_restaurant|mobile_phone_store|painting|pub|real_estate_agent|real_estate_service|rental_service|resort|sake_bar|salad_bar|sandwich_shop|shopping_center|singaporean_restaurant|steakhouse|sushi_restaurant|taiwanese_restaurant|turkish_restaurant|wine_bar,FALSE
professional_service,Business & Professional Services,1,taxonomy,Necessary,Necessary,"{""Necessary"": 0.229, ""Social"": 0.327, ""Optional"": 0.02}",0.229,0.327,0.02,0,FALSE,33626,"can_tho,da_nang,hanoi,hcmc,pleiku",FALSE,FALSE,FALSE,services_and_business > professional_service,Business & Professional Services,reviewed_id_match,professional_services,0.997,29922,party_and_event_planning|event_photography|bridal_shop|shopping|real_estate_service|appliance_repair_service|education|electronics|fashion|spas|automotive_repair|financial_service|freight_and_cargo_service|home_security|womens_clothing_store|appraisal_services|architectural_designer|bakery|business_manufacturing_and_supply|construction_services|diagnostic_services|employment_agencies|flowers_and_gifts_shop|hvac_services|industrial_equipment|information_technology_company|interior_design|lawyer|marketing_agency|motorcycle_dealer|restaurant|advertising_agency|agricultural_service|aircraft_dealer|airline|auto_detailing|bike_repair_maintenance|carpet_store|college_university|computer_hardware_company|computer_store|corporate_office|damage_restoration|diner|educational_services|elementary_school|food_beverage_service_distribution|furniture_store|graphic_designer|grocery_store|gym|health_and_medical|holiday_rental_home|home_cleaning|home_goods_store|home_improvement_store|hospital|immigration_law|industrial_company|it_service_and_computer_repair|janitorial_services|landmark_and_historical_building|liquor_store|media_agency|mens_clothing_store|mobile_phone_store|motorcycle_repair|music_venue|parking|pharmacy|political_organization|preschool|real_estate_agent|rental_service|shopping_center|sign_making|smoothie_juice_bar|software_development|solar_installation|sports_and_recreation_venue|toy_store|transportation|travel_services|uniform_store|wedding_planning,FALSE
coffee_shop,Food & Drink,1,taxonomy,Social,Social,"{""Necessary"": 0.23, ""Social"": 0.964, ""Optional"": 0.014}",0.23,0.964,0.014,1,TRUE,32717,"can_tho,da_nang,hanoi,hcmc,pleiku",FALSE,FALSE,FALSE,food_and_drink > non_alcoholic_beverage_venue > coffee_shop,Food & Drink,reviewed_same_name,coffee_shop,0.998,30250,cafe|restaurant|bubble_tea|tea_room|eat_and_drink|internet_cafe|bakery|convenience_store|fast_food_restaurant|grocery_store|professional_services|aquatic_pet_store|art_gallery|arts_and_entertainment|bar|barber|bartender|bartending_school|car_dealer|community_services_non_profits|construction_services|cultural_center|flowers_and_gifts_shop|food_beverage_service_distribution|food_consultant|furniture_store|health_and_medical|health_food_store|hobby_shop|ice_cream_shop|interior_design|music_venue|psychologist|public_service_and_government|school|shopping|shopping_center|smoothie_juice_bar|spas|vegetarian_restaurant|vietnamese_restaurant|youth_organizations,FALSE
shopping,Retail & Shopping,1,taxonomy,Social,Social|Optional|Necessary,"{""Necessary"": 0.153, ""Social"": 0.008, ""Optional"": 0.006}",0.736,0.008,0.006,0,FALSE,32306,"can_tho,da_nang,hanoi,hcmc,pleiku",FALSE,FALSE,FALSE,shopping,Retail & Shopping,reviewed_same_name,shopping,0.989,29228,clothing_store|flowers_and_gifts_shop|womens_clothing_store|mobile_phone_store|furniture_store|wholesale_store|grocery_store|home_goods_store|jewelry_store|shopping_center|fashion_accessories_store|shoe_store|fabric_store|luggage_store|toy_store|cosmetic_and_beauty_supplies|costume_store|electronics|professional_services|spas|arts_and_crafts|bakery|childrens_clothing_store|hair_supply_stores|mens_clothing_store|building_supply_store|car_dealer|coffee_shop|fashion|home_and_garden|interior_design|party_and_event_planning|pharmacy|restaurant|boutique|computer_store|construction_services|department_store|eyewear_and_optician|freight_and_cargo_service|fruits_and_vegetables|health_food_store|musical_instrument_store|nursery_and_gardening|printing_services|sporting_goods|vitamins_and_supplements|active_life|appliance_repair_service|appliance_store|aquarium|aquatic_pet_store|arcade|art_gallery|audio_visual_equipment_store|beauty_salon|bicycle_shop|bookstore|bottled_water_company|bridal_shop|buddhist_temple|business_advertising|cafe|car_wash|central_government_office|chicken_restaurant|commercial_industrial|corporate_office|diner|discount_store|educational_supply_store|employment_agencies|engineering_services|farmers_market|food|food_delivery_service|gift_shop|granite_supplier|gym|hardware_store|hat_shop|home_health_care|home_staging|hospital|hvac_services|ice_cream_shop|industrial_equipment|information_technology_company|internet_cafe|jewelry_and_watches_manufacturer|linen|lingerie_store|mass_media|merchandising_service|metal_supplier|nutritionist|office_equipment|pet_services|real_estate_service|restaurant_equipment_and_supply|school|software_development|souvenir_shop|sports_wear|superstore|tattoo_and_piercing|tea_room,FALSE
real_estate_service,Business & Professional Services,1,taxonomy,Necessary,Necessary,"{""Necessary"": 0.348, ""Social"": 0.844, ""Optional"": 0.307}",0.348,0.844,0.307,0,FALSE,22988,"can_tho,da_nang,hanoi,hcmc,pleiku",FALSE,FALSE,FALSE,services_and_business > real_estate_service,Business & Professional Services,reviewed_same_name,real_estate_service,0.998,20306,real_estate_agent|landmark_and_historical_building|appraisal_services|property_management|professional_services|real_estate_investment|home_developer|hotel|party_and_event_planning|commercial_real_estate|park|accommodation|bank_credit_union|beauty_salon|business_management_services|car_dealer|clothing_store|coffee_shop|community_services_non_profits|condominium|event_photography|financial_service|furniture_store|home_service|home_staging|marketing_agency|media_news_company|notary_public|pet_services|printing_services|public_plaza|shopping|shopping_center|windows_installation,FALSE
spa,Beauty & Personal Care,1,taxonomy,Optional,Social|Optional,"{""Necessary"": 0.001, ""Social"": 0.327, ""Optional"": 0.001}",0.001,0.327,0.327,0,FALSE,21223,"can_tho,da_nang,hanoi,hcmc,pleiku",FALSE,FALSE,FALSE,lifestyle_services > wellness_service > spa,Beauty & Personal Care,reviewed_id_match,spas,0.998,19238,beauty_salon|health_spa|nail_salon|cosmetic_and_beauty_supplies|hair_salon|barber|shopping|massage_therapy|skin_care|health_and_medical|professional_services|beauty_product_supplier|makeup_artist|medical_spa|clothing_store|home_goods_store|party_and_event_planning|real_estate_service|bridal_shop|community_center|community_services_non_profits|corporate_office|diagnostic_services|diner|eyewear_and_optician|fashion_accessories_store|grocery_store|hair_replacement|hair_supply_stores|pharmacy|physical_therapy|pizza_restaurant|printing_services|school|tanning_salon|travel_services|wholesale_store,FALSE
beauty_salon,Beauty & Personal Care,1,taxonomy,Optional,Social|Optional,"{""Necessary"": 0.011, ""Social"": 0.535, ""Optional"": 0.043}",0.848,0.535,0.043,1,TRUE,16361,"can_tho,da_nang,hanoi,hcmc,pleiku",FALSE,FALSE,FALSE,lifestyle_services > personal_or_beauty_service > beauty_salon,Beauty & Personal Care,reviewed_same_name,beauty_salon,0.998,15234,spas|hair_salon|nail_salon|barber|cosmetic_and_beauty_supplies|skin_care|plastic_surgeon|dermatologist|health_spa|beauty_product_supplier|cosmetology_school|health_and_medical|school|shopping|advertising_agency|bar|cafe|coffee_shop|community_center|community_services_non_profits|fashion_accessories_store|makeup_artist|naturopathic_holistic|party_and_event_planning|physical_therapy|police_department|professional_services|real_estate_agent|tanning_salon|waxing,FALSE
cafe,Food & Drink,1,taxonomy,Social,Social,"{""Necessary"": 0.224, ""Social"": 0.972, ""Optional"": 0.037}",0.224,0.972,0.037,1,TRUE,15428,"can_tho,da_nang,hanoi,hcmc,pleiku",FALSE,FALSE,FALSE,food_and_drink > casual_eatery > cafe,Food & Drink,reviewed_same_name,cafe,0.998,14351,coffee_shop|restaurant|tea_room|bubble_tea|professional_services|desserts|grocery_store|accommodation|auto_detailing|bakery|diagnostic_services|eat_and_drink|industrial_equipment|liquor_store|shopping|sign_making|vegetarian_restaurant,FALSE
clothing_store,Retail & Shopping,1,taxonomy,Necessary,Necessary,"{""Necessary"": 0.06, ""Social"": 0.318, ""Optional"": 0.016}",0.736,0.318,0.016,0,FALSE,14785,"can_tho,da_nang,hanoi,hcmc,pleiku",FALSE,FALSE,FALSE,shopping > fashion_and_apparel_store > clothing_store,Retail & Shopping,reviewed_same_name,clothing_store,0.996,13688,womens_clothing_store|shopping|mens_clothing_store|fashion|costume_store|shoe_store|childrens_clothing_store|fashion_accessories_store|lingerie_store|professional_services|sports_wear|beauty_salon|boutique|clothing_company|convenience_store|cosmetic_and_beauty_supplies|fabric_store|flowers_and_gifts_shop|food_beverage_service_distribution|gents_tailor|grocery_store|health_spa|home_goods_store|ice_cream_shop|sewing_and_alterations|shopping_center|souvenir_shop|spas|sporting_goods|swimwear_store|uniform_store|vegetarian_restaurant|weight_loss_center,FALSE
hotel,Accommodation & Travel,1,taxonomy,Optional,Optional,"{""Necessary"": 0.042, ""Social"": 0.063, ""Optional"": 0.081}",0.042,0.063,0.081,0,FALSE,14656,"can_tho,da_nang,hanoi,hcmc,pleiku",FALSE,FALSE,FALSE,lodging > hotel,Accommodation & Travel,reviewed_same_name,hotel,0.994,13651,accommodation|resort|holiday_rental_home|landmark_and_historical_building|real_estate_service|professional_services|bar|bed_and_breakfast|hostel|restaurant|beach_resort|beauty_salon|coffee_shop|indonesian_restaurant|lodge|monument|motel|party_and_event_planning|real_estate_agent|shopping|skilled_nursing|spas|tattoo_and_piercing|tea_room|tours|travel_services|urban_farm,FALSE
flowers_and_gifts_store,Retail & Shopping,1,taxonomy,Necessary,Necessary,"{""Necessary"": 0.015, ""Social"": 0.165, ""Optional"": 0.007}",0.736,0.165,0.007,0,FALSE,14394,"can_tho,da_nang,hanoi,hcmc,pleiku",FALSE,FALSE,FALSE,shopping > specialty_store > flowers_and_gifts_store,Retail & Shopping,reviewed_id_match,flowers_and_gifts_shop,0.997,12673,shopping|professional_services|arts_and_crafts|fashion|grocery_store|wedding_planning|appliance_store|business_advertising|childrens_clothing_store|clothing_store|farm|food|fruits_and_vegetables|jewelry_store|non_governmental_association|nursery_and_gardening|party_and_event_planning|printing_services|real_estate_service|restaurant|souvenir_shop|vietnamese_restaurant|womens_clothing_store,FALSE
furniture_store,Retail & Shopping,1,taxonomy,Necessary,Necessary,"{""Necessary"": 0.035, ""Social"": 0.199, ""Optional"": 0.022}",0.736,0.199,0.022,0,FALSE,12565,"can_tho,da_nang,hanoi,hcmc,pleiku",FALSE,FALSE,FALSE,shopping > specialty_store > hardware_home_and_garden_store > furniture_store,Retail & Shopping,reviewed_same_name,furniture_store,0.996,11702,interior_design|home_staging|shopping|contractor|mattress_store|professional_services|advertising_agency|arts_and_crafts|b2b_textiles|bicycle_shop|carpenter|childrens_clothing_store|coffee_shop|fashion_accessories_store|home_goods_store|industrial_company|lighting_store|mattress_manufacturing|party_and_event_planning|spas|wholesale_store|womens_clothing_store,FALSE
party_and_event_planning,Business & Professional Services,1,taxonomy,Necessary,Necessary,"{""Necessary"": 0.001, ""Social"": 0.338, ""Optional"": 0.015}",0.001,0.338,0.015,0,FALSE,11600,"can_tho,da_nang,hanoi,hcmc,pleiku",FALSE,FALSE,FALSE,services_and_business > event_or_party_service > party_and_event_planning,Business & Professional Services,reviewed_same_name,party_and_event_planning,0.996,10859,professional_services|printing_services|shopping|business_manufacturing_and_supply|industrial_equipment|real_estate_service|wedding_planning|architectural_designer|car_dealer|clothing_store|commercial_industrial|engineering_services|fashion|freight_and_cargo_service|home_staging|hotel|information_technology_company|media_news_company|software_development|sports_and_recreation_venue|surgical_appliances_and_supplies|travel_services|advertising_agency|agriculture|arts_and_crafts|automotive_repair|b2b_science_and_technology|beauty_salon|bookstore|bridal_shop|broadcasting_media_production|caterer|community_center|community_services_non_profits|construction_services|eat_and_drink|educational_services|electric_utility_provider|environmental_conservation_organization|fashion_accessories_store|financial_advising|financial_service|flowers_and_gifts_shop|food|health_and_medical|holiday_rental_home|home_cleaning|hvac_services|industrial_company|interior_design|internet_service_provider|language_school|plastic_surgeon|public_utility_company|real_estate_agent|shopping_center|southern_restaurant|spas|thai_restaurant|tours|water_treatment_equipment_and_services,FALSE
diner,Food & Drink,1,taxonomy,Social,Social,"{""Necessary"": 0.065, ""Social"": 0.557, ""Optional"": 0.008}",0.065,0.557,0.008,1,TRUE,10464,"can_tho,da_nang,hanoi,hcmc,pleiku",FALSE,FALSE,FALSE,food_and_drink > casual_eatery > diner,Food & Drink,reviewed_same_name,diner,0.992,9551,restaurant|vietnamese_restaurant|seafood_restaurant|asian_restaurant|chicken_restaurant|chinese_restaurant|clothing_store|delicatessen|eat_and_drink|fast_food_restaurant|food_truck|korean_restaurant|thai_restaurant|aquatic_pet_store|bakery|bar_and_grill_restaurant|barbecue_restaurant|cafe|caterer|coffee_shop|fort|ice_cream_shop|indian_restaurant|mexican_restaurant|noodles_restaurant|party_and_event_planning|professional_services|public_service_and_government|sushi_restaurant|theme_restaurant,FALSE
grocery_store,Daily Needs & Grocery,1,taxonomy,Necessary,Social|Necessary,"{""Necessary"": 0.384, ""Social"": 0.048, ""Optional"": 0.001}",0.384,0.048,0.001,1,TRUE,9451,"can_tho,da_nang,hanoi,hcmc,pleiku",FALSE,FALSE,FALSE,shopping > food_and_beverage_store > grocery_store,Daily Needs & Grocery,reviewed_same_name,grocery_store,0.994,8526,shopping|convenience_store|coffee_shop|eat_and_drink|health_food_store|shopping_center|cafe|discount_store|food_beverage_service_distribution|vietnamese_restaurant|bakery|candy_store|childrens_clothing_store|clothing_store|cosmetic_and_beauty_supplies|credit_and_debt_counseling|diner|electronics|fast_food_restaurant|food_truck|fruits_and_vegetables|health_and_medical|marketing_agency|maternity_wear|office_equipment|organic_grocery_store|professional_services|shipping_center|wholesale_grocer|wholesale_store,FALSE
education,Education,1,taxonomy,Necessary,Necessary,"{""Necessary"": 0.703, ""Social"": 0.66, ""Optional"": 0.004}",0.703,0.66,0.004,0,FALSE,8254,"can_tho,da_nang,hanoi,hcmc,pleiku",FALSE,FALSE,FALSE,education,Education,reviewed_same_name,education,0.997,7463,school|language_school|college_university|educational_services|elementary_school|preschool|tutoring_center|music_school|campus_building|health_and_medical|professional_services|test_preparation|accommodation|art_school|b2b_science_and_technology|bartending_school|central_government_office|community_services_non_profits|cosmetic_dentist|flight_school|grocery_store|high_school|music_venue|musical_instrument_store|print_media|shopping|spas|specialty_school|tattoo_and_piercing|travel_services,FALSE
auto_dealer,Business & Professional Services,1,taxonomy,Necessary,Necessary,"{""Necessary"": 0.832, ""Social"": 0.62, ""Optional"": 0.543}",0.832,0.62,0.543,0,FALSE,7895,"can_tho,da_nang,hanoi,hcmc,pleiku",FALSE,FALSE,FALSE,shopping > vehicle_dealer > auto_dealer,Automotive & Transport,reviewed_id_match,car_dealer,0.999,6904,automotive_services_and_repair|truck_dealer|automotive_repair|auto_parts_and_supply_store|shopping|real_estate_service|used_car_dealer|bubble_tea|business_advertising|car_rental_agency|motorcycle_dealer|motorcycle_repair|parking|shopping_center|telecommunications_company|vietnamese_restaurant,FALSE
historic_site,Civic & Government,0.224,bart,Optional,Optional,"{""Necessary"": 0.001, ""Social"": 0.0, ""Optional"": 0.001}",0.001,0,0.001,0,FALSE,7701,"can_tho,da_nang,hanoi,hcmc,pleiku",FALSE,FALSE,FALSE,cultural_and_historic > historic_site,Culture & Arts,reviewed_id_match,landmark_and_historical_building,0.992,7032,real_estate_service|hotel|accommodation|church_cathedral|professional_services|service_apartments|coffee_shop|monument|real_estate_agent|buddhist_temple|cafe|car_dealer|convenience_store|cottage|gym|hair_salon|park|restaurant|shopping|womens_clothing_store,FALSE
fashion_and_apparel_store,Retail & Shopping,0.246,bart,Necessary,Necessary,"{""Necessary"": 0.351, ""Social"": 0.904, ""Optional"": 0.514}",0.736,0.904,0.514,0,FALSE,7661,"can_tho,da_nang,hanoi,hcmc,pleiku",FALSE,FALSE,FALSE,shopping > fashion_and_apparel_store,Retail & Shopping,reviewed_id_match,fashion,0.993,6562,clothing_store|womens_clothing_store|mens_clothing_store|shopping|fashion_accessories_store|childrens_clothing_store|convenience_store|professional_services|bookstore|corporate_office|costume_store|flowers_and_gifts_shop|grocery_store|hvac_services|jewelry_store|social_media_agency|software_development|sporting_goods,FALSE
vietnamese_restaurant,Food & Drink,1,taxonomy,Social,Social,"{""Necessary"": 0.029, ""Social"": 0.534, ""Optional"": 0.012}",0.029,0.534,0.012,1,TRUE,7559,"can_tho,da_nang,hanoi,hcmc,pleiku",FALSE,FALSE,FALSE,food_and_drink > restaurant > asian_restaurant > southeast_asian_restaurant > vietnamese_restaurant,Food & Drink,reviewed_same_name,vietnamese_restaurant,0.99,6972,restaurant|diner|asian_restaurant|noodles_restaurant|eat_and_drink|fast_food_restaurant|food_truck|accommodation|asian_fusion_restaurant|bakery|bar|cocktail_bar|cooking_school|cupcake_shop|delicatessen|desserts|flowers_and_gifts_shop|grocery_store|health_food_restaurant|music_venue|seafood_restaurant|shopping|sightseeing_tour_agency|smoothie_juice_bar|soup_restaurant|theme_restaurant,FALSE
bakery,Food & Drink,1,taxonomy,Social,Social,"{""Necessary"": 0.073, ""Social"": 0.509, ""Optional"": 0.012}",0.073,0.509,0.012,0,FALSE,7401,"can_tho,da_nang,hanoi,hcmc,pleiku",FALSE,FALSE,FALSE,food_and_drink > casual_eatery > bakery,Food & Drink,reviewed_same_name,bakery,0.999,6815,cupcake_shop|restaurant|coffee_shop|fashion_accessories_store|grocery_store|barber|bubble_tea|candy_store|diner|flowers_and_gifts_shop|food_truck|italian_restaurant|korean_restaurant|vietnamese_restaurant,FALSE
building_or_construction_service,Business & Professional Services,1,taxonomy,Necessary,Necessary,"{""Necessary"": 0.407, ""Social"": 0.005, ""Optional"": 0.005}",0.407,0.005,0.005,0,FALSE,7254,"can_tho,da_nang,hanoi,hcmc,pleiku",FALSE,FALSE,FALSE,services_and_business > building_or_construction_service,Home & Garden Services,reviewed_id_match,construction_services,0.998,6761,architectural_designer|interior_design|party_and_event_planning|septic_services|accommodation|convenience_store|countertop_installation|engineering_services|hardware_store|home_developer|home_improvement_store|home_staging|pharmacy|professional_services|real_estate_service|shopping|trusts,FALSE
mobile_phone_store,Retail & Shopping,1,taxonomy,Necessary,Necessary,"{""Necessary"": 0.203, ""Social"": 0.324, ""Optional"": 0.113}",0.736,0.324,0.113,0,FALSE,6828,"can_tho,da_nang,hanoi,hcmc,pleiku",FALSE,FALSE,FALSE,shopping > specialty_store > electronics_store > mobile_phone_store,Retail & Shopping,reviewed_same_name,mobile_phone_store,0.997,6303,electronics|fashion_accessories_store|shopping|computer_store|professional_services|computer_hardware_company|engineering_services|it_service_and_computer_repair|jewelry_and_watches_manufacturer|jewelry_store|lawyer|public_plaza|telecommunications_company|television_service_providers,FALSE
beauty_supply_store,Beauty & Personal Care,0.381,bart,Necessary,Necessary,"{""Necessary"": 0.03, ""Social"": 0.098, ""Optional"": 0.005}",0.848,0.098,0.005,0,FALSE,6554,"can_tho,da_nang,hanoi,hcmc,pleiku",FALSE,FALSE,FALSE,shopping > specialty_store > personal_care_and_beauty_store > beauty_supply_store,Retail & Shopping,reviewed_id_match,cosmetic_and_beauty_supplies,0.996,6096,spas|beauty_salon|hair_supply_stores|health_spa|shopping|nail_salon|professional_services|skin_care|accommodation|bar|beauty_product_supplier|coffee_shop|construction_services|flowers_and_gifts_shop|grocery_store|health_and_medical|home_service|jewelry_store|korean_restaurant|massage_therapy|party_and_event_planning|shopping_center,FALSE
hair_salon,Beauty & Personal Care,1,taxonomy,Optional,Social|Optional,"{""Necessary"": 0.014, ""Social"": 0.649, ""Optional"": 0.069}",0.848,0.649,0.069,1,TRUE,6135,"can_tho,da_nang,hanoi,hcmc,pleiku",FALSE,FALSE,FALSE,lifestyle_services > personal_or_beauty_service > hair_salon,Beauty & Personal Care,reviewed_same_name,hair_salon,0.999,5746,beauty_salon|barber|spas|fashion|clothing_store|cosmetic_and_beauty_supplies|plastic_surgeon|professional_services,FALSE
travel_service,Accommodation & Travel,1,taxonomy,Social,Social|Necessary|Optional,"{""Necessary"": 0.9, ""Social"": 0.923, ""Optional"": 0.832}",0.9,0.923,0.832,0,FALSE,5979,"can_tho,da_nang,hanoi,hcmc,pleiku",FALSE,FALSE,FALSE,travel_and_transportation > travel_service,Accommodation & Travel,reviewed_id_match,travel_services,0.989,5436,tours|hotel|professional_services|transportation|travel_company|car_dealer|car_rental_agency|real_estate_service|taxi_service|accommodation|airline|airport_shuttles|college_university|education|educational_services|gift_shop|landmark_and_historical_building|media_agency|party_and_event_planning|passport_and_visa_services|playground|shopping|sightseeing_tour_agency,FALSE
womens_clothing_store,Retail & Shopping,1,taxonomy,Necessary,Necessary,"{""Necessary"": 0.038, ""Social"": 0.384, ""Optional"": 0.022}",0.736,0.384,0.022,0,FALSE,5609,"can_tho,da_nang,hanoi,hcmc,pleiku",FALSE,FALSE,FALSE,shopping > fashion_and_apparel_store > clothing_store > womens_clothing_store,Retail & Shopping,reviewed_same_name,womens_clothing_store,0.996,5156,clothing_store|fashion|shopping|fashion_accessories_store|mens_clothing_store|appliance_repair_service|beauty_salon|boutique|childrens_clothing_store|clothing_company|commercial_industrial|jewelry_store|lingerie_store|maternity_wear|shoe_store|shopping_center,FALSE
barber,Beauty & Personal Care,1,taxonomy,Optional,Social|Optional,"{""Necessary"": 0.082, ""Social"": 0.672, ""Optional"": 0.15}",0.848,0.672,0.15,1,TRUE,5394,"can_tho,da_nang,hanoi,hcmc,pleiku",FALSE,FALSE,FALSE,lifestyle_services > personal_or_beauty_service > barber,Beauty & Personal Care,reviewed_same_name,barber,1,5069,hair_salon|beauty_salon|spas|health_spa|massage_therapy,FALSE
shoe_store,Retail & Shopping,1,taxonomy,Necessary,Necessary,"{""Necessary"": 0.113, ""Social"": 0.54, ""Optional"": 0.073}",0.736,0.54,0.073,0,FALSE,5223,"can_tho,da_nang,hanoi,hcmc,pleiku",FALSE,FALSE,FALSE,shopping > fashion_and_apparel_store > shoe_store,Retail & Shopping,reviewed_same_name,shoe_store,0.996,4804,clothing_store|shopping|active_life|shopping_center|sporting_goods|fashion|fashion_accessories_store|gym|luggage_store|shoe_repair,FALSE
real_estate_agent,Business & Professional Services,1,taxonomy,Necessary,Necessary,"{""Necessary"": 0.846, ""Social"": 0.201, ""Optional"": 0.396}",0.846,0.201,0.396,0,FALSE,4758,"can_tho,da_nang,hanoi,hcmc,pleiku",FALSE,FALSE,FALSE,services_and_business > real_estate_service > real_estate_agent,Business & Professional Services,reviewed_same_name,real_estate_agent,0.997,4305,real_estate_service|landmark_and_historical_building|appraisal_services|hotel|diner|home_developer|professional_services|service_apartments|tours,FALSE
elementary_school,Education,1,taxonomy,Necessary,Necessary,"{""Necessary"": 0.609, ""Social"": 0.58, ""Optional"": 0.068}",0.609,0.58,0.068,0,FALSE,4726,"can_tho,da_nang,hanoi,hcmc,pleiku",FALSE,FALSE,FALSE,education > place_of_learning > school > elementary_school,Education,reviewed_same_name,elementary_school,1,4491,school|education|middle_school|preschool|barber|campus_building|high_school|language_school|spas,FALSE
pharmacy,Retail & Shopping,1,taxonomy,Necessary,Necessary,"{""Necessary"": 0.677, ""Social"": 0.032, ""Optional"": 0.002}",0.736,0.032,0.002,0,FALSE,4692,"can_tho,da_nang,hanoi,hcmc,pleiku",FALSE,FALSE,FALSE,shopping > specialty_store > pharmacy_and_drug_store > pharmacy,Retail & Shopping,reviewed_same_name,pharmacy,0.995,4353,health_and_medical|pharmaceutical_companies|medical_supply|grocery_store|hospital|medical_service_organizations|party_and_event_planning|physical_therapy|professional_services|veterinarian,FALSE
bubble_tea_shop,Food & Drink,0.15,bart,Social,Social|Optional,"{""Necessary"": 0.125, ""Social"": 0.89, ""Optional"": 0.565}",0.125,0.89,0.565,1,TRUE,4645,"can_tho,da_nang,hanoi,hcmc,pleiku",FALSE,FALSE,FALSE,food_and_drink > non_alcoholic_beverage_venue > bubble_tea_shop,Food & Drink,reviewed_id_match,bubble_tea,0.996,4330,coffee_shop|bartending_school|cafe|laundromat|restaurant|tea_room|travel_services,FALSE
fashion_accessories_store,Retail & Shopping,1,taxonomy,Necessary,Necessary,"{""Necessary"": 0.064, ""Social"": 0.55, ""Optional"": 0.031}",0.736,0.55,0.031,0,FALSE,4566,"can_tho,da_nang,hanoi,hcmc,pleiku",FALSE,FALSE,FALSE,shopping > fashion_and_apparel_store > fashion_accessories_store,Retail & Shopping,reviewed_same_name,fashion_accessories_store,0.997,4219,shopping|mobile_phone_store|costume_store|flowers_and_gifts_shop|clothing_store|eyewear_and_optician|fashion|womens_clothing_store|cosmetic_and_beauty_supplies|furniture_store|jewelry_store|mattress_store|mens_clothing_store|printing_services|professional_services|shoe_store,FALSE
health_care,Healthcare,0.432,bart,Necessary,Necessary,"{""Necessary"": 1.0, ""Social"": 0.003, ""Optional"": 0.003}",1,0.003,0.003,0,FALSE,4475,"can_tho,da_nang,hanoi,hcmc,pleiku",FALSE,FALSE,FALSE,health_care,Healthcare,reviewed_id_match,health_and_medical,0.993,3880,hospital|pharmaceutical_companies|physical_therapy|pharmacy|spas|medical_service_organizations|family_practice|medical_center|professional_services|accommodation|beauty_salon|cosmetic_and_beauty_supplies|dermatologist|electronics|eye_care_clinic|health_spa|home_health_care|investing|laboratory_testing|massage_therapy|medical_spa|meditation_center|naturopathic_holistic|obstetrician_and_gynecologist|osteopath|shoe_store|shopping|skilled_nursing|surgical_appliances_and_supplies,FALSE
electronics_store,Retail & Shopping,0.442,bart,Necessary,Necessary,"{""Necessary"": 0.025, ""Social"": 0.291, ""Optional"": 0.176}",0.736,0.291,0.176,0,FALSE,4348,"can_tho,da_nang,hanoi,hcmc,pleiku",FALSE,FALSE,FALSE,shopping > specialty_store > electronics_store,Retail & Shopping,reviewed_id_match,electronics,0.994,4098,shopping|mobile_phone_store|computer_store|grocery_store|arts_and_entertainment|catholic_church|computer_hardware_company|construction_services|corporate_office|electric_utility_provider|fashion_accessories_store|home_and_garden|korean_restaurant|party_and_event_planning|photography_store_and_services|professional_services|solar_installation|thrift_store,FALSE
school,Education,1,taxonomy,Necessary,Necessary,"{""Necessary"": 0.003, ""Social"": 0.117, ""Optional"": 0.002}",0.003,0.117,0.002,0,FALSE,4238,"can_tho,da_nang,hanoi,hcmc,pleiku",FALSE,FALSE,FALSE,education > place_of_learning > school,Education,reviewed_same_name,school,0.998,3819,elementary_school|education|preschool|college_university|language_school|high_school|campus_building|professional_services|beauty_salon|bridal_shop|cafe|educational_services|media_news_website|middle_school|nail_salon,FALSE
nail_salon,Beauty & Personal Care,1,taxonomy,Optional,Social|Optional,"{""Necessary"": 0.056, ""Social"": 0.504, ""Optional"": 0.025}",0.848,0.504,0.025,1,TRUE,4233,"can_tho,da_nang,hanoi,hcmc,pleiku",FALSE,FALSE,FALSE,lifestyle_services > personal_or_beauty_service > nail_salon,Beauty & Personal Care,reviewed_same_name,nail_salon,0.999,3892,beauty_salon|spas|clothing_store|makeup_artist|skin_care|womens_clothing_store,FALSE
hospital,Healthcare,1,taxonomy,Necessary,Necessary,"{""Necessary"": 1.0, ""Social"": 0.115, ""Optional"": 0.02}",1,0.115,0.02,0,FALSE,4214,"can_tho,da_nang,hanoi,hcmc,pleiku",FALSE,FALSE,FALSE,health_care > hospital,Healthcare,reviewed_same_name,hospital,0.996,3869,health_and_medical|pharmacy|beauty_salon|medical_center|maternity_centers|dentist|diagnostic_services|medical_service_organizations|cosmetic_dentist|dermatologist|fertility|laboratory_testing|pet_services|plastic_surgeon|post_office|professional_services|spas|veterinarian,FALSE
interior_design,Home & Garden Services,1,taxonomy,Necessary,Necessary,"{""Necessary"": 0.386, ""Social"": 0.924, ""Optional"": 0.668}",0.386,0.924,0.668,0,FALSE,4085,"can_tho,da_nang,hanoi,hcmc,pleiku",FALSE,FALSE,FALSE,services_and_business > home_service > interior_design,Home & Garden Services,reviewed_same_name,interior_design,0.989,3789,furniture_store|architectural_designer|construction_services|professional_services|home_staging|linen|bridal_shop|contractor|engineering_services|hair_salon|hardware_store|home_improvement_store|hotel|masonry_concrete|party_and_event_planning|public_service_and_government|shopping,FALSE
home_goods_store,Retail & Shopping,1,taxonomy,Necessary,Necessary,"{""Necessary"": 0.138, ""Social"": 0.715, ""Optional"": 0.046}",0.736,0.715,0.046,0,FALSE,3955,"can_tho,da_nang,hanoi,hcmc,pleiku",FALSE,FALSE,FALSE,shopping > specialty_store > hardware_home_and_garden_store > home_goods_store,Retail & Shopping,reviewed_same_name,home_goods_store,0.995,3366,shopping|electronics|furniture_store|party_and_event_planning|antique_store|fashion|grocery_store|hardware_store|home_and_garden|home_staging|japanese_restaurant|luggage_store|musical_instrument_store|professional_services|restaurant_equipment_and_supply|shopping_center,FALSE
social_or_community_service,Community & Religion,0.285,bart,Necessary,Necessary,"{""Necessary"": 0.034, ""Social"": 0.982, ""Optional"": 0.275}",0.034,0.982,0.275,0,TRUE,3912,"can_tho,da_nang,hanoi,hcmc,pleiku",FALSE,FALSE,FALSE,community_and_government > social_or_community_service,Community & Religion,reviewed_id_match,community_services_non_profits,0.991,3619,community_center|college_university|professional_services|sports_and_recreation_venue|agricultural_cooperatives|arts_and_entertainment|auto_detailing|campus_building|catholic_church|charity_organization|clothing_store|coffee_shop|diner|education|employment_agencies|fitness_trainer|holiday_rental_home|music_venue|nail_salon|pool_billiards|shopping|software_development|wine_bar,FALSE
automotive_repair,Business & Professional Services,1,taxonomy,Necessary,Necessary,"{""Necessary"": 0.171, ""Social"": 0.08, ""Optional"": 0.004}",0.171,0.08,0.004,0,FALSE,3791,"can_tho,da_nang,hanoi,hcmc,pleiku",FALSE,FALSE,FALSE,travel_and_transportation > vehicle_service > automotive_service > automotive_repair,Automotive & Transport,reviewed_same_name,automotive_repair,0.999,3522,car_dealer|auto_parts_and_supply_store|car_wash|auto_detailing|automotive_services_and_repair|auto_customization|professional_services|auto_manufacturers_and_distributors|car_rental_agency|car_window_tinting|fashion_accessories_store|oil_change_station|shopping|shopping_center|tire_dealer_and_repair|travel_services,FALSE
fast_food_restaurant,Food & Drink,1,taxonomy,Social,Social,"{""Necessary"": 0.003, ""Social"": 0.007, ""Optional"": 0.001}",0.003,0.007,0.001,0,FALSE,3625,"can_tho,da_nang,hanoi,hcmc,pleiku",FALSE,FALSE,FALSE,food_and_drink > casual_eatery > fast_food_restaurant,Food & Drink,reviewed_same_name,fast_food_restaurant,0.996,3269,restaurant|diner|vietnamese_restaurant|bakery|accommodation|bubble_tea|burger_restaurant|chinese_restaurant|coffee_shop|delicatessen|food_beverage_service_distribution|food_delivery_service|korean_restaurant|lebanese_restaurant|seafood_restaurant,FALSE
jewelry_store,Retail & Shopping,1,taxonomy,Necessary,Necessary,"{""Necessary"": 0.018, ""Social"": 0.628, ""Optional"": 0.077}",0.736,0.628,0.077,0,FALSE,3602,"can_tho,da_nang,hanoi,hcmc,pleiku",FALSE,FALSE,FALSE,shopping > fashion_and_apparel_store > jewelry_store,Retail & Shopping,reviewed_same_name,jewelry_store,0.995,3324,jewelry_and_watches_manufacturer|shopping|fashion_accessories_store|clothing_store|construction_services|electronics|shopping_center,FALSE
preschool,Education,1,taxonomy,Necessary,Necessary,"{""Necessary"": 0.801, ""Social"": 0.573, ""Optional"": 0.018}",0.801,0.573,0.018,0,FALSE,3585,"can_tho,da_nang,hanoi,hcmc,pleiku",FALSE,FALSE,FALSE,education > place_of_learning > school > preschool,Education,reviewed_same_name,preschool,1,3314,day_care_preschool|education|elementary_school|school|campus_building|private_school|public_school,FALSE
printing_service,Business & Professional Services,1,taxonomy,Necessary,Necessary,"{""Necessary"": 0.981, ""Social"": 0.859, ""Optional"": 0.268}",0.981,0.859,0.268,0,FALSE,3538,"can_tho,da_nang,hanoi,hcmc,pleiku",FALSE,FALSE,FALSE,services_and_business > printing_service,Business & Professional Services,reviewed_id_match,printing_services,0.999,3239,professional_services|sign_making|screen_printing_t_shirt_printing|party_and_event_planning|advertising_agency|fashion|flowers_and_gifts_shop|graphic_designer|industrial_equipment|it_service_and_computer_repair|preschool|seafood_restaurant,FALSE
gym,Recreation & Sport,1,taxonomy,Social,Social,"{""Necessary"": 0.139, ""Social"": 0.66, ""Optional"": 0.182}",0.139,0.66,0.182,0,FALSE,3535,"can_tho,da_nang,hanoi,hcmc,pleiku",FALSE,FALSE,FALSE,sports_and_recreation > sport_or_fitness_facility > gym,Recreation & Sport,reviewed_same_name,gym,0.994,3299,active_life|gymnastics_center|health_and_wellness_club|fitness_trainer|pilates_studio|spas|dance_school|martial_arts_club|pool_cleaning|real_estate_service|shopping|sports_and_recreation_venue|stadium_arena|vitamins_and_supplements|weight_loss_center|yoga_studio,FALSE
seafood_restaurant,Food & Drink,1,taxonomy,Social,Social,"{""Necessary"": 0.011, ""Social"": 0.236, ""Optional"": 0.006}",0.011,0.236,0.006,1,TRUE,3473,"can_tho,da_nang,hanoi,hcmc,pleiku",FALSE,FALSE,FALSE,food_and_drink > restaurant > seafood_restaurant,Food & Drink,reviewed_same_name,seafood_restaurant,0.992,3204,restaurant|diner|vietnamese_restaurant|fast_food_restaurant|professional_services|asian_restaurant|bakery|butcher_shop|cafe|eat_and_drink|grocery_store|liquor_store|live_and_raw_food_restaurant|pub|tattoo_and_piercing,FALSE
tour_operator,Accommodation & Travel,1,taxonomy,Optional,Optional,"{""Necessary"": 0.016, ""Social"": 0.458, ""Optional"": 0.677}",0.016,0.458,0.677,0,FALSE,3394,"can_tho,da_nang,hanoi,hcmc,pleiku",FALSE,FALSE,FALSE,travel_and_transportation > travel_service > tour_operator,Accommodation & Travel,reviewed_id_match,tours,0.991,3088,travel_services|hotel|airline|party_and_event_planning|travel_company|car_dealer|chinese_restaurant|night_market|shopping|sightseeing_tour_agency,FALSE
industrial_equipment_manufacturer,Business & Professional Services,1,taxonomy,Necessary,Necessary,"{""Necessary"": 0.061, ""Social"": 0.039, ""Optional"": 0.008}",0.061,0.039,0.008,0,FALSE,3350,"can_tho,da_nang,hanoi,hcmc,pleiku",FALSE,FALSE,FALSE,services_and_business > b2b_service > manufacturer > machinery_and_tool_manufacturer > industrial_equipment_manufacturer,Business & Professional Services,reviewed_id_match,industrial_equipment,0.998,3112,shopping|contractor|professional_services|elevator_service|hardware_store|industrial_company|party_and_event_planning|restaurant|surgical_appliances_and_supplies,FALSE
college_university,Education,1,taxonomy,Necessary,Necessary,"{""Necessary"": 0.606, ""Social"": 0.43, ""Optional"": 0.164}",0.606,0.43,0.164,0,FALSE,3337,"can_tho,da_nang,hanoi,hcmc,pleiku",FALSE,FALSE,FALSE,education > place_of_learning > college_university,Education,reviewed_same_name,college_university,0.998,2932,education|school|campus_building|community_services_non_profits|educational_services|elementary_school|accountant|appliance_manufacturer|language_school|uniform_store,FALSE
lodging,Accommodation & Travel,0.259,bart,Social,Social|Necessary,"{""Necessary"": 0.667, ""Social"": 0.938, ""Optional"": 0.223}",0.667,0.938,0.223,0,FALSE,3171,"can_tho,da_nang,hanoi,hcmc,pleiku",FALSE,FALSE,FALSE,lodging,Accommodation & Travel,reviewed_id_match,accommodation,0.982,2960,hotel|holiday_rental_home|landmark_and_historical_building|restaurant|commercial_real_estate|hostel|inn|party_and_event_planning|professional_services|bed_and_breakfast|buddhist_temple|clothing_store|fashion|hotel_supply_service|resort|service_apartments|shopping|shopping_center|travel_services,FALSE
arts_and_entertainment,Culture & Arts,1,taxonomy,Optional,Optional,"{""Necessary"": 0.0, ""Social"": 0.041, ""Optional"": 0.945}",0,0.041,0.945,0,FALSE,3169,"can_tho,da_nang,hanoi,hcmc,pleiku",FALSE,FALSE,FALSE,arts_and_entertainment,Culture & Arts,reviewed_same_name,arts_and_entertainment,0.993,2815,dance_school|shopping|amusement_park|art_gallery|art_school|broadcasting_media_production|education|flowers_and_gifts_shop|holiday_rental_home|music_venue|musical_instrument_store|party_and_event_planning|pool_billiards|professional_services|religious_organization|smoothie_juice_bar|yoga_studio,FALSE
food_and_drink,Food & Drink,0.24,bart,Social,Social,"{""Necessary"": 0.052, ""Social"": 0.962, ""Optional"": 0.008}",0.052,0.962,0.008,1,TRUE,3036,"can_tho,da_nang,hanoi,hcmc,pleiku",FALSE,FALSE,FALSE,food_and_drink,Food & Drink,reviewed_id_match,eat_and_drink,0.996,2776,coffee_shop|restaurant|diner|tea_room|vietnamese_restaurant|asian_restaurant|bakery|chinese_restaurant|food_truck|health_food_store|advertising_agency|business_manufacturing_and_supply|cafe|convenience_store|food_delivery_service|gastropub|grocery_store|ice_cream_shop|professional_services,FALSE
tattoo_and_piercing,Beauty & Personal Care,1,taxonomy,Optional,Social|Optional,"{""Necessary"": 0.003, ""Social"": 0.049, ""Optional"": 0.002}",0.848,0.049,0.002,0,FALSE,3032,"can_tho,da_nang,hanoi,hcmc,pleiku",FALSE,FALSE,FALSE,lifestyle_services > personal_or_beauty_service > body_modification > tattoo_and_piercing,Beauty & Personal Care,reviewed_same_name,tattoo_and_piercing,0.999,2833,spas|beauty_salon|arts_and_entertainment|beauty_product_supplier|boutique|dance_club|hair_salon,FALSE
childrens_clothing_store,Retail & Shopping,1,taxonomy,Necessary,Necessary,"{""Necessary"": 0.016, ""Social"": 0.495, ""Optional"": 0.025}",0.736,0.495,0.025,0,FALSE,3015,"can_tho,da_nang,hanoi,hcmc,pleiku",FALSE,FALSE,FALSE,shopping > fashion_and_apparel_store > clothing_store > childrens_clothing_store,Retail & Shopping,reviewed_same_name,childrens_clothing_store,0.997,2794,clothing_store|shopping|fashion|fashion_accessories_store|convenience_store|eat_and_drink|jewelry_store|womens_clothing_store,FALSE
auto_parts_store,Business & Professional Services,0.587,bart,Necessary,Necessary,"{""Necessary"": 0.086, ""Social"": 0.01, ""Optional"": 0.002}",0.086,0.01,0.002,0,FALSE,2830,"can_tho,da_nang,hanoi,hcmc,pleiku",FALSE,FALSE,FALSE,shopping > specialty_store > vehicle_parts_store > auto_parts_store,Retail & Shopping,reviewed_id_match,auto_parts_and_supply_store,0.998,2607,automotive_repair|car_dealer|motorcycle_repair|auto_customization|fashion_accessories_store|auto_body_shop|auto_detailing|automotive_services_and_repair|car_wash|fast_food_restaurant|shopping|tire_dealer_and_repair,FALSE
language_school,Education,1,taxonomy,Necessary,Necessary,"{""Necessary"": 0.809, ""Social"": 0.786, ""Optional"": 0.016}",0.809,0.786,0.016,0,FALSE,2778,"can_tho,da_nang,hanoi,hcmc,pleiku",FALSE,FALSE,FALSE,education > place_of_learning > specialty_school > language_school,Education,reviewed_same_name,language_school,0.999,2607,education|school|educational_services|mattress_store|music_venue,FALSE
computer_store,Retail & Shopping,1,taxonomy,Necessary,Necessary,"{""Necessary"": 0.119, ""Social"": 0.469, ""Optional"": 0.255}",0.736,0.469,0.255,0,FALSE,2708,"can_tho,da_nang,hanoi,hcmc,pleiku",FALSE,FALSE,FALSE,shopping > specialty_store > electronics_store > computer_store,Retail & Shopping,reviewed_same_name,computer_store,0.992,2535,electronics|mobile_phone_store|computer_hardware_company|it_service_and_computer_repair|professional_services|shopping|arts_and_entertainment|b2b_science_and_technology|cosmetic_and_beauty_supplies|home_goods_store|home_security|information_technology_company|party_and_event_planning|photography_store_and_services|software_development,FALSE
government_office,Civic & Government,0.68,bart,Necessary,Necessary,"{""Necessary"": 1.0, ""Social"": 0.11, ""Optional"": 0.11}",1,0.11,0.11,0,FALSE,2688,"can_tho,da_nang,hanoi,hcmc,pleiku",FALSE,FALSE,FALSE,community_and_government > government_office,Civic & Government,reviewed_id_match,central_government_office,0.994,2528,community_services_non_profits|accommodation|art_gallery|community_center|courthouse|education|financial_service|landmark_and_historical_building|police_department|post_office|restaurant|senior_citizen_services|spas|tours,FALSE
warehouse_club_store,Retail & Shopping,1,taxonomy,Necessary,Necessary,"{""Necessary"": 0.217, ""Social"": 0.453, ""Optional"": 0.036}",0.736,0.453,0.036,0,FALSE,2656,"can_tho,da_nang,hanoi,hcmc,pleiku",FALSE,FALSE,FALSE,shopping > warehouse_club_store,Daily Needs & Grocery,reviewed_id_match,wholesale_store,0.989,2470,shopping|grocery_store|real_estate_service|spas|barbecue_restaurant|building_supply_store|business_manufacturing_and_supply|church_cathedral|fast_food_restaurant|fish_farm|flowers_and_gifts_shop|health_and_medical|home_cleaning|home_security|hvac_services|information_technology_company|motorcycle_repair|printing_services|sewing_and_alterations,FALSE
health_food_store,Daily Needs & Grocery,1,taxonomy,Necessary,Necessary,"{""Necessary"": 0.434, ""Social"": 0.478, ""Optional"": 0.003}",0.434,0.478,0.003,0,FALSE,2617,"can_tho,da_nang,hanoi,hcmc,pleiku",FALSE,FALSE,FALSE,shopping > food_and_beverage_store > health_food_store,Daily Needs & Grocery,reviewed_same_name,health_food_store,0.992,2384,grocery_store|eat_and_drink|food|business_manufacturing_and_supply|butcher_shop|flea_market|food_beverage_service_distribution|food_truck|fruits_and_vegetables|furniture_store|pharmacy|restaurant|shopping|vitamins_and_supplements,FALSE
buddhist_place_of_worship,Community & Religion,0.858,bart,Social,Social,"{""Necessary"": 0.01, ""Social"": 0.346, ""Optional"": 0.056}",0.01,0.346,0.056,1,TRUE,2599,"can_tho,da_nang,hanoi,hcmc,pleiku",FALSE,FALSE,FALSE,cultural_and_historic > place_of_worship > buddhist_place_of_worship,Community & Religion,reviewed_id_match,buddhist_temple,0.997,2437,religious_organization|landmark_and_historical_building|construction_services|funeral_services_and_cemeteries|library|museum|party_and_event_planning,FALSE
travel_and_transportation,Automotive & Transport,0.424,bart,Necessary,Necessary,"{""Necessary"": 0.877, ""Social"": 0.224, ""Optional"": 0.008}",0.877,0.224,0.008,0,FALSE,2591,"can_tho,da_nang,hanoi,hcmc,pleiku",FALSE,FALSE,FALSE,travel_and_transportation,Automotive & Transport,reviewed_id_match,transportation,0.993,2382,freight_and_cargo_service|travel_services|boat_tours|bus_station|college_university|ferry_boat_company|movers|parking|party_and_event_planning|professional_services|shipping_center|storage_facility,FALSE
bar,Food & Drink,1,taxonomy,Social,Social|Optional,"{""Necessary"": 0.17, ""Social"": 0.943, ""Optional"": 0.64}",0.17,0.943,0.64,1,TRUE,2590,"can_tho,da_nang,hanoi,hcmc,pleiku",FALSE,FALSE,FALSE,food_and_drink > alcoholic_beverage_venue > bar,Food & Drink,reviewed_same_name,bar,0.988,2408,dance_club|party_and_event_planning|restaurant|coffee_shop|eat_and_drink|japanese_restaurant|karaoke|lounge|beer_bar|boutique|cafe|cocktail_bar|fashion|hookah_bar|hotel_bar|liquor_store|pizza_restaurant|pub|sports_bar|vietnamese_restaurant,FALSE
bank_or_credit_union,Business & Professional Services,1,taxonomy,Necessary,Necessary,"{""Necessary"": 0.975, ""Social"": 0.833, ""Optional"": 0.343}",0.975,0.833,0.343,0,FALSE,2557,"can_tho,da_nang,hanoi,hcmc,pleiku",FALSE,FALSE,FALSE,services_and_business > financial_service > bank_or_credit_union,Business & Professional Services,reviewed_id_match,bank_credit_union,1,2352,banks|atms|party_and_event_planning|credit_union|financial_service|river,FALSE
health_spa,Beauty & Personal Care,1,taxonomy,Optional,Social|Optional,"{""Necessary"": 0.065, ""Social"": 0.546, ""Optional"": 0.035}",0.848,0.546,0.035,0,FALSE,2550,"can_tho,da_nang,hanoi,hcmc,pleiku",FALSE,FALSE,FALSE,lifestyle_services > wellness_service > spa > health_spa,Beauty & Personal Care,reviewed_same_name,health_spa,0.998,2274,spas|beauty_salon|cosmetic_and_beauty_supplies|day_spa|health_and_medical|landmark_and_historical_building|media_news_company|nail_salon|physical_therapy|pilates_studio,FALSE
dental_clinic,Healthcare,1,taxonomy,Necessary,Necessary,"{""Necessary"": 0.17, ""Social"": 0.017, ""Optional"": 0.004}",0.17,0.017,0.004,0,FALSE,2525,"can_tho,da_nang,hanoi,hcmc,pleiku",FALSE,FALSE,FALSE,health_care > outpatient_care_facility > dental_clinic,Healthcare,reviewed_id_match,dentist,0.999,2352,cosmetic_dentist|hospital|health_and_medical|diagnostic_services|medical_service_organizations|orthodontist|prosthodontist|spas|vietnamese_restaurant,FALSE
shopping_mall,Retail & Shopping,1,taxonomy,Social,Social|Necessary|Optional,"{""Necessary"": 0.736, ""Social"": 0.002, ""Optional"": 0.001}",0.736,0.002,0.001,1,TRUE,2440,"can_tho,da_nang,hanoi,hcmc,pleiku",FALSE,FALSE,FALSE,shopping > shopping_mall,Retail & Shopping,reviewed_id_match,shopping_center,0.991,2233,shopping|grocery_store|party_and_event_planning|car_dealer|clothing_store|home_goods_store|lingerie_store|naturopathic_holistic|printing_services|school,FALSE
freight_and_cargo_service,Business & Professional Services,1,taxonomy,Necessary,Necessary,"{""Necessary"": 0.208, ""Social"": 0.108, ""Optional"": 0.003}",0.208,0.108,0.003,0,FALSE,2357,"can_tho,da_nang,hanoi,hcmc,pleiku",FALSE,FALSE,FALSE,services_and_business > b2b_service > b2b_transportation_and_storage_service > freight_and_cargo_service,Business & Professional Services,reviewed_same_name,freight_and_cargo_service,0.997,2145,transportation|party_and_event_planning|professional_services|shipping_center|car_rental_agency|hardware_store|shopping,FALSE
architectural_designer,Business & Professional Services,1,taxonomy,Necessary,Necessary,"{""Necessary"": 0.929, ""Social"": 0.857, ""Optional"": 0.578}",0.929,0.857,0.578,0,FALSE,2286,"can_tho,da_nang,hanoi,hcmc,pleiku",FALSE,FALSE,FALSE,services_and_business > design_service > architectural_designer,Business & Professional Services,reviewed_same_name,architectural_designer,0.996,2123,construction_services|interior_design|professional_services|art_school|department_store|engineering_services|freight_and_cargo_service|furniture_store|home_improvement_store|lighting_store|party_and_event_planning|wholesale_store,FALSE
tea_room,Food & Drink,1,taxonomy,Social,Social,"{""Necessary"": 0.025, ""Social"": 0.912, ""Optional"": 0.263}",0.025,0.912,0.263,1,TRUE,2240,"can_tho,da_nang,hanoi,hcmc,pleiku",FALSE,FALSE,FALSE,food_and_drink > non_alcoholic_beverage_venue > tea_room,Food & Drink,reviewed_same_name,tea_room,0.993,2092,cafe|bubble_tea|coffee_shop|restaurant|art_gallery|bar|eat_and_drink|grocery_store|health_spa|sports_and_recreation_venue|weight_loss_center|yoga_studio,FALSE
building_supply_store,Retail & Shopping,1,taxonomy,Necessary,Necessary,"{""Necessary"": 0.072, ""Social"": 0.013, ""Optional"": 0.002}",0.736,0.013,0.002,0,FALSE,2236,"can_tho,da_nang,hanoi,hcmc,pleiku",FALSE,FALSE,FALSE,shopping > specialty_store > hardware_home_and_garden_store > building_supply_store,Retail & Shopping,reviewed_same_name,building_supply_store,0.989,2091,shopping|hardware_store|party_and_event_planning|professional_services|home_staging|auto_detailing|construction_services|painting|taxi_service|wholesale_store,FALSE
karaoke_venue,Accommodation & Travel,0.1,bart,Social,Social,"{""Necessary"": 0.002, ""Social"": 0.429, ""Optional"": 0.01}",0.002,0.429,0.01,1,TRUE,2205,"can_tho,da_nang,hanoi,hcmc,pleiku",FALSE,FALSE,FALSE,arts_and_entertainment > performing_arts_venue > music_venue > karaoke_venue,Culture & Arts,reviewed_id_match,karaoke,0.996,2008,bar|arts_and_entertainment|cocktail_bar|diner|music_production|shopping|theatre,FALSE
motorcycle_repair,Business & Professional Services,1,taxonomy,Necessary,Necessary,"{""Necessary"": 0.743, ""Social"": 0.603, ""Optional"": 0.168}",0.743,0.603,0.168,0,FALSE,2180,"can_tho,da_nang,hanoi,hcmc,pleiku",FALSE,FALSE,FALSE,travel_and_transportation > vehicle_service > motorcycle_service > motorcycle_repair,Automotive & Transport,reviewed_same_name,motorcycle_repair,0.998,2034,motorcycle_dealer|auto_parts_and_supply_store|automotive_repair|professional_services|appliance_repair_service|bicycle_shop|business_manufacturing_and_supply|car_dealer|fashion_accessories_store|oil_change_station|shopping,FALSE
software_development,Business & Professional Services,1,taxonomy,Necessary,Necessary,"{""Necessary"": 0.725, ""Social"": 0.402, ""Optional"": 0.146}",0.725,0.402,0.146,0,FALSE,2157,"can_tho,da_nang,hanoi,hcmc,pleiku",FALSE,FALSE,FALSE,services_and_business > technical_service > software_development,Business & Professional Services,reviewed_same_name,software_development,0.998,1982,information_technology_company|professional_services|accountant|beauty_salon|computer_hardware_company|environmental_and_ecological_services_for_businesses|hospital|marketing_agency|marketing_consultant|mobile_phone_store|party_and_event_planning|shopping,FALSE
manufacturer,Business & Professional Services,1,taxonomy,Necessary,Necessary,"{""Necessary"": 0.019, ""Social"": 0.005, ""Optional"": 0.0}",0.019,0.005,0,0,FALSE,2120,"can_tho,da_nang,hanoi,hcmc,pleiku",FALSE,FALSE,FALSE,services_and_business > b2b_service > manufacturer,Business & Professional Services,reviewed_id_match,business_manufacturing_and_supply,0.996,2020,b2b_science_and_technology|metal_fabricator|professional_services|shopping|arts_and_entertainment|b2b_electronic_equipment|building_supply_store|cafe|church_cathedral|freight_and_cargo_service|grocery_store|industrial_equipment|jewelry_and_watches_manufacturer|party_and_event_planning|printing_services|storage_facility|wholesale_store,FALSE
mens_clothing_store,Retail & Shopping,1,taxonomy,Necessary,Necessary,"{""Necessary"": 0.032, ""Social"": 0.349, ""Optional"": 0.023}",0.736,0.349,0.023,0,FALSE,2035,"can_tho,da_nang,hanoi,hcmc,pleiku",FALSE,FALSE,FALSE,shopping > fashion_and_apparel_store > clothing_store > mens_clothing_store,Retail & Shopping,reviewed_same_name,mens_clothing_store,0.991,1856,clothing_store|fashion|shopping|fashion_accessories_store|professional_services|shopping_center|womens_clothing_store|arts_and_crafts|clothing_company|gym|restaurant|shoe_store|sporting_goods|sports_wear,FALSE
advertising_agency,Business & Professional Services,1,taxonomy,Necessary,Necessary,"{""Necessary"": 0.746, ""Social"": 0.481, ""Optional"": 0.492}",0.746,0.481,0.492,0,FALSE,1915,"can_tho,da_nang,hanoi,hcmc,pleiku",FALSE,FALSE,FALSE,services_and_business > professional_service > advertising_agency,Business & Professional Services,reviewed_same_name,advertising_agency,0.998,1773,marketing_agency|party_and_event_planning|professional_services|fabric_store|interior_design|makeup_artist|media_agency|public_relations,FALSE
convenience_store,Daily Needs & Grocery,1,taxonomy,Necessary,Social|Necessary,"{""Necessary"": 0.657, ""Social"": 0.02, ""Optional"": 0.001}",0.657,0.02,0.001,1,TRUE,1853,"can_tho,da_nang,hanoi,hcmc,pleiku",FALSE,FALSE,FALSE,shopping > convenience_store,Daily Needs & Grocery,reviewed_same_name,convenience_store,0.992,1696,grocery_store|shopping|superstore|bookstore|childrens_clothing_store|coffee_shop|party_and_event_planning|professional_services|womens_clothing_store,FALSE
educational_service,Education,1,taxonomy,Necessary,Necessary,"{""Necessary"": 0.03, ""Social"": 0.01, ""Optional"": 0.0}",0.03,0.01,0,0,FALSE,1781,"can_tho,da_nang,hanoi,hcmc,pleiku",FALSE,FALSE,FALSE,education > educational_service,Education,reviewed_id_match,educational_services,0.998,1598,education|college_university|professional_services|campus_building|labor_union|language_school|school|tutoring_center,FALSE
appliance_repair_service,Home & Garden Services,1,taxonomy,Necessary,Necessary,"{""Necessary"": 0.059, ""Social"": 0.431, ""Optional"": 0.003}",0.059,0.431,0.003,0,FALSE,1754,"can_tho,da_nang,hanoi,hcmc,pleiku",FALSE,FALSE,FALSE,services_and_business > home_service > appliance_repair_service,Home & Garden Services,reviewed_same_name,appliance_repair_service,0.995,1580,professional_services|appliance_store|commercial_refrigeration|computer_store|contractor|hvac_services|shopping|tv_mounting,FALSE
motorcycle_dealer,Business & Professional Services,1,taxonomy,Necessary,Necessary,"{""Necessary"": 0.928, ""Social"": 0.784, ""Optional"": 0.613}",0.928,0.784,0.613,0,FALSE,1754,"can_tho,da_nang,hanoi,hcmc,pleiku",FALSE,FALSE,FALSE,shopping > vehicle_dealer > motorcycle_dealer,Automotive & Transport,reviewed_same_name,motorcycle_dealer,0.999,1615,motorcycle_repair|automotive_services_and_repair|car_dealer|clothing_company|hat_shop|wholesale_store,FALSE
bridal_shop,Retail & Shopping,1,taxonomy,Necessary,Necessary,"{""Necessary"": 0.169, ""Social"": 0.9, ""Optional"": 0.401}",0.736,0.9,0.401,0,FALSE,1732,"can_tho,da_nang,hanoi,hcmc,pleiku",FALSE,FALSE,FALSE,shopping > fashion_and_apparel_store > clothing_store > bridal_shop,Retail & Shopping,reviewed_same_name,bridal_shop,0.994,1623,professional_services|clothing_store|fashion|nail_salon|printing_services|spas|womens_clothing_store,FALSE
sports_and_recreation,Recreation & Sport,0.227,bart,Social,Social|Necessary|Optional,"{""Necessary"": 0.96, ""Social"": 0.985, ""Optional"": 0.934}",0.96,0.985,0.934,1,TRUE,1685,"can_tho,da_nang,hanoi,hcmc,pleiku",FALSE,FALSE,FALSE,sports_and_recreation,Recreation & Sport,reviewed_id_match,active_life,0.978,1486,gym|art_school|pool_billiards|swimming_pool|adult_entertainment|cafe|clothing_store|education|fitness_trainer|health_and_medical|karaoke|party_and_event_planning|physical_therapy|playground|soccer_field|specialty_foods|sporting_goods|sports_and_recreation_venue|travel_services|yoga_studio,FALSE
animal_or_pet_service,Pet Services,0.164,bart,Necessary,Necessary,"{""Necessary"": 0.233, ""Social"": 0.877, ""Optional"": 0.426}",0.233,0.877,0.426,0,FALSE,1658,"can_tho,da_nang,hanoi,hcmc,pleiku",FALSE,FALSE,FALSE,lifestyle_services > animal_or_pet_service,Pet Services,reviewed_id_match,pet_services,0.997,1534,pet_sitting|pet_store|veterinarian|clothing_store|shopping,FALSE
it_service_and_computer_repair,Business & Professional Services,1,taxonomy,Necessary,Necessary,"{""Necessary"": 0.093, ""Social"": 0.062, ""Optional"": 0.001}",0.093,0.062,0.001,0,FALSE,1639,"can_tho,da_nang,hanoi,hcmc,pleiku",FALSE,FALSE,FALSE,services_and_business > technical_service > it_service_and_computer_repair,Business & Professional Services,reviewed_same_name,it_service_and_computer_repair,0.993,1533,computer_store|professional_services|computer_coaching|computer_hardware_company|language_school|mobile_phone_store,FALSE
chinese_restaurant,Food & Drink,1,taxonomy,Social,Social,"{""Necessary"": 0.019, ""Social"": 0.441, ""Optional"": 0.017}",0.019,0.441,0.017,1,TRUE,1632,"can_tho,da_nang,hanoi,hcmc,pleiku",FALSE,FALSE,FALSE,food_and_drink > restaurant > asian_restaurant > east_asian_restaurant > chinese_restaurant,Food & Drink,reviewed_same_name,chinese_restaurant,0.983,1500,restaurant|diner|barbecue_restaurant|butcher_shop|chicken_restaurant|fast_food_restaurant|party_and_event_planning|vietnamese_restaurant,FALSE
food_and_beverage_store,Food & Drink,0.254,bart,Social,Social,"{""Necessary"": 0.132, ""Social"": 0.332, ""Optional"": 0.015}",0.132,0.332,0.015,0,FALSE,1615,"can_tho,da_nang,hanoi,hcmc,pleiku",FALSE,FALSE,FALSE,shopping > food_and_beverage_store,Daily Needs & Grocery,reviewed_id_match,food,0.995,1436,food_beverage_service_distribution|grocery_store|bakery|business_manufacturing_and_supply|butcher_shop|farm|food_truck|health_food_store|professional_services|specialty_foods|vietnamese_restaurant,FALSE
arts_crafts_and_hobby_store,Retail & Shopping,0.441,bart,Optional,Optional,"{""Necessary"": 0.001, ""Social"": 0.501, ""Optional"": 0.128}",0.001,0.501,0.128,0,FALSE,1607,"can_tho,da_nang,hanoi,hcmc,pleiku",FALSE,FALSE,FALSE,shopping > specialty_store > arts_crafts_and_hobby_store,Retail & Shopping,reviewed_id_match,arts_and_crafts,0.993,1474,shopping|flowers_and_gifts_shop|clothing_store|fabric_store|fashion_accessories_store|home_and_garden|home_goods_store|wholesale_store,FALSE
home_staging,Business & Professional Services,1,taxonomy,Necessary,Necessary,"{""Necessary"": 0.961, ""Social"": 0.832, ""Optional"": 0.416}",0.961,0.832,0.416,0,FALSE,1594,"can_tho,da_nang,hanoi,hcmc,pleiku",FALSE,FALSE,FALSE,services_and_business > real_estate_service > home_staging,Business & Professional Services,reviewed_same_name,home_staging,0.994,1460,furniture_store|shopping|home_improvement_store|interior_design|linen|playground,FALSE
korean_restaurant,Food & Drink,1,taxonomy,Social,Social,"{""Necessary"": 0.032, ""Social"": 0.611, ""Optional"": 0.024}",0.032,0.611,0.024,1,TRUE,1572,"can_tho,da_nang,hanoi,hcmc,pleiku",FALSE,FALSE,FALSE,food_and_drink > restaurant > asian_restaurant > east_asian_restaurant > korean_restaurant,Food & Drink,reviewed_same_name,korean_restaurant,0.994,1462,restaurant|diner|college_university|cosmetic_and_beauty_supplies|fast_food_restaurant|japanese_restaurant|vietnamese_restaurant,FALSE
information_technology_company,Business & Professional Services,1,taxonomy,Necessary,Necessary,"{""Necessary"": 0.84, ""Social"": 0.621, ""Optional"": 0.225}",0.84,0.621,0.225,0,FALSE,1569,"can_tho,da_nang,hanoi,hcmc,pleiku",FALSE,FALSE,FALSE,services_and_business > corporate_or_business_office > information_technology_company,Business & Professional Services,reviewed_same_name,information_technology_company,0.996,1441,software_development|campus_building|computer_coaching|computer_hardware_company|computer_store|electronics|engineering_services|media_agency|school|social_media_company|spas|telecommunications_company|web_designer,FALSE
christian_place_of_worship,Community & Religion,0.75,bart,Social,Social,"{""Necessary"": 0.018, ""Social"": 0.688, ""Optional"": 0.088}",0.018,0.688,0.088,1,TRUE,1551,"can_tho,da_nang,hanoi,hcmc,pleiku",FALSE,FALSE,FALSE,cultural_and_historic > place_of_worship > christian_place_of_worship,Community & Religion,reviewed_id_match,church_cathedral,0.997,1464,catholic_church|landmark_and_historical_building|religious_organization|buddhist_temple|pentecostal_church|museum|park,FALSE
food_beverage_distributor,Food & Drink,0.484,bart,Social,Social,"{""Necessary"": 0.135, ""Social"": 0.279, ""Optional"": 0.007}",0.135,0.279,0.007,0,FALSE,1547,"can_tho,da_nang,hanoi,hcmc,pleiku",FALSE,FALSE,FALSE,services_and_business > b2b_service > supplier_or_distributor > food_beverage_distributor,Business & Professional Services,reviewed_id_match,food_beverage_service_distribution,0.996,1423,business_manufacturing_and_supply|eat_and_drink|convenience_store|food_truck|freight_and_cargo_service|shopping|vegetarian_restaurant,FALSE
financial_service,Business & Professional Services,1,taxonomy,Necessary,Necessary,"{""Necessary"": 0.962, ""Social"": 0.743, ""Optional"": 0.092}",0.962,0.743,0.092,0,FALSE,1506,"can_tho,da_nang,hanoi,hcmc,pleiku",FALSE,FALSE,FALSE,services_and_business > financial_service,Business & Professional Services,reviewed_same_name,financial_service,0.997,1323,financial_advising|accountant|party_and_event_planning|pawn_shop|banks|credit_and_debt_counseling|grocery_store|installment_loans|marketing_consultant|professional_services|restaurant,FALSE
cosmetic_dentistry,Healthcare,1,taxonomy,Necessary,Necessary,"{""Necessary"": 0.087, ""Social"": 0.302, ""Optional"": 0.008}",0.087,0.302,0.008,0,FALSE,1505,"can_tho,da_nang,hanoi,hcmc,pleiku",FALSE,FALSE,FALSE,health_care > outpatient_care_facility > dental_clinic > cosmetic_dentistry,Healthcare,reviewed_id_match,cosmetic_dentist,0.999,1391,dentist|beauty_salon|coffee_shop,FALSE
campus_building,Education,1,taxonomy,Necessary,Necessary,"{""Necessary"": 0.84, ""Social"": 0.659, ""Optional"": 0.213}",0.84,0.659,0.213,0,FALSE,1500,"can_tho,da_nang,hanoi,hcmc,pleiku",FALSE,FALSE,FALSE,education > educational_facility > campus_building,Education,reviewed_same_name,campus_building,0.999,1403,education|college_university|day_care_preschool|language_school|school|dance_school|educational_research_institute|educational_services|elementary_school|specialty_school|transportation,FALSE
asian_restaurant,Food & Drink,1,taxonomy,Social,Social,"{""Necessary"": 0.027, ""Social"": 0.626, ""Optional"": 0.047}",0.027,0.626,0.047,1,TRUE,1500,"can_tho,da_nang,hanoi,hcmc,pleiku",FALSE,FALSE,FALSE,food_and_drink > restaurant > asian_restaurant,Food & Drink,reviewed_same_name,asian_restaurant,0.985,1367,restaurant|vietnamese_restaurant|korean_restaurant|chinese_restaurant|clothing_store|diner|eat_and_drink|japanese_restaurant|linen|night_market|singaporean_restaurant,FALSE
bookstore,Retail & Shopping,1,taxonomy,Necessary,Necessary|Optional,"{""Necessary"": 0.02, ""Social"": 0.138, ""Optional"": 0.038}",0.736,0.138,0.038,1,TRUE,1494,"can_tho,da_nang,hanoi,hcmc,pleiku",FALSE,FALSE,FALSE,shopping > specialty_store > books_music_and_video_store > bookstore,Retail & Shopping,reviewed_same_name,bookstore,0.994,1374,shopping|book_magazine_distribution|comic_books_store|print_media|restaurant,FALSE
attorney_or_law_firm,Business & Professional Services,1,taxonomy,Necessary,Necessary,"{""Necessary"": 0.91, ""Social"": 0.89, ""Optional"": 0.586}",0.91,0.89,0.586,0,FALSE,1475,"can_tho,da_nang,hanoi,hcmc,pleiku",FALSE,FALSE,FALSE,services_and_business > legal_service > attorney_or_law_firm,Business & Professional Services,reviewed_id_match,lawyer,0.999,1367,legal_services|party_and_event_planning|business_management_services|criminal_defense_law|divorce_and_family_law|landmark_and_historical_building,FALSE
sporting_goods_store,Retail & Shopping,0.455,bart,Necessary,Necessary,"{""Necessary"": 0.335, ""Social"": 0.681, ""Optional"": 0.85}",0.736,0.681,0.85,0,FALSE,1464,"can_tho,da_nang,hanoi,hcmc,pleiku",FALSE,FALSE,FALSE,shopping > specialty_store > sporting_goods_store,Retail & Shopping,reviewed_id_match,sporting_goods,0.986,1356,active_life|shoe_store|shopping|spas|sports_wear|clothing_store|fashion|fashion_accessories_store|yoga_studio,FALSE
japanese_restaurant,Food & Drink,1,taxonomy,Social,Social,"{""Necessary"": 0.022, ""Social"": 0.452, ""Optional"": 0.022}",0.022,0.452,0.022,1,TRUE,1445,"can_tho,da_nang,hanoi,hcmc,pleiku",FALSE,FALSE,FALSE,food_and_drink > restaurant > asian_restaurant > east_asian_restaurant > japanese_restaurant,Food & Drink,reviewed_same_name,japanese_restaurant,0.988,1344,restaurant|sushi_restaurant|arts_and_crafts|barbecue_restaurant|cosmetic_and_beauty_supplies|diner|shopping,FALSE
toy_store,Retail & Shopping,1,taxonomy,Necessary,Necessary,"{""Necessary"": 0.019, ""Social"": 0.442, ""Optional"": 0.111}",0.736,0.442,0.111,0,FALSE,1438,"can_tho,da_nang,hanoi,hcmc,pleiku",FALSE,FALSE,FALSE,shopping > specialty_store > toys_and_games_store > toy_store,Retail & Shopping,reviewed_same_name,toy_store,0.995,1342,shopping|arts_and_entertainment|auto_detailing|electrician|elementary_school|fashion_accessories_store|industrial_equipment,FALSE
home_cleaning,Home & Garden Services,1,taxonomy,Necessary,Necessary,"{""Necessary"": 0.21, ""Social"": 0.297, ""Optional"": 0.018}",0.21,0.297,0.018,0,FALSE,1403,"can_tho,da_nang,hanoi,hcmc,pleiku",FALSE,FALSE,FALSE,services_and_business > home_service > home_cleaning,Home & Garden Services,reviewed_same_name,home_cleaning,0.996,1223,dry_cleaning|engineering_services|grocery_store|internet_marketing_service|professional_services|water_supplier,FALSE
religious_organization,Community & Religion,1,taxonomy,Necessary,Necessary,"{""Necessary"": 0.009, ""Social"": 0.181, ""Optional"": 0.003}",0.009,0.181,0.003,0,FALSE,1398,"can_tho,da_nang,hanoi,hcmc,pleiku",FALSE,FALSE,FALSE,cultural_and_historic > religious_organization,Community & Religion,reviewed_same_name,religious_organization,0.999,1305,buddhist_temple|church_cathedral|community_center,FALSE
home_improvement_store,Retail & Shopping,1,taxonomy,Necessary,Necessary,"{""Necessary"": 0.031, ""Social"": 0.145, ""Optional"": 0.005}",0.736,0.145,0.005,0,FALSE,1371,"can_tho,da_nang,hanoi,hcmc,pleiku",FALSE,FALSE,FALSE,shopping > specialty_store > hardware_home_and_garden_store > home_improvement_store,Retail & Shopping,reviewed_same_name,home_improvement_store,0.995,1239,construction_services|shopping|building_supply_store|home_staging,FALSE
ice_cream_shop,Food & Drink,1,taxonomy,Social,Social,"{""Necessary"": 0.022, ""Social"": 0.792, ""Optional"": 0.011}",0.022,0.792,0.011,0,FALSE,1350,"can_tho,da_nang,hanoi,hcmc,pleiku",FALSE,FALSE,FALSE,food_and_drink > casual_eatery > dessert_shop > ice_cream_shop,Food & Drink,reviewed_same_name,ice_cream_shop,0.998,1257,coffee_shop|fast_food_restaurant|restaurant|cafe|shopping|vietnamese_restaurant,FALSE
sport_or_fitness_facility,Recreation & Sport,1,taxonomy,Optional,Optional|Social,"{""Necessary"": 0.005, ""Social"": 0.845, ""Optional"": 0.856}",0.005,0.845,0.856,0,FALSE,1347,"can_tho,da_nang,hanoi,hcmc,pleiku",FALSE,FALSE,FALSE,sports_and_recreation > sport_or_fitness_facility,Recreation & Sport,reviewed_id_match,sports_and_recreation_venue,0.987,1234,gym|stadium_arena|active_life|amusement_park|arcade|arts_and_crafts|badminton_court|life_coach|party_and_event_planning|restaurant|soccer_field|tea_room|vitamins_and_supplements|wholesale_store,FALSE
food_truck_stand,Food & Drink,1,taxonomy,Social,Social,"{""Necessary"": 0.443, ""Social"": 0.905, ""Optional"": 0.362}",0.443,0.905,0.362,1,TRUE,1298,"can_tho,da_nang,hanoi,hcmc,pleiku",FALSE,FALSE,FALSE,food_and_drink > casual_eatery > food_truck_stand,Food & Drink,reviewed_id_match,food_truck,0.995,1141,health_food_store|professional_services|restaurant|bakery|diner|eat_and_drink|vietnamese_restaurant,FALSE
agriculture,Business & Professional Services,1,taxonomy,Necessary,Necessary,"{""Necessary"": 0.095, ""Social"": 0.0092, ""Optional"": 0.003}",0.095,0.0092,0.003,0,FALSE,1292,"can_tho,da_nang,hanoi,hcmc,pleiku",FALSE,FALSE,FALSE,services_and_business > b2b_service > b2b_agriculture_service > agriculture,Business & Professional Services,reviewed_same_name,agriculture,0.992,1035,agricultural_service|arts_and_entertainment|b2b_science_and_technology|real_estate_service|restaurant,FALSE
marketing_agency,Business & Professional Services,1,taxonomy,Necessary,Necessary,"{""Necessary"": 0.958, ""Social"": 0.858, ""Optional"": 0.326}",0.958,0.858,0.326,0,FALSE,1288,"can_tho,da_nang,hanoi,hcmc",FALSE,FALSE,FALSE,services_and_business > professional_service > marketing_agency,Business & Professional Services,reviewed_same_name,marketing_agency,0.999,1124,advertising_agency|internet_marketing_service|media_agency|public_relations|broadcasting_media_production|business_advertising|food_beverage_service_distribution|graphic_designer|media_news_company|party_and_event_planning|professional_services|social_media_agency|web_designer,FALSE
yoga_studio,Recreation & Sport,1,taxonomy,Social,Social,"{""Necessary"": 0.056, ""Social"": 0.59, ""Optional"": 0.017}",0.056,0.59,0.017,0,FALSE,1284,"can_tho,da_nang,hanoi,hcmc,pleiku",FALSE,FALSE,FALSE,sports_and_recreation > sport_or_fitness_facility > fitness_studio > yoga_studio,Recreation & Sport,reviewed_same_name,yoga_studio,0.998,1205,gym|health_and_medical|restaurant,FALSE
wedding_planning,Business & Professional Services,1,taxonomy,Necessary,Necessary,"{""Necessary"": 0.805, ""Social"": 0.792, ""Optional"": 0.034}",0.805,0.792,0.034,0,FALSE,1276,"can_tho,da_nang,hanoi,hcmc,pleiku",FALSE,FALSE,FALSE,services_and_business > event_or_party_service > wedding_planning,Business & Professional Services,reviewed_same_name,wedding_planning,0.996,1178,bridal_shop|professional_services|aviation_museum|party_and_event_planning,FALSE
laundromat,Home & Garden Services,1,taxonomy,Necessary,Necessary,"{""Necessary"": 0.205, ""Social"": 0.063, ""Optional"": 0.002}",0.205,0.063,0.002,0,FALSE,1270,"can_tho,da_nang,hanoi,hcmc,pleiku",FALSE,FALSE,FALSE,services_and_business > laundry_service > laundromat,Home & Garden Services,reviewed_same_name,laundromat,0.997,1155,appliance_store|dry_cleaning|professional_services,FALSE
costume_store,Retail & Shopping,1,taxonomy,Necessary,Necessary,"{""Necessary"": 0.068, ""Social"": 0.603, ""Optional"": 0.127}",0.736,0.603,0.127,0,FALSE,1261,"can_tho,da_nang,hanoi,hcmc,pleiku",FALSE,FALSE,FALSE,shopping > specialty_store > arts_crafts_and_hobby_store > costume_store,Retail & Shopping,reviewed_same_name,costume_store,0.992,1192,clothing_store|womens_clothing_store|shopping|fashion_accessories_store|mens_clothing_store|cosmetic_and_beauty_supplies|fashion|professional_services|shoe_store|telecommunications_company|used_vintage_and_consignment,FALSE
music_venue,Culture & Arts,1,taxonomy,Social,Social|Optional,"{""Necessary"": 0.088, ""Social"": 0.981, ""Optional"": 0.595}",0.088,0.981,0.595,1,TRUE,1256,"can_tho,da_nang,hanoi,hcmc,pleiku",FALSE,FALSE,FALSE,arts_and_entertainment > performing_arts_venue > music_venue,Culture & Arts,reviewed_same_name,music_venue,0.983,1182,arts_and_entertainment|party_and_event_planning|circus|community_center|community_services_non_profits|education|fashion|fashion_accessories_store|music_production|parking|real_estate_service|record_label|sports_and_recreation_venue|theatre|wedding_planning,FALSE
commercial_industrial,Business & Professional Services,1,taxonomy,Necessary,Necessary,"{""Necessary"": 0.049, ""Social"": 0.002, ""Optional"": 0.002}",0.049,0.002,0.002,0,FALSE,1256,"can_tho,da_nang,hanoi,hcmc",FALSE,FALSE,FALSE,services_and_business > b2b_service > commercial_industrial,Business & Professional Services,reviewed_same_name,commercial_industrial,1,1161,machine_shop,FALSE
eyewear_store,Beauty & Personal Care,0.128,bart,Optional,Social|Optional,"{""Necessary"": 0.218, ""Social"": 0.901, ""Optional"": 0.505}",0.848,0.901,0.505,0,FALSE,1235,"can_tho,da_nang,hanoi,hcmc,pleiku",FALSE,FALSE,FALSE,shopping > fashion_and_apparel_store > eyewear_store,Retail & Shopping,reviewed_id_match,eyewear_and_optician,0.992,1148,shopping|eye_care_clinic|fashion|fashion_accessories_store|shopping_center,FALSE
barbecue_restaurant,Food & Drink,1,taxonomy,Social,Social,"{""Necessary"": 0.011, ""Social"": 0.33, ""Optional"": 0.006}",0.011,0.33,0.006,1,TRUE,1165,"can_tho,da_nang,hanoi,hcmc,pleiku",FALSE,FALSE,FALSE,food_and_drink > restaurant > meat_restaurant > barbecue_restaurant,Food & Drink,reviewed_same_name,barbecue_restaurant,0.99,1068,restaurant|korean_restaurant|diner|bar|chinese_restaurant|coffee_shop|fast_food_restaurant|japanese_restaurant|seafood_restaurant|shopping,FALSE
jewelry_and_watches_manufacturer,Business & Professional Services,1,taxonomy,Necessary,Necessary,"{""Necessary"": 0.019, ""Social"": 0.516, ""Optional"": 0.113}",0.019,0.516,0.113,0,FALSE,1153,"can_tho,da_nang,hanoi,hcmc,pleiku",FALSE,FALSE,FALSE,services_and_business > b2b_service > manufacturer > jewelry_and_watches_manufacturer,Business & Professional Services,reviewed_same_name,jewelry_and_watches_manufacturer,0.987,1012,jewelry_store,FALSE
home_service,Home & Garden Services,1,taxonomy,Necessary,Necessary,"{""Necessary"": 0.313, ""Social"": 0.02, ""Optional"": 0.199}",0.313,0.02,0.199,0,FALSE,1147,"can_tho,da_nang,hanoi,hcmc,pleiku",FALSE,FALSE,FALSE,services_and_business > home_service,Home & Garden Services,reviewed_same_name,home_service,0.994,1037,appliance_store|automotive_repair|health_and_medical|health_food_store|professional_services|video_game_store,FALSE
smoothie_juice_bar,Food & Drink,1,taxonomy,Social,Social,"{""Necessary"": 0.155, ""Social"": 0.787, ""Optional"": 0.162}",0.155,0.787,0.162,1,TRUE,1140,"can_tho,da_nang,hanoi,hcmc,pleiku",FALSE,FALSE,FALSE,food_and_drink > non_alcoholic_beverage_venue > smoothie_juice_bar,Food & Drink,reviewed_same_name,smoothie_juice_bar,0.998,1057,cafe|coffee_shop|organic_grocery_store|pancake_house|tea_room|vegetarian_restaurant|womens_clothing_store,FALSE
community_center,Community & Religion,1,taxonomy,Social,Social|Optional,"{""Necessary"": 0.39, ""Social"": 0.994, ""Optional"": 0.575}",0.39,0.994,0.575,1,TRUE,1137,"can_tho,da_nang,hanoi,hcmc,pleiku",FALSE,FALSE,FALSE,community_and_government > social_or_community_service > community_center,Community & Religion,reviewed_same_name,community_center,0.993,1015,health_food_store|community_services_non_profits|financial_advising|financial_service|interior_design|theatre,FALSE
community_and_government,Civic & Government,0.363,bart,Necessary,Necessary,"{""Necessary"": 0.82, ""Social"": 0.456, ""Optional"": 0.005}",0.82,0.456,0.005,0,FALSE,1134,"can_tho,da_nang,hanoi,hcmc,pleiku",FALSE,FALSE,FALSE,community_and_government,Civic & Government,reviewed_id_match,public_service_and_government,0.997,1055,central_government_office|community_services_non_profits|credit_union|mens_clothing_store,FALSE
industrial_company,Business & Professional Services,1,taxonomy,Necessary,Necessary,"{""Necessary"": 0.91, ""Social"": 0.71, ""Optional"": 0.165}",0.91,0.71,0.165,0,FALSE,1130,"can_tho,da_nang,hanoi,hcmc",FALSE,FALSE,FALSE,services_and_business > corporate_or_business_office > industrial_company,Business & Professional Services,reviewed_same_name,industrial_company,0.999,1078,fire_protection_service|industrial_equipment,FALSE
park,Recreation & Sport,1,taxonomy,Necessary,Social|Optional|Necessary,"{""Necessary"": 0.946, ""Social"": 0.821, ""Optional"": 0.883}",0.946,0.821,0.883,1,TRUE,1129,"can_tho,da_nang,hanoi,hcmc,pleiku",FALSE,FALSE,FALSE,sports_and_recreation > park,Recreation & Sport,reviewed_same_name,park,0.993,1066,arts_and_entertainment|amusement_park|lake|landmark_and_historical_building|real_estate_service|soccer_field,FALSE
pool_billiards,Recreation & Sport,1,taxonomy,Social,Social,"{""Necessary"": 0.041, ""Social"": 0.523, ""Optional"": 0.032}",0.041,0.523,0.032,1,TRUE,1124,"can_tho,da_nang,hanoi,hcmc,pleiku",FALSE,FALSE,FALSE,sports_and_recreation > sport_or_fitness_facility > pool_billiards,Recreation & Sport,reviewed_same_name,pool_billiards,0.991,1053,active_life|wholesale_store|auto_company|community_services_non_profits|internet_cafe|professional_services|sports_and_recreation_venue|toy_store,FALSE
insurance_agency,Business & Professional Services,1,taxonomy,Necessary,Necessary,"{""Necessary"": 0.118, ""Social"": 0.782, ""Optional"": 0.133}",0.118,0.782,0.133,0,FALSE,1124,"can_tho,da_nang,hanoi,hcmc,pleiku",FALSE,FALSE,FALSE,services_and_business > financial_service > insurance_agency,Business & Professional Services,reviewed_same_name,insurance_agency,0.999,1008,art_gallery|financial_service|party_and_event_planning,FALSE
vegetarian_restaurant,Food & Drink,1,taxonomy,Social,Social,"{""Necessary"": 0.014, ""Social"": 0.402, ""Optional"": 0.017}",0.014,0.402,0.017,1,TRUE,1106,"can_tho,da_nang,hanoi,hcmc,pleiku",FALSE,FALSE,FALSE,food_and_drink > restaurant > special_diet_restaurant > vegetarian_restaurant,Food & Drink,reviewed_same_name,vegetarian_restaurant,0.992,1023,restaurant|health_food_restaurant|breakfast_and_brunch_restaurant|diner|eat_and_drink|fast_food_restaurant|vegan_restaurant,FALSE
corporate_or_business_office,Business & Professional Services,1,taxonomy,Necessary,Necessary,"{""Necessary"": 0.42, ""Social"": 0.022, ""Optional"": 0.154}",0.42,0.022,0.154,0,FALSE,1103,"can_tho,da_nang,hanoi,hcmc,pleiku",FALSE,FALSE,FALSE,services_and_business > corporate_or_business_office,Business & Professional Services,reviewed_id_match,corporate_office,0.996,1025,industrial_equipment|chemical_plant|commercial_industrial|elementary_school|engineering_services|family_practice|freight_and_cargo_service|landmark_and_historical_building|party_and_event_planning|pharmaceutical_companies|professional_services|shopping,FALSE
musical_instrument_store,Retail & Shopping,1,taxonomy,Necessary,Necessary,"{""Necessary"": 0.016, ""Social"": 0.366, ""Optional"": 0.063}",0.736,0.366,0.063,0,FALSE,1095,"can_tho,da_nang,hanoi,hcmc,pleiku",FALSE,FALSE,FALSE,shopping > specialty_store > musical_instrument_and_pro_audio_store > musical_instrument_store,Retail & Shopping,reviewed_same_name,musical_instrument_store,0.995,1036,music_school|art_gallery|education|shopping_center,FALSE
telecommunications_company,Business & Professional Services,1,taxonomy,Necessary,Necessary,"{""Necessary"": 0.199, ""Social"": 0.877, ""Optional"": 0.435}",0.199,0.877,0.435,0,FALSE,1084,"can_tho,da_nang,hanoi,hcmc,pleiku",FALSE,FALSE,FALSE,services_and_business > corporate_or_business_office > telecommunications_company,Business & Professional Services,reviewed_same_name,telecommunications_company,0.991,959,mobile_phone_store|television_service_providers|internet_service_provider|engineering_services|post_office|shopping|shopping_center,FALSE
engineering_service,Business & Professional Services,1,taxonomy,Necessary,Necessary,"{""Necessary"": 0.13, ""Social"": 0.884, ""Optional"": 0.249}",0.13,0.884,0.249,0,FALSE,1082,"can_tho,da_nang,hanoi,hcmc,pleiku",FALSE,FALSE,FALSE,services_and_business > building_or_construction_service > engineering_service,Home & Garden Services,reviewed_id_match,engineering_services,1,1004,auto_customization,FALSE
doctors_office,Healthcare,1,taxonomy,Necessary,Necessary,"{""Necessary"": 0.7, ""Social"": 0.465, ""Optional"": 0.004}",0.7,0.465,0.004,0,FALSE,1074,"can_tho,da_nang,hanoi,hcmc,pleiku",FALSE,FALSE,FALSE,health_care > outpatient_care_facility > diagnostics_imaging_or_lab_service > doctors_office,Healthcare,reviewed_id_match,diagnostic_services,0.996,941,dentist|health_and_medical|spas|beauty_salon|cosmetic_dentist|eye_care_clinic|eyewear_and_optician|medical_center|plastic_surgeon,FALSE
event_photography_service,Business & Professional Services,1,taxonomy,Necessary,Necessary,"{""Necessary"": 0.202, ""Social"": 0.94, ""Optional"": 0.251}",0.202,0.94,0.251,0,FALSE,1064,"can_tho,da_nang,hanoi,hcmc,pleiku",FALSE,FALSE,FALSE,services_and_business > media_service > photography_service > event_photography_service,Business & Professional Services,reviewed_id_match,event_photography,0.999,973,professional_services|media_agency|media_news_website|music_venue|photography_store_and_services,FALSE
liquor_store,Daily Needs & Grocery,1,taxonomy,Necessary,Necessary,"{""Necessary"": 0.014, ""Social"": 0.104, ""Optional"": 0.012}",0.014,0.104,0.012,0,FALSE,1052,"can_tho,da_nang,hanoi,hcmc,pleiku",FALSE,FALSE,FALSE,shopping > food_and_beverage_store > liquor_store,Daily Needs & Grocery,reviewed_same_name,liquor_store,0.994,983,beer_bar|eat_and_drink|flowers_and_gifts_shop|fruits_and_vegetables|wholesale_store|winery,FALSE
automotive_service,Business & Professional Services,1,taxonomy,Necessary,Necessary,"{""Necessary"": 0.065, ""Social"": 0.058, ""Optional"": 0.001}",0.065,0.058,0.001,0,FALSE,1036,"can_tho,da_nang,hanoi,hcmc,pleiku",FALSE,FALSE,FALSE,travel_and_transportation > vehicle_service > automotive_service,Automotive & Transport,reviewed_id_match,automotive_services_and_repair,0.998,909,car_dealer|automotive_repair|professional_services|aquatic_pet_store|auto_detailing|auto_parts_and_supply_store|fashion_accessories_store|used_car_dealer,FALSE
chicken_restaurant,Food & Drink,1,taxonomy,Social,Social,"{""Necessary"": 0.019, ""Social"": 0.507, ""Optional"": 0.037}",0.019,0.507,0.037,1,TRUE,1033,"can_tho,da_nang,hanoi,hcmc,pleiku",FALSE,FALSE,FALSE,food_and_drink > restaurant > meat_restaurant > chicken_restaurant,Food & Drink,reviewed_same_name,chicken_restaurant,0.994,957,restaurant|diner|korean_restaurant|fast_food_restaurant|gastropub|spas|vietnamese_restaurant,FALSE
luggage_store,Retail & Shopping,1,taxonomy,Necessary,Necessary,"{""Necessary"": 0.043, ""Social"": 0.278, ""Optional"": 0.096}",0.736,0.278,0.096,0,FALSE,1030,"can_tho,da_nang,hanoi,hcmc,pleiku",FALSE,FALSE,FALSE,shopping > fashion_and_apparel_store > luggage_store,Retail & Shopping,reviewed_same_name,luggage_store,0.99,938,shopping|fashion|clothing_store|bags_luggage_company,FALSE
aquatic_pet_store,Pet Services,1,taxonomy,Necessary,Necessary,"{""Necessary"": 0.022, ""Social"": 0.671, ""Optional"": 0.06}",0.022,0.671,0.06,0,FALSE,999,"can_tho,da_nang,hanoi,hcmc,pleiku",FALSE,FALSE,FALSE,shopping > specialty_store > animal_and_pet_store > pet_store > aquatic_pet_store,Retail & Shopping,reviewed_same_name,aquatic_pet_store,0.994,940,aquarium|shopping|boat_parts_and_supply_store|language_school,FALSE
fabric_store,Retail & Shopping,1,taxonomy,Necessary,Necessary,"{""Necessary"": 0.141, ""Social"": 0.858, ""Optional"": 0.395}",0.736,0.858,0.395,0,FALSE,990,"can_tho,da_nang,hanoi,hcmc",FALSE,FALSE,FALSE,shopping > specialty_store > arts_crafts_and_hobby_store > fabric_store,Retail & Shopping,reviewed_same_name,fabric_store,0.996,933,clothing_store|cosmetic_dentist|flowers_and_gifts_shop|furniture_store|grocery_store|shopping|sign_making,FALSE
resort,Accommodation & Travel,1,taxonomy,Social,Social|Optional,"{""Necessary"": 0.001, ""Social"": 0.328, ""Optional"": 0.109}",0.001,0.328,0.109,0,FALSE,980,"can_tho,da_nang,hanoi,hcmc,pleiku",FALSE,FALSE,FALSE,lodging > resort,Accommodation & Travel,reviewed_same_name,resort,0.982,895,hotel|accommodation|arts_and_entertainment|real_estate_service,FALSE
car_rental_service,Business & Professional Services,0.592,bart,Necessary,Necessary,"{""Necessary"": 0.536, ""Social"": 0.064, ""Optional"": 0.091}",0.536,0.064,0.091,0,FALSE,965,"can_tho,da_nang,hanoi,hcmc,pleiku",FALSE,FALSE,FALSE,services_and_business > rental_service > vehicle_rental_service > car_rental_service,Business & Professional Services,reviewed_id_match,car_rental_agency,0.997,891,automobile_leasing|automotive_services_and_repair|community_center|rental_service|tours|travel_services,FALSE
day_care_preschool,Education,1,taxonomy,Necessary,Necessary,"{""Necessary"": 0.014, ""Social"": 0.591, ""Optional"": 0.001}",0.014,0.591,0.001,0,FALSE,920,"can_tho,da_nang,hanoi,hcmc,pleiku",FALSE,FALSE,FALSE,services_and_business > family_service > child_care_and_day_care > day_care_preschool,Community & Religion,reviewed_same_name,day_care_preschool,0.999,891,preschool|campus_building|community_services_non_profits,FALSE
auto_detailing,Business & Professional Services,1,taxonomy,Necessary,Necessary,"{""Necessary"": 0.484, ""Social"": 0.951, ""Optional"": 0.586}",0.484,0.951,0.586,0,FALSE,897,"can_tho,da_nang,hanoi,hcmc,pleiku",FALSE,FALSE,FALSE,travel_and_transportation > vehicle_service > automotive_service > auto_detailing,Automotive & Transport,reviewed_same_name,auto_detailing,1,821,car_wash|auto_parts_and_supply_store|automotive_repair|automotive_services_and_repair|motorcycle_repair,FALSE
holiday_rental_home,Accommodation & Travel,1,taxonomy,Social,Social|Optional,"{""Necessary"": 0.011, ""Social"": 0.856, ""Optional"": 0.749}",0.011,0.856,0.749,0,FALSE,895,"can_tho,da_nang,hanoi,hcmc,pleiku",FALSE,FALSE,FALSE,lodging > private_lodging > holiday_rental_home,Accommodation & Travel,reviewed_same_name,holiday_rental_home,0.979,818,hotel|service_apartments|accommodation|professional_services|real_estate_agent|real_estate_service|shopping|shopping_center|travel_services|vitamins_and_supplements,FALSE
agricultural_service,Agriculture & Industry,1,taxonomy,Necessary,Necessary,"{""Necessary"": 0.46, ""Social"": 0.136, ""Optional"": 0.001}",0.46,0.136,0.001,0,FALSE,887,"can_tho,da_nang,hanoi,hcmc,pleiku",FALSE,FALSE,FALSE,services_and_business > agricultural_service,Agriculture & Industry,reviewed_same_name,agricultural_service,0.989,818,agriculture|agricultural_cooperatives,FALSE
driving_school,Education,1,taxonomy,Necessary,Necessary,"{""Necessary"": 0.052, ""Social"": 0.35, ""Optional"": 0.013}",0.052,0.35,0.013,0,FALSE,884,"can_tho,da_nang,hanoi,hcmc,pleiku",FALSE,FALSE,FALSE,education > place_of_learning > specialty_school > driving_school,Education,reviewed_same_name,driving_school,1,801,education|campus_building,FALSE
art_school,Education,1,taxonomy,Necessary,Necessary,"{""Necessary"": 0.582, ""Social"": 0.282, ""Optional"": 0.013}",0.582,0.282,0.013,0,FALSE,884,"can_tho,da_nang,hanoi,hcmc,pleiku",FALSE,FALSE,FALSE,education > place_of_learning > specialty_school > art_school,Education,reviewed_same_name,art_school,0.996,837,music_school|active_life|dance_school,FALSE
pet_store,Pet Services,1,taxonomy,Necessary,Necessary,"{""Necessary"": 0.171, ""Social"": 0.836, ""Optional"": 0.376}",0.171,0.836,0.376,0,FALSE,861,"can_tho,da_nang,hanoi,hcmc,pleiku",FALSE,FALSE,FALSE,shopping > specialty_store > animal_and_pet_store > pet_store,Retail & Shopping,reviewed_same_name,pet_store,0.999,813,pet_services|shopping,FALSE
tutoring_service,Education,1,taxonomy,Necessary,Necessary,"{""Necessary"": 0.6, ""Social"": 0.035, ""Optional"": 0.0}",0.6,0.035,0,0,FALSE,851,"can_tho,da_nang,hanoi,hcmc,pleiku",FALSE,FALSE,FALSE,education > educational_service > tutoring_service,Education,reviewed_id_match,tutoring_center,0.997,769,education|campus_building|educational_services|elementary_school|print_media|sewing_and_alterations,FALSE
contractor,Business & Professional Services,1,taxonomy,Necessary,Necessary,"{""Necessary"": 0.502, ""Social"": 0.93, ""Optional"": 0.497}",0.502,0.93,0.497,0,FALSE,847,"can_tho,da_nang,hanoi,hcmc,pleiku",FALSE,FALSE,FALSE,services_and_business > home_service > contractor,Home & Garden Services,reviewed_same_name,contractor,0.991,786,party_and_event_planning|arts_and_entertainment|construction_services|engineering_services|flowers_and_gifts_shop|sign_making,FALSE
thai_restaurant,Food & Drink,1,taxonomy,Social,Social,"{""Necessary"": 0.016, ""Social"": 0.336, ""Optional"": 0.012}",0.016,0.336,0.012,1,TRUE,845,"can_tho,da_nang,hanoi,hcmc,pleiku",FALSE,FALSE,FALSE,food_and_drink > restaurant > asian_restaurant > southeast_asian_restaurant > thai_restaurant,Food & Drink,reviewed_same_name,thai_restaurant,0.997,772,restaurant|bar_and_grill_restaurant|coffee_shop|diner|eat_and_drink,FALSE
computer_hardware_company,Business & Professional Services,1,taxonomy,Necessary,Necessary,"{""Necessary"": 0.029, ""Social"": 0.575, ""Optional"": 0.182}",0.029,0.575,0.182,0,FALSE,832,"can_tho,da_nang,hanoi,hcmc,pleiku",FALSE,FALSE,FALSE,services_and_business > technical_service > computer_hardware_company,Business & Professional Services,reviewed_same_name,computer_hardware_company,0.996,778,information_technology_company|it_service_and_computer_repair|computer_store|costume_store|electronics,FALSE
makeup_artist,Beauty & Personal Care,1,taxonomy,Optional,Social|Optional,"{""Necessary"": 0.185, ""Social"": 0.905, ""Optional"": 0.497}",0.848,0.905,0.497,0,FALSE,830,"can_tho,da_nang,hanoi,hcmc,pleiku",FALSE,FALSE,FALSE,lifestyle_services > personal_or_beauty_service > skin_care_and_makeup > makeup_artist,Beauty & Personal Care,reviewed_same_name,makeup_artist,0.996,755,spas|arts_and_entertainment|beauty_salon|bridal_shop|professional_services,FALSE
bike_store,Retail & Shopping,0.126,bart,Necessary,Necessary,"{""Necessary"": 0.671, ""Social"": 0.735, ""Optional"": 0.307}",0.736,0.735,0.307,0,FALSE,821,"can_tho,da_nang,hanoi,hcmc,pleiku",FALSE,FALSE,FALSE,shopping > specialty_store > sporting_goods_store > bike_store,Retail & Shopping,reviewed_id_match,bicycle_shop,0.995,773,shopping|wholesale_store,FALSE
graphic_designer,Business & Professional Services,1,taxonomy,Necessary,Necessary,"{""Necessary"": 0.314, ""Social"": 0.933, ""Optional"": 0.702}",0.314,0.933,0.702,0,FALSE,808,"can_tho,da_nang,hanoi,hcmc,pleiku",FALSE,FALSE,FALSE,services_and_business > design_service > graphic_designer,Business & Professional Services,reviewed_same_name,graphic_designer,0.997,752,printing_services|professional_services|advertising_agency|engineering_services|interior_design|shopping|sign_making,FALSE
skin_care_and_makeup,Beauty & Personal Care,0.133,bart,Optional,Social|Optional,"{""Necessary"": 0.142, ""Social"": 0.867, ""Optional"": 0.214}",0.848,0.867,0.214,0,FALSE,806,"can_tho,da_nang,hanoi,hcmc,pleiku",FALSE,FALSE,FALSE,lifestyle_services > personal_or_beauty_service > skin_care_and_makeup,Beauty & Personal Care,reviewed_id_match,skin_care,0.999,738,spas|beauty_salon|cosmetic_and_beauty_supplies|health_spa|hospital,FALSE
veterinarian,Pet Services,1,taxonomy,Necessary,Necessary,"{""Necessary"": 0.145, ""Social"": 0.946, ""Optional"": 0.593}",0.145,0.946,0.593,0,FALSE,805,"can_tho,da_nang,hanoi,hcmc,pleiku",FALSE,FALSE,FALSE,lifestyle_services > animal_or_pet_service > veterinary_care > veterinarian,Pet Services,reviewed_same_name,veterinarian,0.983,761,hospital|pet_services|pharmacy,FALSE
medical_service_organization,Healthcare,1,taxonomy,Necessary,Necessary,"{""Necessary"": 0.253, ""Social"": 0.218, ""Optional"": 0.001}",0.253,0.218,0.001,0,FALSE,800,"can_tho,da_nang,hanoi,hcmc,pleiku",FALSE,FALSE,FALSE,health_care > medical_service > medical_service_organization,Healthcare,reviewed_id_match,medical_service_organizations,0.996,732,health_and_medical|college_university|pharmacy|shopping_center,FALSE
nursery_and_gardening_store,Home & Garden Services,0.214,bart,Necessary,Necessary,"{""Necessary"": 0.005, ""Social"": 0.118, ""Optional"": 0.003}",0.005,0.118,0.003,0,FALSE,799,"can_tho,da_nang,hanoi,hcmc,pleiku",FALSE,FALSE,FALSE,shopping > specialty_store > hardware_home_and_garden_store > nursery_and_gardening_store,Retail & Shopping,reviewed_id_match,nursery_and_gardening,0.992,753,landscaping|aquatic_pet_store|carpet_store|flowers_and_gifts_shop|professional_services,FALSE
art_gallery,Culture & Arts,1,taxonomy,Social,Social|Optional,"{""Necessary"": 0.134, ""Social"": 0.82, ""Optional"": 0.804}",0.134,0.82,0.804,1,TRUE,791,"can_tho,da_nang,hanoi,hcmc,pleiku",FALSE,FALSE,FALSE,arts_and_entertainment > arts_and_crafts_space > art_gallery,Culture & Arts,reviewed_same_name,art_gallery,0.989,740,art_school|professional_services|automotive_repair|boot_camp|education|spas,FALSE
farm,Agriculture & Industry,1,taxonomy,Necessary,Necessary,"{""Necessary"": 0.059, ""Social"": 0.71, ""Optional"": 0.124}",0.059,0.71,0.124,0,FALSE,786,"can_tho,da_nang,hanoi,hcmc,pleiku",FALSE,FALSE,FALSE,services_and_business > agricultural_service > farm,Agriculture & Industry,reviewed_same_name,farm,0.997,740,advertising_agency|bakery,FALSE
social_media_agency,Business & Professional Services,1,taxonomy,Necessary,Necessary,"{""Necessary"": 0.09, ""Social"": 0.981, ""Optional"": 0.692}",0.09,0.981,0.692,0,FALSE,785,"can_tho,da_nang,hanoi,hcmc,pleiku",FALSE,FALSE,FALSE,services_and_business > professional_service > social_media_agency,Business & Professional Services,reviewed_same_name,social_media_agency,1,578,software_development,FALSE
camera_and_photography_store,Business & Professional Services,0.092,bart,Necessary,Necessary,"{""Necessary"": 0.5, ""Social"": 0.375, ""Optional"": 0.058}",0.5,0.375,0.058,0,FALSE,782,"can_tho,da_nang,hanoi,hcmc,pleiku",FALSE,FALSE,FALSE,shopping > specialty_store > electronics_store > camera_and_photography_store,Retail & Shopping,reviewed_id_match,photography_store_and_services,0.999,719,event_photography|electronics|internet_service_provider,FALSE
internet_service_provider,Business & Professional Services,1,taxonomy,Necessary,Necessary,"{""Necessary"": 0.182, ""Social"": 0.614, ""Optional"": 0.103}",0.182,0.614,0.103,0,FALSE,774,"can_tho,da_nang,hanoi,hcmc,pleiku",FALSE,FALSE,FALSE,services_and_business > technical_service > internet_service_provider,Business & Professional Services,reviewed_same_name,internet_service_provider,0.998,658,telecommunications_company|active_life|computer_hardware_company|information_technology_company,FALSE
hardware_store,Retail & Shopping,1,taxonomy,Necessary,Necessary,"{""Necessary"": 0.107, ""Social"": 0.109, ""Optional"": 0.021}",0.736,0.109,0.021,0,FALSE,772,"can_tho,da_nang,hanoi,hcmc,pleiku",FALSE,FALSE,FALSE,shopping > specialty_store > hardware_home_and_garden_store > hardware_store,Retail & Shopping,reviewed_same_name,hardware_store,0.993,737,auto_company|building_supply_store|commercial_industrial|countertop_installation|furniture_store|shopping,FALSE
lighting_store,Retail & Shopping,1,taxonomy,Necessary,Necessary,"{""Necessary"": 0.303, ""Social"": 0.826, ""Optional"": 0.565}",0.736,0.826,0.565,0,FALSE,766,"can_tho,da_nang,hanoi,hcmc",FALSE,FALSE,FALSE,shopping > specialty_store > hardware_home_and_garden_store > lighting_store,Retail & Shopping,reviewed_same_name,lighting_store,0.993,724,b2b_electronic_equipment|campus_building|party_and_event_planning|professional_services|shopping,FALSE
vitamin_and_supplement_store,Beauty & Personal Care,0.249,bart,Necessary,Necessary,"{""Necessary"": 0.182, ""Social"": 0.357, ""Optional"": 0.008}",0.848,0.357,0.008,0,FALSE,752,"can_tho,da_nang,hanoi,hcmc,pleiku",FALSE,FALSE,FALSE,shopping > food_and_beverage_store > vitamin_and_supplement_store,Daily Needs & Grocery,reviewed_id_match,vitamins_and_supplements,0.997,699,food_truck|health_food_store|spas,FALSE
mattress_store,Retail & Shopping,1,taxonomy,Necessary,Necessary,"{""Necessary"": 0.303, ""Social"": 0.78, ""Optional"": 0.424}",0.736,0.78,0.424,0,FALSE,739,"can_tho,da_nang,hanoi,hcmc,pleiku",FALSE,FALSE,FALSE,shopping > specialty_store > hardware_home_and_garden_store > mattress_store,Retail & Shopping,reviewed_same_name,mattress_store,0.999,672,fabric_store|shopping,FALSE
department_store,Retail & Shopping,1,taxonomy,Necessary,Social|Necessary,"{""Necessary"": 0.26, ""Social"": 0.733, ""Optional"": 0.409}",0.736,0.733,0.409,0,FALSE,733,"can_tho,da_nang,hanoi,hcmc,pleiku",FALSE,FALSE,FALSE,shopping > department_store,Retail & Shopping,reviewed_same_name,department_store,0.994,677,shopping|cupcake_shop|spas,FALSE
gas_station,Automotive & Transport,1,taxonomy,Necessary,Necessary,"{""Necessary"": 0.214, ""Social"": 0.195, ""Optional"": 0.031}",0.214,0.195,0.031,0,FALSE,730,"can_tho,da_nang,hanoi,hcmc,pleiku",FALSE,FALSE,FALSE,travel_and_transportation > fueling_station > gas_station,Automotive & Transport,reviewed_same_name,gas_station,0.997,711,airline|chemical_plant|shopping,FALSE
financial_advising,Business & Professional Services,1,taxonomy,Necessary,Necessary,"{""Necessary"": 0.076, ""Social"": 0.832, ""Optional"": 0.076}",0.076,0.832,0.076,0,FALSE,719,"can_tho,da_nang,hanoi,hcmc,pleiku",FALSE,FALSE,FALSE,services_and_business > financial_service > financial_advising,Business & Professional Services,reviewed_same_name,financial_advising,0.998,607,financial_service|bank_credit_union|blood_and_plasma_donation_center|corporate_office|credit_and_debt_counseling|professional_services,FALSE
linen_store,Retail & Shopping,0.124,bart,Necessary,Necessary,"{""Necessary"": 0.542, ""Social"": 0.942, ""Optional"": 0.808}",0.736,0.942,0.808,0,FALSE,718,"can_tho,da_nang,hanoi,hcmc,pleiku",FALSE,FALSE,FALSE,shopping > specialty_store > hardware_home_and_garden_store > linen_store,Retail & Shopping,reviewed_id_match,linen,0.994,662,furniture_store|party_and_event_planning|shopping,FALSE
theme_restaurant,Food & Drink,1,taxonomy,Social,Social,"{""Necessary"": 0.012, ""Social"": 0.292, ""Optional"": 0.029}",0.012,0.292,0.029,1,TRUE,715,"can_tho,da_nang,hanoi,hcmc,pleiku",FALSE,FALSE,FALSE,food_and_drink > restaurant > theme_restaurant,Food & Drink,reviewed_same_name,theme_restaurant,0.988,641,diner|restaurant|vietnamese_restaurant|bakery|beauty_salon|cafe|chicken_restaurant|real_estate_service|seafood_restaurant,FALSE
office_supply_store,Business & Professional Services,1,taxonomy,Necessary,Necessary,"{""Necessary"": 0.19, ""Social"": 0.074, ""Optional"": 0.118}",0.19,0.074,0.118,0,FALSE,711,"can_tho,da_nang,hanoi,hcmc,pleiku",FALSE,FALSE,FALSE,shopping > specialty_store > office_supply_store,Retail & Shopping,reviewed_id_match,office_equipment,0.997,668,book_magazine_distribution|party_and_event_planning|shopping|topic_publisher|toy_store,FALSE
pizza_restaurant,Food & Drink,1,taxonomy,Social,Social,"{""Necessary"": 0.009, ""Social"": 0.118, ""Optional"": 0.004}",0.009,0.118,0.004,1,TRUE,711,"can_tho,da_nang,hanoi,hcmc",FALSE,FALSE,FALSE,food_and_drink > restaurant > european_restaurant > mediterranean_restaurant > italian_restaurant > pizza_restaurant,Food & Drink,reviewed_same_name,pizza_restaurant,0.992,650,restaurant|american_restaurant|food_truck,FALSE
b2b_advertising_and_marketing_service,Business & Professional Services,1,taxonomy,Necessary,Necessary,"{""Necessary"": 0.72, ""Social"": 0.343, ""Optional"": 0.174}",0.72,0.343,0.174,0,FALSE,698,"can_tho,da_nang,hanoi,hcmc",FALSE,FALSE,FALSE,services_and_business > b2b_service > b2b_office_and_professional_service > b2b_advertising_and_marketing_service,Business & Professional Services,reviewed_id_match,business_advertising,1,634,advertising_agency|internet_marketing_service|printing_services|real_estate_agent|sign_making,FALSE
legal_service,Business & Professional Services,1,taxonomy,Necessary,Necessary,"{""Necessary"": 0.291, ""Social"": 0.847, ""Optional"": 0.327}",0.291,0.847,0.327,0,FALSE,697,"can_tho,da_nang,hanoi,hcmc,pleiku",FALSE,FALSE,FALSE,services_and_business > legal_service,Business & Professional Services,reviewed_id_match,legal_services,0.998,624,lawyer|police_department,FALSE
b2b_surgical_appliances_and_supplies,Business & Professional Services,1,taxonomy,Necessary,Necessary,"{""Necessary"": 0.3, ""Social"": 0.038, ""Optional"": 0.001}",0.3,0.038,0.001,0,FALSE,697,"can_tho,da_nang,hanoi,hcmc,pleiku",FALSE,FALSE,FALSE,services_and_business > b2b_service > b2b_medical_support_service > b2b_surgical_appliances_and_supplies,Business & Professional Services,reviewed_id_match,surgical_appliances_and_supplies,0.994,645,medical_supply|health_and_medical|laboratory_testing|party_and_event_planning,FALSE
truck_dealer,Business & Professional Services,1,taxonomy,Necessary,Necessary,"{""Necessary"": 0.131, ""Social"": 0.6, ""Optional"": 0.326}",0.131,0.6,0.326,0,FALSE,681,"can_tho,da_nang,hanoi,hcmc,pleiku",FALSE,FALSE,FALSE,shopping > vehicle_dealer > truck_dealer,Automotive & Transport,reviewed_same_name,truck_dealer,1,606,car_dealer,FALSE
media_agency,Business & Professional Services,1,taxonomy,Necessary,Necessary,"{""Necessary"": 0.38, ""Social"": 0.944, ""Optional"": 0.722}",0.38,0.944,0.722,0,FALSE,677,"can_tho,da_nang,hanoi,hcmc,pleiku",FALSE,FALSE,FALSE,services_and_business > media_service > media_news_company > media_agency,Business & Professional Services,reviewed_same_name,media_agency,1,630,media_news_company|business_advertising|party_and_event_planning|professional_services,FALSE
web_designer,Business & Professional Services,1,taxonomy,Necessary,Necessary,"{""Necessary"": 0.342, ""Social"": 0.951, ""Optional"": 0.76}",0.342,0.951,0.76,0,FALSE,674,"can_tho,da_nang,hanoi,hcmc,pleiku",FALSE,FALSE,FALSE,services_and_business > design_service > web_designer,Business & Professional Services,reviewed_same_name,web_designer,1,624,corporate_office|information_technology_company|marketing_agency|party_and_event_planning|professional_services,FALSE
breakfast_and_brunch_restaurant,Food & Drink,1,taxonomy,Social,Social,"{""Necessary"": 0.023, ""Social"": 0.267, ""Optional"": 0.001}",0.023,0.267,0.001,1,TRUE,664,"can_tho,da_nang,hanoi,hcmc,pleiku",FALSE,FALSE,FALSE,food_and_drink > restaurant > breakfast_and_brunch_restaurant,Food & Drink,reviewed_same_name,breakfast_and_brunch_restaurant,0.987,620,restaurant|diner|sandwich_shop|coffee_shop|health_spa|korean_restaurant|spas,FALSE
pub,Food & Drink,1,taxonomy,Social,Social|Optional,"{""Necessary"": 0.422, ""Social"": 0.965, ""Optional"": 0.674}",0.422,0.965,0.674,1,TRUE,658,"can_tho,da_nang,hanoi,hcmc,pleiku",FALSE,FALSE,FALSE,food_and_drink > alcoholic_beverage_venue > bar > pub,Food & Drink,reviewed_same_name,pub,0.99,626,bar|beer_bar|liquor_store|restaurant|theme_restaurant|vietnamese_restaurant,FALSE
police_station,Civic & Government,1,taxonomy,Necessary,Necessary,"{""Necessary"": 0.059, ""Social"": 0.889, ""Optional"": 0.337}",0.059,0.889,0.337,0,FALSE,657,"can_tho,da_nang,hanoi,hcmc,pleiku",FALSE,FALSE,FALSE,community_and_government > public_safety_service > police_station,Civic & Government,reviewed_id_match,police_department,0.995,628,public_service_and_government|central_government_office|party_and_event_planning|restaurant|youth_organizations,FALSE
produce_store,Agriculture & Industry,0.248,bart,Necessary,Necessary,"{""Necessary"": 0.199, ""Social"": 0.823, ""Optional"": 0.186}",0.199,0.823,0.186,0,FALSE,653,"can_tho,da_nang,hanoi,hcmc,pleiku",FALSE,FALSE,FALSE,shopping > food_and_beverage_store > specialty_foods_store > produce_store,Daily Needs & Grocery,reviewed_id_match,fruits_and_vegetables,0.993,602,coffee_shop|electronics|grocery_store,FALSE
pharmaceutical_company,Business & Professional Services,1,taxonomy,Necessary,Necessary,"{""Necessary"": 0.184, ""Social"": 0.143, ""Optional"": 0.037}",0.184,0.143,0.037,0,FALSE,652,"can_tho,da_nang,hanoi,hcmc,pleiku",FALSE,FALSE,FALSE,services_and_business > corporate_or_business_office > pharmaceutical_company,Business & Professional Services,reviewed_id_match,pharmaceutical_companies,0.997,605,health_and_medical|party_and_event_planning|pharmacy,FALSE
stadium_arena,Recreation & Sport,1,taxonomy,Optional,Optional,"{""Necessary"": 0.138, ""Social"": 0.033, ""Optional"": 0.307}",0.138,0.033,0.307,1,TRUE,649,"can_tho,da_nang,hanoi,hcmc,pleiku",FALSE,FALSE,FALSE,arts_and_entertainment > stadium_arena,Recreation & Sport,reviewed_same_name,stadium_arena,0.992,602,soccer_field|badminton_court|football_stadium|pool_billiards|sports_and_recreation_venue|telecommunications_company,FALSE
smoke_and_vape_store,Retail & Shopping,1,taxonomy,Necessary,Necessary,"{""Necessary"": 0.082, ""Social"": 0.334, ""Optional"": 0.071}",0.736,0.334,0.071,0,FALSE,646,"can_tho,da_nang,hanoi,hcmc,pleiku",FALSE,FALSE,FALSE,shopping > specialty_store > smoke_and_vape_store,Retail & Shopping,reviewed_id_match,e_cigarette_store,0.992,521,shopping|tobacco_shop,FALSE
caterer,Business & Professional Services,1,taxonomy,Necessary,Necessary,"{""Necessary"": 0.044, ""Social"": 0.829, ""Optional"": 0.087}",0.044,0.829,0.087,0,FALSE,641,"can_tho,da_nang,hanoi,hcmc,pleiku",FALSE,FALSE,FALSE,services_and_business > event_or_party_service > caterer,Business & Professional Services,reviewed_same_name,caterer,0.993,606,bakery|candy_store|industrial_equipment|restaurant|vietnamese_restaurant,FALSE
chemical_plant,Business & Professional Services,1,taxonomy,Necessary,Necessary,"{""Necessary"": 0.079, ""Social"": 0.745, ""Optional"": 0.292}",0.079,0.745,0.292,0,FALSE,635,"can_tho,da_nang,hanoi,hcmc,pleiku",FALSE,FALSE,FALSE,services_and_business > b2b_service > b2b_industrial_and_machine_service > chemical_plant,Business & Professional Services,reviewed_same_name,chemical_plant,0.997,593,building_supply_store|corporate_office|furniture_store,FALSE
indian_restaurant,Food & Drink,1,taxonomy,Social,Social,"{""Necessary"": 0.024, ""Social"": 0.561, ""Optional"": 0.025}",0.024,0.561,0.025,1,TRUE,606,"can_tho,da_nang,hanoi,hcmc,pleiku",FALSE,FALSE,FALSE,food_and_drink > restaurant > asian_restaurant > south_asian_restaurant > indian_restaurant,Food & Drink,reviewed_same_name,indian_restaurant,0.993,562,diner|restaurant|bar|pub,FALSE
beauty_product_supplier,Retail & Shopping,1,taxonomy,Necessary,Necessary,"{""Necessary"": 0.064, ""Social"": 0.816, ""Optional"": 0.209}",0.736,0.816,0.209,0,FALSE,600,"can_tho,da_nang,hanoi,hcmc,pleiku",FALSE,FALSE,FALSE,services_and_business > b2b_service > supplier_or_distributor > beauty_product_supplier,Business & Professional Services,reviewed_same_name,beauty_product_supplier,0.995,549,spas|wholesale_store,FALSE
beer_garden,Food & Drink,1,taxonomy,Social,Social|Optional,"{""Necessary"": 0.031, ""Social"": 0.961, ""Optional"": 0.595}",0.031,0.961,0.595,1,TRUE,600,"can_tho,da_nang,hanoi,hcmc,pleiku",FALSE,FALSE,FALSE,food_and_drink > alcoholic_beverage_venue > beer_garden,Food & Drink,reviewed_same_name,beer_garden,0.987,546,restaurant|beer_bar|pub|theme_restaurant|vietnamese_restaurant,FALSE
car_wash,Business & Professional Services,1,taxonomy,Necessary,Necessary,"{""Necessary"": 0.459, ""Social"": 0.789, ""Optional"": 0.466}",0.459,0.789,0.466,0,FALSE,594,"can_tho,da_nang,hanoi,hcmc,pleiku",FALSE,FALSE,FALSE,travel_and_transportation > vehicle_service > automotive_service > car_wash,Automotive & Transport,reviewed_same_name,car_wash,0.998,559,automotive_repair|auto_detailing|mobile_phone_store,FALSE
hair_supply_store,Retail & Shopping,1,taxonomy,Necessary,Necessary,"{""Necessary"": 0.035, ""Social"": 0.363, ""Optional"": 0.01}",0.736,0.363,0.01,0,FALSE,592,"can_tho,da_nang,hanoi,hcmc,pleiku",FALSE,FALSE,FALSE,shopping > specialty_store > personal_care_and_beauty_store > beauty_supply_store > hair_supply_store,Retail & Shopping,reviewed_id_match,hair_supply_stores,0.982,555,cosmetic_and_beauty_supplies|beauty_salon|shopping|spas,FALSE
home_developer,Business & Professional Services,1,taxonomy,Necessary,Necessary,"{""Necessary"": 0.88, ""Social"": 0.238, ""Optional"": 0.725}",0.88,0.238,0.725,0,FALSE,590,"can_tho,da_nang,hanoi,hcmc",FALSE,FALSE,FALSE,services_and_business > real_estate_service > builder > home_developer,Business & Professional Services,reviewed_same_name,home_developer,0.996,523,real_estate_service|accommodation|community_services_non_profits|party_and_event_planning|real_estate_investment,FALSE
hvac_service,Home & Garden Services,1,taxonomy,Necessary,Necessary,"{""Necessary"": 0.081, ""Social"": 0.805, ""Optional"": 0.089}",0.081,0.805,0.089,0,FALSE,589,"can_tho,da_nang,hanoi,hcmc",FALSE,FALSE,FALSE,services_and_business > home_service > hvac_service,Home & Garden Services,reviewed_id_match,hvac_services,1,541,appliance_repair_service|home_cleaning,FALSE
outpatient_care_facility,Healthcare,1,taxonomy,Necessary,Necessary,"{""Necessary"": 0.64, ""Social"": 0.221, ""Optional"": 0.004}",0.64,0.221,0.004,0,FALSE,587,"can_tho,da_nang,hanoi,hcmc,pleiku",FALSE,FALSE,FALSE,health_care > outpatient_care_facility,Healthcare,reviewed_id_match,medical_center,1,555,hospital|health_and_medical|laboratory_testing|medical_service_organizations,FALSE
plastic_and_reconstructive_surgery,Healthcare,1,taxonomy,Necessary,Necessary,"{""Necessary"": 0.049, ""Social"": 0.758, ""Optional"": 0.221}",0.049,0.758,0.221,0,FALSE,572,"can_tho,da_nang,hanoi,hcmc,pleiku",FALSE,FALSE,FALSE,health_care > specialized_medical_facility > surgery > plastic_and_reconstructive_surgery,Healthcare,reviewed_id_match,plastic_surgeon,0.988,510,beauty_salon|diagnostic_services|health_and_medical,FALSE
organic_grocery_store,Daily Needs & Grocery,1,taxonomy,Necessary,Necessary,"{""Necessary"": 0.226, ""Social"": 0.136, ""Optional"": 0.002}",0.226,0.136,0.002,0,FALSE,567,"can_tho,da_nang,hanoi,hcmc,pleiku",FALSE,FALSE,FALSE,shopping > food_and_beverage_store > grocery_store > organic_grocery_store,Daily Needs & Grocery,reviewed_same_name,organic_grocery_store,0.998,533,grocery_store|health_food_store,FALSE
service_apartment,Accommodation & Travel,1,taxonomy,Social,Social,"{""Necessary"": 0.236, ""Social"": 0.762, ""Optional"": 0.25}",0.236,0.762,0.25,0,FALSE,566,"can_tho,da_nang,hanoi,hcmc,pleiku",FALSE,FALSE,FALSE,lodging > service_apartment,Accommodation & Travel,reviewed_id_match,service_apartments,0.978,496,hotel|holiday_rental_home|accommodation|food|professional_services|real_estate_service,FALSE
audio_visual_equipment_store,Retail & Shopping,1,taxonomy,Necessary,Necessary,"{""Necessary"": 0.057, ""Social"": 0.113, ""Optional"": 0.034}",0.736,0.113,0.034,0,FALSE,562,"can_tho,da_nang,hanoi,hcmc,pleiku",FALSE,FALSE,FALSE,shopping > specialty_store > electronics_store > audio_visual_equipment_store,Retail & Shopping,reviewed_same_name,audio_visual_equipment_store,0.998,529,electronics|information_technology_company,FALSE
painting,Culture & Arts,1,taxonomy,Necessary,Necessary,"{""Necessary"": 0.011, ""Social"": 0.441, ""Optional"": 0.118}",0.011,0.441,0.118,0,FALSE,562,"can_tho,da_nang,hanoi,hcmc,pleiku",FALSE,FALSE,FALSE,services_and_business > home_service > painting,Home & Garden Services,reviewed_same_name,painting,0.996,525,party_and_event_planning,FALSE
internet_cafe,Food & Drink,1,taxonomy,Social,Social,"{""Necessary"": 0.357, ""Social"": 0.977, ""Optional"": 0.073}",0.357,0.977,0.073,1,TRUE,560,"can_tho,da_nang,hanoi,hcmc,pleiku",FALSE,FALSE,FALSE,food_and_drink > casual_eatery > cafe > internet_cafe,Food & Drink,reviewed_same_name,internet_cafe,0.996,532,education|sports_and_recreation_venue,FALSE
atm,Business & Professional Services,1,taxonomy,Necessary,Necessary,"{""Necessary"": 0.486, ""Social"": 0.925, ""Optional"": 0.581}",0.486,0.925,0.581,0,FALSE,556,"can_tho,da_nang,hanoi,hcmc,pleiku",FALSE,FALSE,FALSE,services_and_business > financial_service > atm,Business & Professional Services,reviewed_id_match,atms,1,515,bank_credit_union,FALSE
b2b_science_and_technology_service,Business & Professional Services,1,taxonomy,Necessary,Necessary,"{""Necessary"": 0.53, ""Social"": 0.363, ""Optional"": 0.055}",0.53,0.363,0.055,0,FALSE,552,"can_tho,da_nang,hanoi,hcmc,pleiku",FALSE,FALSE,FALSE,services_and_business > b2b_service > b2b_science_and_technology_service,Business & Professional Services,reviewed_id_match,b2b_science_and_technology,0.996,515,construction_services|furniture_store|shopping_center,FALSE
appraisal_service,Business & Professional Services,1,taxonomy,Necessary,Necessary,"{""Necessary"": 0.15, ""Social"": 0.852, ""Optional"": 0.184}",0.15,0.852,0.184,0,FALSE,551,"can_tho,da_nang,hanoi,hcmc,pleiku",FALSE,FALSE,FALSE,services_and_business > financial_service > appraisal_service,Business & Professional Services,reviewed_id_match,appraisal_services,1,506,real_estate_service|real_estate_agent,FALSE
high_school,Education,1,taxonomy,Necessary,Necessary,"{""Necessary"": 0.012, ""Social"": 0.875, ""Optional"": 0.393}",0.012,0.875,0.393,0,FALSE,544,"can_tho,da_nang,hanoi,hcmc,pleiku",FALSE,FALSE,FALSE,education > place_of_learning > school > high_school,Education,reviewed_same_name,high_school,1,484,school|elementary_school|campus_building|education|middle_school,FALSE
ramen_restaurant,Food & Drink,0.568,bart,Social,Social,"{""Necessary"": 0.014, ""Social"": 0.524, ""Optional"": 0.015}",0.014,0.524,0.015,1,TRUE,542,"can_tho,da_nang,hanoi,hcmc,pleiku",FALSE,FALSE,FALSE,food_and_drink > restaurant > asian_restaurant > ramen_restaurant,Food & Drink,reviewed_id_match,noodles_restaurant,0.984,501,restaurant|diner|japanese_restaurant|vietnamese_restaurant|asian_restaurant,FALSE
pawn_shop,Pet Services,1,taxonomy,Necessary,Necessary,"{""Necessary"": 0.007, ""Social"": 0.159, ""Optional"": 0.02}",0.007,0.159,0.02,0,FALSE,540,"can_tho,da_nang,hanoi,hcmc,pleiku",FALSE,FALSE,FALSE,shopping > second_hand_store > pawn_shop,Retail & Shopping,reviewed_same_name,pawn_shop,0.998,479,shopping,FALSE
media_news_company,Business & Professional Services,1,taxonomy,Necessary,Necessary,"{""Necessary"": 0.287, ""Social"": 0.937, ""Optional"": 0.664}",0.287,0.937,0.664,0,FALSE,537,"can_tho,da_nang,hanoi,hcmc,pleiku",FALSE,FALSE,FALSE,services_and_business > media_service > media_news_company,Business & Professional Services,reviewed_same_name,media_news_company,0.998,480,business_advertising|elementary_school|event_photography,FALSE
sportswear_store,Recreation & Sport,0.254,bart,Social,Social,"{""Necessary"": 0.297, ""Social"": 0.941, ""Optional"": 0.881}",0.297,0.941,0.881,0,FALSE,510,"can_tho,da_nang,hanoi,hcmc",FALSE,FALSE,FALSE,shopping > specialty_store > sporting_goods_store > sportswear_store,Retail & Shopping,reviewed_id_match,sports_wear,0.991,468,clothing_store|jewelry_store|sporting_goods,FALSE
hostel,Accommodation & Travel,1,taxonomy,Social,Social,"{""Necessary"": 0.007, ""Social"": 0.64, ""Optional"": 0.022}",0.007,0.64,0.022,0,FALSE,507,"can_tho,da_nang,hanoi,hcmc",FALSE,FALSE,FALSE,lodging > hostel,Accommodation & Travel,reviewed_same_name,hostel,0.985,480,hotel|accommodation|real_estate_service|service_apartments,FALSE
travel_company,Business & Professional Services,1,taxonomy,Necessary,Necessary,"{""Necessary"": 0.683, ""Social"": 0.48, ""Optional"": 0.091}",0.683,0.48,0.091,0,FALSE,493,"can_tho,da_nang,hanoi,hcmc",FALSE,FALSE,FALSE,services_and_business > corporate_or_business_office > travel_company,Business & Professional Services,reviewed_same_name,travel_company,0.986,436,travel_services|tours|party_and_event_planning|sightseeing_tour_agency,FALSE
passport_and_visa_service,Business & Professional Services,1,taxonomy,Necessary,Necessary,"{""Necessary"": 0.61, ""Social"": 0.116, ""Optional"": 0.003}",0.61,0.116,0.003,0,FALSE,487,"da_nang,hanoi,hcmc",FALSE,FALSE,FALSE,travel_and_transportation > travel_service > passport_and_visa_service,Accommodation & Travel,reviewed_id_match,passport_and_visa_services,1,447,immigration_law|travel_company,FALSE
music_school,Education,1,taxonomy,Necessary,Necessary,"{""Necessary"": 0.008, ""Social"": 0.676, ""Optional"": 0.006}",0.008,0.676,0.006,0,FALSE,486,"can_tho,da_nang,hanoi,hcmc,pleiku",FALSE,FALSE,FALSE,education > place_of_learning > specialty_school > music_school,Education,reviewed_same_name,music_school,0.98,448,art_school|education|active_life|art_gallery|arts_and_entertainment,FALSE
martial_arts_club,Recreation & Sport,1,taxonomy,Social,Social,"{""Necessary"": 0.012, ""Social"": 0.268, ""Optional"": 0.095}",0.012,0.268,0.095,0,FALSE,476,"can_tho,da_nang,hanoi,hcmc",FALSE,FALSE,FALSE,sports_and_recreation > sport_or_recreation_club > martial_arts_club,Recreation & Sport,reviewed_same_name,martial_arts_club,0.995,442,gym|boxing_class|community_center|school,FALSE
fashion_boutique,Retail & Shopping,0.356,bart,Necessary,Necessary,"{""Necessary"": 0.053, ""Social"": 0.784, ""Optional"": 0.197}",0.736,0.784,0.197,0,FALSE,475,"can_tho,da_nang,hanoi,hcmc,pleiku",FALSE,FALSE,FALSE,shopping > fashion_and_apparel_store > fashion_boutique,Retail & Shopping,reviewed_id_match,boutique,0.977,444,clothing_store|womens_clothing_store|costume_store|fashion|professional_services|vitamins_and_supplements,FALSE
post_office,Utilities & Infrastructure,1,taxonomy,Necessary,Necessary,"{""Necessary"": 0.085, ""Social"": 0.828, ""Optional"": 0.637}",0.085,0.828,0.637,0,FALSE,471,"can_tho,da_nang,hanoi,hcmc,pleiku",FALSE,FALSE,FALSE,services_and_business > shipping_or_delivery_service > post_office,Automotive & Transport,reviewed_same_name,post_office,0.998,439,transportation,FALSE
delicatessen,Food & Drink,1,taxonomy,Social,Social,"{""Necessary"": 0.074, ""Social"": 0.648, ""Optional"": 0.024}",0.074,0.648,0.024,0,FALSE,459,"can_tho,da_nang,hanoi,hcmc,pleiku",FALSE,FALSE,FALSE,food_and_drink > casual_eatery > delicatessen,Food & Drink,reviewed_same_name,delicatessen,0.995,426,fast_food_restaurant|restaurant|diner|health_food_restaurant|japanese_restaurant|vietnamese_restaurant,FALSE
tire_dealer_and_repair,Business & Professional Services,1,taxonomy,Necessary,Necessary,"{""Necessary"": 0.144, ""Social"": 0.034, ""Optional"": 0.001}",0.144,0.034,0.001,0,FALSE,458,"can_tho,da_nang,hanoi,hcmc,pleiku",FALSE,FALSE,FALSE,travel_and_transportation > vehicle_service > automotive_service > automotive_repair > tire_dealer_and_repair,Automotive & Transport,reviewed_same_name,tire_dealer_and_repair,0.998,425,auto_parts_and_supply_store|grocery_store|party_and_event_planning,FALSE
broadcasting_media_production,Business & Professional Services,1,taxonomy,Necessary,Necessary,"{""Necessary"": 0.158, ""Social"": 0.819, ""Optional"": 0.237}",0.158,0.819,0.237,0,FALSE,450,"can_tho,da_nang,hanoi,hcmc,pleiku",FALSE,FALSE,FALSE,services_and_business > media_service > media_news_company > broadcasting_media_production,Business & Professional Services,reviewed_same_name,broadcasting_media_production,1,417,advertising_agency|event_photography|marketing_agency|media_agency|media_news_company|professional_services,FALSE
metal_fabricator,Business & Professional Services,1,taxonomy,Necessary,Necessary,"{""Necessary"": 0.131, ""Social"": 0.817, ""Optional"": 0.478}",0.131,0.817,0.478,0,FALSE,447,"can_tho,da_nang,hanoi,hcmc",FALSE,FALSE,FALSE,services_and_business > b2b_service > manufacturer > metal_fabricator,Business & Professional Services,reviewed_same_name,metal_fabricator,0.995,414,metal_supplier,FALSE
hardware_home_and_garden_store,Home & Garden Services,0.286,bart,Necessary,Necessary,"{""Necessary"": 0.028, ""Social"": 0.942, ""Optional"": 0.458}",0.028,0.942,0.458,0,FALSE,447,"can_tho,da_nang,hanoi,hcmc,pleiku",FALSE,FALSE,FALSE,shopping > specialty_store > hardware_home_and_garden_store,Retail & Shopping,reviewed_id_match,home_and_garden,0.997,385,home_goods_store,FALSE
storage_facility,Business & Professional Services,1,taxonomy,Necessary,Necessary,"{""Necessary"": 0.056, ""Social"": 0.075, ""Optional"": 0.026}",0.056,0.075,0.026,0,FALSE,441,"can_tho,da_nang,hanoi,hcmc,pleiku",FALSE,FALSE,FALSE,services_and_business > storage_facility,Business & Professional Services,reviewed_same_name,storage_facility,0.997,390,freight_and_cargo_service|party_and_event_planning|transportation,FALSE
beer_bar,Food & Drink,1,taxonomy,Social,Social,"{""Necessary"": 0.034, ""Social"": 0.867, ""Optional"": 0.311}",0.034,0.867,0.311,1,TRUE,439,"can_tho,da_nang,hanoi,hcmc",FALSE,FALSE,FALSE,food_and_drink > alcoholic_beverage_venue > bar > beer_bar,Food & Drink,reviewed_same_name,beer_bar,0.985,401,pub|restaurant|grocery_store|shopping,FALSE
middle_school,Education,1,taxonomy,Necessary,Necessary,"{""Necessary"": 0.07, ""Social"": 0.952, ""Optional"": 0.582}",0.07,0.952,0.582,0,FALSE,438,"can_tho,da_nang,hanoi,hcmc,pleiku",FALSE,FALSE,FALSE,education > place_of_learning > school > middle_school,Education,reviewed_same_name,middle_school,0.998,400,elementary_school|education|home_improvement_store|school,FALSE
used_auto_dealer,Business & Professional Services,1,taxonomy,Necessary,Necessary,"{""Necessary"": 0.088, ""Social"": 0.617, ""Optional"": 0.135}",0.088,0.617,0.135,0,FALSE,438,"can_tho,da_nang,hanoi,hcmc,pleiku",FALSE,FALSE,FALSE,shopping > vehicle_dealer > auto_dealer > used_auto_dealer,Automotive & Transport,reviewed_id_match,used_car_dealer,1,401,car_dealer|motorcycle_repair,FALSE
dessert_shop,Food & Drink,0.142,bart,Social,Social,"{""Necessary"": 0.005, ""Social"": 0.845, ""Optional"": 0.155}",0.005,0.845,0.155,0,FALSE,432,"can_tho,da_nang,hanoi,hcmc,pleiku",FALSE,FALSE,FALSE,food_and_drink > casual_eatery > dessert_shop,Food & Drink,reviewed_id_match,desserts,0.995,399,restaurant|cupcake_shop|eat_and_drink,FALSE
cocktail_bar,Food & Drink,1,taxonomy,Social,Social,"{""Necessary"": 0.012, ""Social"": 0.74, ""Optional"": 0.048}",0.012,0.74,0.048,1,TRUE,432,"can_tho,da_nang,hanoi,hcmc,pleiku",FALSE,FALSE,FALSE,food_and_drink > alcoholic_beverage_venue > bar > cocktail_bar,Food & Drink,reviewed_same_name,cocktail_bar,0.99,418,bar|coffee_shop,FALSE
sign_making,Business & Professional Services,1,taxonomy,Necessary,Necessary,"{""Necessary"": 0.324, ""Social"": 0.846, ""Optional"": 0.445}",0.324,0.846,0.445,0,FALSE,431,"can_tho,da_nang,hanoi,hcmc,pleiku",FALSE,FALSE,FALSE,services_and_business > design_service > sign_making,Business & Professional Services,reviewed_same_name,sign_making,1,395,printing_services|party_and_event_planning|professional_services,FALSE
b2b_energy_and_utility_service,Business & Professional Services,1,taxonomy,Necessary,Necessary,"{""Necessary"": 0.018, ""Social"": 0.234, ""Optional"": 0.006}",0.018,0.234,0.006,0,FALSE,430,"can_tho,da_nang,hanoi,hcmc,pleiku",FALSE,FALSE,FALSE,services_and_business > b2b_service > b2b_energy_and_utility_service,Business & Professional Services,reviewed_id_match,b2b_energy_and_mining,0.99,395,solar_installation,FALSE
sushi_restaurant,Food & Drink,1,taxonomy,Social,Social,"{""Necessary"": 0.007, ""Social"": 0.251, ""Optional"": 0.006}",0.007,0.251,0.006,1,TRUE,427,"can_tho,da_nang,hanoi,hcmc",FALSE,FALSE,FALSE,food_and_drink > restaurant > asian_restaurant > east_asian_restaurant > japanese_restaurant > sushi_restaurant,Food & Drink,reviewed_same_name,sushi_restaurant,0.992,388,japanese_restaurant|restaurant|pawn_shop|sake_bar,FALSE
physical_therapy,Healthcare,1,taxonomy,Necessary,Necessary,"{""Necessary"": 0.61, ""Social"": 0.071, ""Optional"": 0.002}",0.61,0.071,0.002,0,FALSE,424,"can_tho,da_nang,hanoi,hcmc,pleiku",FALSE,FALSE,FALSE,health_care > outpatient_care_facility > physical_medicine_and_rehabilitation > physical_therapy,Healthcare,reviewed_same_name,physical_therapy,0.987,395,health_and_medical|health_spa|charity_organization|cosmetic_and_beauty_supplies,FALSE
fitness_trainer,Recreation & Sport,1,taxonomy,Social,Social,"{""Necessary"": 0.193, ""Social"": 0.372, ""Optional"": 0.026}",0.193,0.372,0.026,0,FALSE,422,"can_tho,da_nang,hanoi,hcmc,pleiku",FALSE,FALSE,FALSE,sports_and_recreation > sport_or_fitness_facility > fitness_trainer,Recreation & Sport,reviewed_same_name,fitness_trainer,0.992,388,gym|active_life|life_coach|medical_service_organizations,FALSE
dermatology,Healthcare,1,taxonomy,Necessary,Necessary,"{""Necessary"": 0.156, ""Social"": 0.892, ""Optional"": 0.243}",0.156,0.892,0.243,0,FALSE,411,"can_tho,da_nang,hanoi,hcmc,pleiku",FALSE,FALSE,FALSE,health_care > outpatient_care_facility > specialized_health_care > medical_skin_care > dermatology,Healthcare,reviewed_id_match,dermatologist,0.992,359,beauty_salon|medical_spa,FALSE
electronic_equipment_supplier,Business & Professional Services,0.159,bart,Necessary,Necessary,"{""Necessary"": 0.5, ""Social"": 0.61, ""Optional"": 0.367}",0.5,0.61,0.367,0,FALSE,410,"can_tho,da_nang,hanoi,hcmc",FALSE,FALSE,FALSE,services_and_business > b2b_service > supplier_or_distributor > electronic_equipment_supplier,Business & Professional Services,reviewed_id_match,b2b_electronic_equipment,0.99,389,mobile_phone_store|contractor|corporate_office|electronics,FALSE
print_media,Business & Professional Services,1,taxonomy,Necessary,Necessary,"{""Necessary"": 0.296, ""Social"": 0.905, ""Optional"": 0.428}",0.296,0.905,0.428,0,FALSE,409,"can_tho,da_nang,hanoi,hcmc,pleiku",FALSE,FALSE,FALSE,services_and_business > media_service > print_media,Business & Professional Services,reviewed_same_name,print_media,0.997,371,pharmaceutical_companies|religious_organization,FALSE
swimming_pool,Recreation & Sport,1,taxonomy,Social,Social,"{""Necessary"": 0.028, ""Social"": 0.612, ""Optional"": 0.039}",0.028,0.612,0.039,1,TRUE,409,"can_tho,da_nang,hanoi,hcmc",FALSE,FALSE,FALSE,sports_and_recreation > sport_or_fitness_facility > swimming_pool,Recreation & Sport,reviewed_same_name,swimming_pool,0.995,382,gym|pool_cleaning|school,FALSE
metal_supplier,Agriculture & Industry,1,taxonomy,Necessary,Necessary,"{""Necessary"": 0.197, ""Social"": 0.886, ""Optional"": 0.525}",0.197,0.886,0.525,0,FALSE,408,"can_tho,da_nang,hanoi,hcmc",FALSE,FALSE,FALSE,services_and_business > b2b_service > supplier_or_distributor > metal_supplier,Business & Professional Services,reviewed_same_name,metal_supplier,0.992,380,amusement_park|landmark_and_historical_building|professional_services,FALSE
appliance_store,Retail & Shopping,1,taxonomy,Necessary,Necessary,"{""Necessary"": 0.192, ""Social"": 0.59, ""Optional"": 0.269}",0.736,0.59,0.269,0,FALSE,407,"can_tho,da_nang,hanoi,hcmc",FALSE,FALSE,FALSE,shopping > specialty_store > hardware_home_and_garden_store > appliance_store,Retail & Shopping,reviewed_same_name,appliance_store,0.99,383,shopping|home_goods_store|professional_services,FALSE
butcher_shop,Daily Needs & Grocery,1,taxonomy,Necessary,Necessary,"{""Necessary"": 0.06, ""Social"": 0.664, ""Optional"": 0.079}",0.06,0.664,0.079,0,FALSE,403,"can_tho,da_nang,hanoi,hcmc",FALSE,FALSE,FALSE,shopping > food_and_beverage_store > butcher_shop,Daily Needs & Grocery,reviewed_same_name,butcher_shop,0.995,380,diner,FALSE
family_practice,Healthcare,1,taxonomy,Necessary,Necessary,"{""Necessary"": 0.077, ""Social"": 0.799, ""Optional"": 0.012}",0.077,0.799,0.012,0,FALSE,402,"can_tho,da_nang,hanoi,hcmc,pleiku",FALSE,FALSE,FALSE,health_care > outpatient_care_facility > primary_care_or_general_clinic > family_practice,Healthcare,reviewed_same_name,family_practice,1,375,home_health_care,FALSE
accountant,Business & Professional Services,1,taxonomy,Necessary,Necessary,"{""Necessary"": 0.08, ""Social"": 0.712, ""Optional"": 0.22}",0.08,0.712,0.22,0,FALSE,398,"can_tho,da_nang,hanoi,hcmc,pleiku",FALSE,FALSE,FALSE,services_and_business > financial_service > accountant,Business & Professional Services,reviewed_same_name,accountant,0.997,351,professional_services|educational_services|financial_service,FALSE
investing,Business & Professional Services,1,taxonomy,Necessary,Necessary,"{""Necessary"": 0.9, ""Social"": 0.165, ""Optional"": 0.004}",0.9,0.165,0.004,0,FALSE,392,"can_tho,da_nang,hanoi,hcmc,pleiku",FALSE,FALSE,FALSE,services_and_business > financial_service > investing,Business & Professional Services,reviewed_same_name,investing,1,341,financial_service,FALSE
sewing_and_alterations,Home & Garden Services,1,taxonomy,Necessary,Necessary,"{""Necessary"": 0.117, ""Social"": 0.885, ""Optional"": 0.158}",0.117,0.885,0.158,0,FALSE,391,"can_tho,da_nang,hanoi,hcmc,pleiku",FALSE,FALSE,FALSE,services_and_business > home_service > sewing_and_alterations,Home & Garden Services,reviewed_same_name,sewing_and_alterations,0.986,365,professional_services|clothing_store|fashion|printing_services,FALSE
uniform_store,Retail & Shopping,1,taxonomy,Necessary,Necessary,"{""Necessary"": 0.658, ""Social"": 0.613, ""Optional"": 0.112}",0.736,0.613,0.112,0,FALSE,384,"can_tho,da_nang,hanoi,hcmc,pleiku",FALSE,FALSE,FALSE,shopping > fashion_and_apparel_store > clothing_store > uniform_store,Retail & Shopping,reviewed_same_name,uniform_store,0.983,343,costume_store|fashion|printing_services|professional_services,FALSE
farmers_market,Daily Needs & Grocery,1,taxonomy,Necessary,Social|Necessary,"{""Necessary"": 0.331, ""Social"": 0.962, ""Optional"": 0.041}",0.331,0.962,0.041,1,TRUE,383,"can_tho,da_nang,hanoi,hcmc,pleiku",FALSE,FALSE,FALSE,shopping > market > farmers_market,Daily Needs & Grocery,reviewed_same_name,farmers_market,0.997,349,fishmonger|food,FALSE
lake,Recreation & Sport,1,taxonomy,Social,Social|Optional,"{""Necessary"": 0.445, ""Social"": 0.931, ""Optional"": 0.795}",0.445,0.931,0.795,1,TRUE,383,"can_tho,da_nang,hanoi,hcmc,pleiku",FALSE,FALSE,FALSE,geographic_entities > water_feature > lake,Recreation & Sport,reviewed_same_name,lake,0.989,357,fishing_club|aquatic_pet_store|pool_cleaning,FALSE
textile_manufacturer,Agriculture & Industry,1,taxonomy,Necessary,Necessary,"{""Necessary"": 0.221, ""Social"": 0.864, ""Optional"": 0.529}",0.221,0.864,0.529,0,FALSE,383,"can_tho,da_nang,hanoi,hcmc",FALSE,FALSE,FALSE,services_and_business > b2b_service > manufacturer > textile_manufacturer,Business & Professional Services,reviewed_id_match,b2b_textiles,0.997,353,party_and_event_planning,FALSE
lounge,Food & Drink,1,taxonomy,Social,Social,"{""Necessary"": 0.0, ""Social"": 0.974, ""Optional"": 0.355}",0,0.974,0.355,1,TRUE,383,"can_tho,da_nang,hanoi,hcmc,pleiku",FALSE,FALSE,FALSE,food_and_drink > alcoholic_beverage_venue > lounge,Food & Drink,reviewed_same_name,lounge,0.986,353,bar|hotel|pub|restaurant,FALSE
shipping_center,Business & Professional Services,1,taxonomy,Necessary,Necessary,"{""Necessary"": 0.172, ""Social"": 0.672, ""Optional"": 0.032}",0.172,0.672,0.032,0,FALSE,380,"can_tho,da_nang,hanoi,hcmc",FALSE,FALSE,FALSE,services_and_business > shipping_or_delivery_service > shipping_center,Automotive & Transport,reviewed_same_name,shipping_center,0.997,360,freight_and_cargo_service|professional_services|shopping|vehicle_shipping,FALSE
bank,Business & Professional Services,1,taxonomy,Necessary,Necessary,"{""Necessary"": 0.288, ""Social"": 0.783, ""Optional"": 0.412}",0.288,0.783,0.412,0,FALSE,380,"can_tho,da_nang,hanoi,hcmc,pleiku",FALSE,FALSE,FALSE,services_and_business > financial_service > bank_or_credit_union > bank,Business & Professional Services,reviewed_id_match,banks,1,341,bank_credit_union|financial_advising|installment_loans,FALSE
roman_catholic_place_of_worship,Community & Religion,0.723,bart,Social,Social,"{""Necessary"": 0.027, ""Social"": 0.777, ""Optional"": 0.175}",0.027,0.777,0.175,1,TRUE,380,"can_tho,da_nang,hanoi,hcmc,pleiku",FALSE,FALSE,FALSE,cultural_and_historic > place_of_worship > christian_place_of_worship > roman_catholic_place_of_worship,Community & Religion,reviewed_id_match,catholic_church,1,349,religious_organization|church_cathedral,FALSE
soccer_field,Recreation & Sport,1,taxonomy,Social,Social|Optional,"{""Necessary"": 0.096, ""Social"": 0.859, ""Optional"": 0.776}",0.096,0.859,0.776,1,TRUE,379,"can_tho,da_nang,hanoi,hcmc,pleiku",FALSE,FALSE,FALSE,sports_and_recreation > sport_or_fitness_facility > sport_field > soccer_field,Recreation & Sport,reviewed_same_name,soccer_field,0.992,359,football_stadium|playground|sports_and_recreation_venue|stadium_arena,FALSE
carpet_store,Retail & Shopping,1,taxonomy,Necessary,Necessary,"{""Necessary"": 0.12, ""Social"": 0.644, ""Optional"": 0.187}",0.736,0.644,0.187,0,FALSE,378,"can_tho,da_nang,hanoi,hcmc",FALSE,FALSE,FALSE,shopping > specialty_store > hardware_home_and_garden_store > carpet_store,Retail & Shopping,reviewed_same_name,carpet_store,0.994,356,construction_services|furniture_store|home_improvement_store|shopping,FALSE
environmental_conservation_organization,Agriculture & Industry,1,taxonomy,Necessary,Necessary,"{""Necessary"": 0.11, ""Social"": 0.14, ""Optional"": 0.006}",0.11,0.14,0.006,0,FALSE,377,"can_tho,da_nang,hanoi,hcmc,pleiku",FALSE,FALSE,FALSE,services_and_business > environmental_or_ecological_service > environmental_conservation_organization,Agriculture & Industry,reviewed_same_name,environmental_conservation_organization,0.997,351,home_cleaning,FALSE
plastic_manufacturer,Agriculture & Industry,1,taxonomy,Necessary,Necessary,"{""Necessary"": 0.082, ""Social"": 0.765, ""Optional"": 0.35}",0.082,0.765,0.35,0,FALSE,375,"can_tho,da_nang,hanoi,hcmc,pleiku",FALSE,FALSE,FALSE,services_and_business > b2b_service > manufacturer > plastic_manufacturer,Business & Professional Services,reviewed_same_name,plastic_manufacturer,0.997,344,asian_restaurant,FALSE
music_production,Business & Professional Services,1,taxonomy,Necessary,Necessary,"{""Necessary"": 0.082, ""Social"": 0.879, ""Optional"": 0.187}",0.082,0.879,0.187,0,FALSE,375,"can_tho,da_nang,hanoi,hcmc",FALSE,FALSE,FALSE,services_and_business > media_service > media_news_company > music_production,Business & Professional Services,reviewed_same_name,music_production,1,352,record_label,FALSE
b2b_water_treatment_service,Business & Professional Services,1,taxonomy,Necessary,Necessary,"{""Necessary"": 0.42, ""Social"": 0.316, ""Optional"": 0.032}",0.42,0.316,0.032,0,FALSE,374,"can_tho,da_nang,hanoi,hcmc,pleiku",FALSE,FALSE,FALSE,services_and_business > b2b_service > b2b_environmental_service > b2b_water_treatment_service,Business & Professional Services,reviewed_id_match,water_treatment_equipment_and_services,0.994,354,environmental_and_ecological_services_for_businesses|professional_services|shopping|wholesale_store,FALSE
installment_loans,Business & Professional Services,1,taxonomy,Necessary,Necessary,"{""Necessary"": 0.109, ""Social"": 0.856, ""Optional"": 0.237}",0.109,0.856,0.237,0,FALSE,372,"can_tho,da_nang,hanoi,hcmc,pleiku",FALSE,FALSE,FALSE,services_and_business > financial_service > installment_loans,Business & Professional Services,reviewed_same_name,installment_loans,0.997,320,financial_advising|financial_service|shopping,FALSE
movie_theater,Culture & Arts,0.588,bart,Social,Social|Optional,"{""Necessary"": 0.008, ""Social"": 0.018, ""Optional"": 0.012}",0.008,0.018,0.012,1,TRUE,371,"can_tho,da_nang,hanoi,hcmc,pleiku",FALSE,FALSE,FALSE,arts_and_entertainment > movie_theater,Culture & Arts,reviewed_id_match,cinema,0.997,349,drive_in_theater,FALSE
beach,Recreation & Sport,1,taxonomy,Social,Social,"{""Necessary"": 0.002, ""Social"": 0.455, ""Optional"": 0.063}",0.002,0.455,0.063,1,TRUE,366,"can_tho,da_nang,hanoi,hcmc,pleiku",FALSE,FALSE,FALSE,geographic_entities > land_feature > beach,Recreation & Sport,reviewed_same_name,beach,0.991,339,real_estate_service|resort,FALSE
real_estate_investment,Business & Professional Services,1,taxonomy,Necessary,Necessary,"{""Necessary"": 0.062, ""Social"": 0.744, ""Optional"": 0.039}",0.062,0.744,0.039,0,FALSE,365,"can_tho,da_nang,hanoi,hcmc,pleiku",FALSE,FALSE,FALSE,services_and_business > financial_service > real_estate_investment,Business & Professional Services,reviewed_same_name,real_estate_investment,0.997,336,real_estate_service|landmark_and_historical_building|real_estate_agent,FALSE
soup_restaurant,Food & Drink,1,taxonomy,Social,Social,"{""Necessary"": 0.025, ""Social"": 0.34, ""Optional"": 0.008}",0.025,0.34,0.008,1,TRUE,361,"can_tho,da_nang,hanoi,hcmc,pleiku",FALSE,FALSE,FALSE,food_and_drink > restaurant > soup_restaurant,Food & Drink,reviewed_same_name,soup_restaurant,0.997,310,eat_and_drink|fast_food_restaurant|restaurant,FALSE
dance_studio,Education,0.172,bart,Necessary,Necessary,"{""Necessary"": 0.017, ""Social"": 0.52, ""Optional"": 0.009}",0.017,0.52,0.009,0,FALSE,360,"can_tho,da_nang,hanoi,hcmc,pleiku",TRUE,FALSE,FALSE,sports_and_recreation > sport_or_fitness_facility > dance_studio,Recreation & Sport,reviewed_id_match,dance_school,0.997,315,art_school|salsa_club,FALSE
rental_service,Business & Professional Services,1,taxonomy,Necessary,Necessary,"{""Necessary"": 0.339, ""Social"": 0.884, ""Optional"": 0.205}",0.339,0.884,0.205,0,FALSE,359,"can_tho,da_nang,hanoi,hcmc,pleiku",FALSE,FALSE,FALSE,services_and_business > rental_service,Business & Professional Services,reviewed_same_name,rental_service,0.997,324,motorcycle_rentals|professional_services|car_rental_agency|home_goods_store,FALSE
elevator_service,Business & Professional Services,1,taxonomy,Necessary,Necessary,"{""Necessary"": 0.508, ""Social"": 0.705, ""Optional"": 0.282}",0.508,0.705,0.282,0,FALSE,354,"can_tho,da_nang,hanoi,hcmc,pleiku",FALSE,FALSE,FALSE,services_and_business > technical_service > elevator_service,Business & Professional Services,reviewed_same_name,elevator_service,1,331,party_and_event_planning,FALSE
cupcake_shop,Food & Drink,1,taxonomy,Social,Social,"{""Necessary"": 0.022, ""Social"": 0.853, ""Optional"": 0.045}",0.022,0.853,0.045,0,FALSE,351,"can_tho,da_nang,hanoi,hcmc,pleiku",FALSE,FALSE,FALSE,food_and_drink > casual_eatery > dessert_shop > cupcake_shop,Food & Drink,reviewed_same_name,cupcake_shop,1,325,bakery,FALSE
massage_therapy,Beauty & Personal Care,1,taxonomy,Optional,Social|Optional,"{""Necessary"": 0.022, ""Social"": 0.192, ""Optional"": 0.005}",0.848,0.192,0.005,0,FALSE,350,"can_tho,da_nang,hanoi,hcmc,pleiku",FALSE,FALSE,FALSE,lifestyle_services > wellness_service > massage_therapy,Beauty & Personal Care,reviewed_same_name,massage_therapy,0.994,313,spas|health_spa|medical_service_organizations|physical_therapy,FALSE
machine_shop,Business & Professional Services,1,taxonomy,Necessary,Necessary,"{""Necessary"": 0.058, ""Social"": 0.521, ""Optional"": 0.121}",0.058,0.521,0.121,0,FALSE,345,"can_tho,da_nang,hanoi,hcmc,pleiku",FALSE,FALSE,FALSE,services_and_business > technical_service > machine_shop,Business & Professional Services,reviewed_same_name,machine_shop,0.997,322,commercial_industrial|construction_services|shopping,FALSE
airline,Automotive & Transport,1,taxonomy,Necessary,Necessary,"{""Necessary"": 0.56, ""Social"": 0.265, ""Optional"": 0.226}",0.56,0.265,0.226,0,FALSE,345,"can_tho,da_nang,hanoi,hcmc",FALSE,FALSE,FALSE,travel_and_transportation > air_transport_facility_or_service > airline,Automotive & Transport,reviewed_same_name,airline,0.997,308,tours,FALSE
candy_store,Food & Drink,1,taxonomy,Social,Social,"{""Necessary"": 0.017, ""Social"": 0.695, ""Optional"": 0.056}",0.017,0.695,0.056,0,FALSE,342,"can_tho,da_nang,hanoi,hcmc",FALSE,FALSE,FALSE,food_and_drink > casual_eatery > candy_store,Food & Drink,reviewed_same_name,candy_store,0.997,309,shopping,FALSE
parking,Automotive & Transport,1,taxonomy,Necessary,Necessary,"{""Necessary"": 0.361, ""Social"": 0.075, ""Optional"": 0.065}",0.361,0.075,0.065,0,FALSE,339,"can_tho,da_nang,hanoi,hcmc",FALSE,FALSE,FALSE,travel_and_transportation > parking,Automotive & Transport,reviewed_same_name,parking,0.997,307,automotive_repair|transportation,FALSE
superstore,Daily Needs & Grocery,1,taxonomy,Necessary,Necessary,"{""Necessary"": 0.232, ""Social"": 0.05, ""Optional"": 0.134}",0.232,0.05,0.134,0,FALSE,338,"can_tho,da_nang,hanoi,hcmc,pleiku",FALSE,FALSE,FALSE,shopping > superstore,Daily Needs & Grocery,reviewed_same_name,superstore,0.997,292,shopping,FALSE
auto_company,Business & Professional Services,1,taxonomy,Necessary,Necessary,"{""Necessary"": 0.494, ""Social"": 0.9, ""Optional"": 0.68}",0.494,0.9,0.68,0,FALSE,337,"can_tho,da_nang,hanoi,hcmc",FALSE,FALSE,FALSE,services_and_business > corporate_or_business_office > auto_company,Business & Professional Services,reviewed_same_name,auto_company,0.997,309,auto_manufacturers_and_distributors|commercial_vehicle_dealer|motorcycle_dealer|professional_services|shopping|tire_dealer_and_repair,FALSE
lingerie_store,Retail & Shopping,1,taxonomy,Necessary,Necessary,"{""Necessary"": 0.123, ""Social"": 0.798, ""Optional"": 0.211}",0.736,0.798,0.211,0,FALSE,336,"can_tho,da_nang,hanoi,hcmc,pleiku",FALSE,FALSE,FALSE,shopping > fashion_and_apparel_store > clothing_store > lingerie_store,Retail & Shopping,reviewed_same_name,lingerie_store,0.99,302,shopping|womens_clothing_store,FALSE
t_shirt_printing_service,Business & Professional Services,1,taxonomy,Necessary,Necessary,"{""Necessary"": 0.088, ""Social"": 0.538, ""Optional"": 0.043}",0.088,0.538,0.043,0,FALSE,335,"can_tho,da_nang,hanoi,hcmc,pleiku",FALSE,FALSE,FALSE,services_and_business > printing_service > screen_printing_service > t_shirt_printing_service,Business & Professional Services,reviewed_id_match,screen_printing_t_shirt_printing,1,314,printing_services,FALSE
employment_agency,Business & Professional Services,1,taxonomy,Necessary,Necessary,"{""Necessary"": 0.116, ""Social"": 0.749, ""Optional"": 0.052}",0.116,0.749,0.052,0,FALSE,335,"can_tho,da_nang,hanoi,hcmc,pleiku",FALSE,FALSE,FALSE,services_and_business > professional_service > employment_agency,Business & Professional Services,reviewed_id_match,employment_agencies,1,296,professional_services,FALSE
home_security,Home & Garden Services,1,taxonomy,Necessary,Necessary,"{""Necessary"": 0.06, ""Social"": 0.71, ""Optional"": 0.284}",0.06,0.71,0.284,0,FALSE,334,"can_tho,da_nang,hanoi,hcmc,pleiku",FALSE,FALSE,FALSE,services_and_business > home_service > home_security,Home & Garden Services,reviewed_same_name,home_security,0.991,317,internet_service_provider|photography_store_and_services|professional_services,FALSE
merchandising_service,Business & Professional Services,1,taxonomy,Necessary,Necessary,"{""Necessary"": 0.193, ""Social"": 0.105, ""Optional"": 0.004}",0.193,0.105,0.004,0,FALSE,332,"can_tho,da_nang,hanoi,hcmc,pleiku",FALSE,FALSE,FALSE,services_and_business > professional_service > merchandising_service,Business & Professional Services,reviewed_same_name,merchandising_service,0.997,297,bubble_tea|business_advertising|business_manufacturing_and_supply,FALSE
landscaping,Home & Garden Services,1,taxonomy,Necessary,Necessary,"{""Necessary"": 0.082, ""Social"": 0.094, ""Optional"": 0.196}",0.082,0.094,0.196,0,FALSE,332,"can_tho,da_nang,hanoi,hcmc,pleiku",FALSE,FALSE,FALSE,services_and_business > home_service > landscaping,Home & Garden Services,reviewed_same_name,landscaping,0.997,311,gardener,FALSE
taxi_service,Business & Professional Services,1,taxonomy,Necessary,Necessary,"{""Necessary"": 0.523, ""Social"": 0.559, ""Optional"": 0.119}",0.523,0.559,0.119,0,FALSE,331,"can_tho,da_nang,hanoi,hcmc,pleiku",FALSE,FALSE,FALSE,travel_and_transportation > ground_transport_facility_or_service > taxi_or_ride_share_service > taxi_service,Automotive & Transport,reviewed_same_name,taxi_service,0.993,289,automotive_services_and_repair|transportation|travel_services,FALSE
discount_store,Retail & Shopping,1,taxonomy,Necessary,Necessary,"{""Necessary"": 0.292, ""Social"": 0.762, ""Optional"": 0.396}",0.736,0.762,0.396,0,FALSE,331,"can_tho,da_nang,hanoi,hcmc,pleiku",FALSE,FALSE,FALSE,shopping > discount_store,Retail & Shopping,reviewed_same_name,discount_store,0.993,305,grocery_store,FALSE
pet_sitting,Pet Services,1,taxonomy,Necessary,Necessary,"{""Necessary"": 0.014, ""Social"": 0.863, ""Optional"": 0.209}",0.014,0.863,0.209,0,FALSE,330,"can_tho,da_nang,hanoi,hcmc",FALSE,FALSE,FALSE,lifestyle_services > animal_or_pet_service > pet_care_service > pet_sitting,Pet Services,reviewed_same_name,pet_sitting,0.994,308,pet_services|pet_store|resort|veterinarian,FALSE
nutrition_service,Healthcare,1,taxonomy,Necessary,Necessary,"{""Necessary"": 0.206, ""Social"": 0.858, ""Optional"": 0.053}",0.206,0.858,0.053,0,FALSE,323,"can_tho,da_nang,hanoi,hcmc",FALSE,FALSE,FALSE,lifestyle_services > wellness_service > nutrition_service,Beauty & Personal Care,reviewed_id_match,nutritionist,0.993,288,dance_school|diagnostic_services|fitness_trainer|health_and_medical|naturopathic_holistic,FALSE
dance_club,Recreation & Sport,1,taxonomy,Social,Social,"{""Necessary"": 0.032, ""Social"": 0.875, ""Optional"": 0.143}",0.032,0.875,0.143,1,TRUE,323,"can_tho,da_nang,hanoi,hcmc",FALSE,FALSE,FALSE,arts_and_entertainment > nightlife_venue > dance_club,Food & Drink,reviewed_same_name,dance_club,0.98,294,karaoke|active_life|bar|community_services_non_profits|eat_and_drink|lounge|restaurant,FALSE
educational_research_institute,Education,1,taxonomy,Necessary,Necessary,"{""Necessary"": 0.3, ""Social"": 0.015, ""Optional"": 0.001}",0.3,0.015,0.001,0,FALSE,321,"can_tho,da_nang,hanoi,hcmc,pleiku",FALSE,FALSE,FALSE,education > research_institute > educational_research_institute,Education,reviewed_same_name,educational_research_institute,1,290,school,FALSE
food_delivery_service,Food & Drink,1,taxonomy,Social,Social,"{""Necessary"": 0.206, ""Social"": 0.295, ""Optional"": 0.002}",0.206,0.295,0.002,0,FALSE,318,"can_tho,da_nang,hanoi,hcmc,pleiku",FALSE,FALSE,FALSE,lifestyle_services > food_service > food_delivery_service,Food & Drink,reviewed_same_name,food_delivery_service,0.986,293,freight_and_cargo_service|beach|chicken_restaurant|diner|eat_and_drink|food_beverage_service_distribution|restaurant,FALSE
pilates_studio,Recreation & Sport,1,taxonomy,Social,Social,"{""Necessary"": 0.095, ""Social"": 0.268, ""Optional"": 0.011}",0.095,0.268,0.011,0,FALSE,316,"da_nang,hanoi,hcmc",FALSE,FALSE,FALSE,sports_and_recreation > sport_or_fitness_facility > fitness_studio > pilates_studio,Recreation & Sport,reviewed_same_name,pilates_studio,1,280,gym,FALSE
gardener,Home & Garden Services,1,taxonomy,Necessary,Necessary,"{""Necessary"": 0.101, ""Social"": 0.952, ""Optional"": 0.867}",0.101,0.952,0.867,0,FALSE,315,"can_tho,da_nang,hanoi,hcmc,pleiku",FALSE,FALSE,FALSE,services_and_business > home_service > landscaping > gardener,Home & Garden Services,reviewed_same_name,gardener,0.997,293,nursery_and_gardening,FALSE
fishmonger,Daily Needs & Grocery,1,taxonomy,Necessary,Necessary,"{""Necessary"": 0.067, ""Social"": 0.78, ""Optional"": 0.032}",0.067,0.78,0.032,0,FALSE,307,"can_tho,da_nang,hanoi,hcmc",FALSE,FALSE,FALSE,shopping > food_and_beverage_store > fishmonger,Daily Needs & Grocery,reviewed_same_name,fishmonger,0.99,292,seafood_restaurant|restaurant,FALSE
commercial_real_estate,Business & Professional Services,1,taxonomy,Necessary,Necessary,"{""Necessary"": 0.7, ""Social"": 0.353, ""Optional"": 0.009}",0.7,0.353,0.009,0,FALSE,303,"can_tho,da_nang,hanoi,hcmc",FALSE,FALSE,FALSE,services_and_business > real_estate_service > commercial_real_estate,Business & Professional Services,reviewed_same_name,commercial_real_estate,0.996,282,real_estate_service|cafe,FALSE
political_organization,Civic & Government,1,taxonomy,Necessary,Necessary,"{""Necessary"": 0.047, ""Social"": 0.286, ""Optional"": 0.009}",0.047,0.286,0.009,0,FALSE,299,"can_tho,da_nang,hanoi,hcmc,pleiku",FALSE,FALSE,FALSE,community_and_government > civic_organization > political_organization,Civic & Government,reviewed_same_name,political_organization,0.996,265,community_services_non_profits,FALSE
bridge,Utilities & Infrastructure,1,taxonomy,Necessary,Necessary,"{""Necessary"": 0.452, ""Social"": 0.856, ""Optional"": 0.696}",0.452,0.856,0.696,0,FALSE,298,"can_tho,da_nang,hanoi,hcmc,pleiku",FALSE,FALSE,FALSE,geographic_entities > built_feature > bridge,Civic & Government,reviewed_same_name,bridge,1,279,,FALSE
appliance_manufacturer,Business & Professional Services,1,taxonomy,Necessary,Necessary,"{""Necessary"": 0.162, ""Social"": 0.741, ""Optional"": 0.326}",0.162,0.741,0.326,0,FALSE,296,"can_tho,da_nang,hanoi,hcmc",FALSE,FALSE,FALSE,services_and_business > b2b_service > manufacturer > appliance_manufacturer,Business & Professional Services,reviewed_same_name,appliance_manufacturer,0.996,279,shopping,FALSE
outlet_store,Retail & Shopping,1,taxonomy,Necessary,Necessary,"{""Necessary"": 0.344, ""Social"": 0.731, ""Optional"": 0.387}",0.736,0.731,0.387,0,FALSE,296,"can_tho,da_nang,hanoi,hcmc,pleiku",FALSE,FALSE,FALSE,shopping > specialty_store > outlet_store,Retail & Shopping,reviewed_same_name,outlet_store,0.992,259,party_and_event_planning|shopping,FALSE
military_site,Civic & Government,1,taxonomy,Necessary,Necessary,"{""Necessary"": 0.52, ""Social"": 0.347, ""Optional"": 0.025}",0.52,0.347,0.025,0,FALSE,295,"can_tho,da_nang,hanoi,hcmc,pleiku",FALSE,FALSE,FALSE,community_and_government > military_site,Civic & Government,reviewed_id_match,armed_forces_branch,1,279,public_service_and_government,FALSE
hunting_and_fishing_store,Retail & Shopping,0.127,bart,Necessary,Necessary,"{""Necessary"": 0.003, ""Social"": 0.006, ""Optional"": 0.014}",0.736,0.006,0.014,0,FALSE,291,"can_tho,da_nang,hanoi,hcmc,pleiku",FALSE,FALSE,FALSE,shopping > specialty_store > sporting_goods_store > hunting_and_fishing_store,Retail & Shopping,reviewed_id_match,hunting_and_fishing_supplies,0.993,269,shopping|sporting_goods,FALSE
internet_marketing_service,Business & Professional Services,1,taxonomy,Necessary,Necessary,"{""Necessary"": 0.091, ""Social"": 0.74, ""Optional"": 0.101}",0.091,0.74,0.101,0,FALSE,287,"can_tho,da_nang,hanoi,hcmc,pleiku",FALSE,FALSE,FALSE,services_and_business > professional_service > internet_marketing_service,Business & Professional Services,reviewed_same_name,internet_marketing_service,1,262,,FALSE
psychic_advising,Healthcare,0.123,bart,Necessary,Necessary,"{""Necessary"": 0.9, ""Social"": 0.843, ""Optional"": 0.104}",0.9,0.843,0.104,0,FALSE,283,"can_tho,da_nang,hanoi,hcmc,pleiku",FALSE,FALSE,FALSE,arts_and_entertainment > spiritual_advising > psychic_advising,Community & Religion,reviewed_id_match,psychic,1,241,,FALSE
bar_and_grill_restaurant,Food & Drink,1,taxonomy,Social,Social,"{""Necessary"": 0.01, ""Social"": 0.121, ""Optional"": 0.003}",0.01,0.121,0.003,1,TRUE,282,"can_tho,da_nang,hanoi,hcmc",FALSE,FALSE,FALSE,food_and_drink > restaurant > bar_and_grill_restaurant,Food & Drink,reviewed_same_name,bar_and_grill_restaurant,0.985,266,restaurant|barbecue_restaurant|coffee_shop|professional_services,FALSE
naturopathic_medicine,Healthcare,1,taxonomy,Necessary,Necessary,"{""Necessary"": 0.123, ""Social"": 0.767, ""Optional"": 0.158}",0.123,0.767,0.158,0,FALSE,281,"can_tho,da_nang,hanoi,hcmc",FALSE,FALSE,FALSE,health_care > outpatient_care_facility > complementary_and_alternative_medicine > naturopathic_medicine,Healthcare,reviewed_id_match,naturopathic_holistic,0.992,258,business_manufacturing_and_supply|shopping_center,FALSE
buffet_restaurant,Food & Drink,1,taxonomy,Social,Social,"{""Necessary"": 0.011, ""Social"": 0.041, ""Optional"": 0.002}",0.011,0.041,0.002,1,TRUE,275,"can_tho,da_nang,hanoi,hcmc,pleiku",FALSE,FALSE,FALSE,food_and_drink > restaurant > buffet_restaurant,Food & Drink,reviewed_same_name,buffet_restaurant,0.988,246,restaurant|barbecue_restaurant|cafe|diner|shopping_center|sushi_restaurant,FALSE
airport,Automotive & Transport,1,taxonomy,Necessary,Necessary,"{""Necessary"": 0.069, ""Social"": 0.115, ""Optional"": 0.082}",0.069,0.115,0.082,0,FALSE,274,"can_tho,da_nang,hanoi,hcmc,pleiku",FALSE,FALSE,FALSE,travel_and_transportation > air_transport_facility_or_service > airport,Automotive & Transport,reviewed_same_name,airport,1,248,,FALSE
obstetrics_and_gynecology,Healthcare,1,taxonomy,Necessary,Necessary,"{""Necessary"": 0.9, ""Social"": 0.263, ""Optional"": 0.004}",0.9,0.263,0.004,0,FALSE,270,"can_tho,da_nang,hanoi,hcmc,pleiku",FALSE,FALSE,FALSE,health_care > outpatient_care_facility > reproductive_perinatal_and_womens_care > obstetrics_and_gynecology,Healthcare,reviewed_id_match,obstetrician_and_gynecologist,0.996,257,diagnostic_services|fertility|maternity_centers,FALSE
library,Community & Religion,1,taxonomy,Social,Social,"{""Necessary"": 0.073, ""Social"": 0.165, ""Optional"": 0.071}",0.073,0.165,0.071,1,TRUE,263,"can_tho,da_nang,hanoi,hcmc",FALSE,FALSE,FALSE,education > library,Community & Religion,reviewed_same_name,library,0.996,239,school,FALSE
arcade,Recreation & Sport,1,taxonomy,Social,Social,"{""Necessary"": 0.103, ""Social"": 0.625, ""Optional"": 0.208}",0.103,0.625,0.208,1,TRUE,263,"can_tho,da_nang,hanoi,hcmc,pleiku",FALSE,FALSE,FALSE,arts_and_entertainment > gaming_venue > arcade,Recreation & Sport,reviewed_same_name,arcade,0.988,247,construction_services|shopping|sports_and_recreation_venue,FALSE
badminton_court,Recreation & Sport,1,taxonomy,Optional,Optional,"{""Necessary"": 0.042, ""Social"": 0.357, ""Optional"": 0.416}",0.042,0.357,0.416,1,TRUE,262,"can_tho,da_nang,hanoi,hcmc,pleiku",FALSE,FALSE,FALSE,sports_and_recreation > sport_or_fitness_facility > sport_court > badminton_court,Recreation & Sport,reviewed_same_name,badminton_court,1,238,,FALSE
lodge,Accommodation & Travel,1,taxonomy,Social,Social,"{""Necessary"": 0.088, ""Social"": 0.575, ""Optional"": 0.136}",0.088,0.575,0.136,0,FALSE,262,"can_tho,da_nang,hanoi,hcmc,pleiku",FALSE,FALSE,FALSE,lodging > lodge,Accommodation & Travel,reviewed_same_name,lodge,0.992,245,hotel,FALSE
charity_organization,Civic & Government,1,taxonomy,Necessary,Necessary,"{""Necessary"": 0.023, ""Social"": 0.777, ""Optional"": 0.057}",0.023,0.777,0.057,0,FALSE,259,"can_tho,da_nang,hanoi,hcmc",FALSE,FALSE,FALSE,community_and_government > civic_organization > charity_organization,Civic & Government,reviewed_same_name,charity_organization,0.987,239,community_services_non_profits|hospital|media_agency,FALSE
youth_organization,Community & Religion,1,taxonomy,Necessary,Necessary,"{""Necessary"": 0.08, ""Social"": 0.942, ""Optional"": 0.579}",0.08,0.942,0.579,0,FALSE,259,"can_tho,da_nang,hanoi,hcmc,pleiku",FALSE,FALSE,FALSE,community_and_government > social_or_community_service > youth_organization,Community & Religion,reviewed_id_match,youth_organizations,0.991,231,community_services_non_profits|music_venue,FALSE
media_service,Business & Professional Services,0.114,bart,Necessary,Necessary,"{""Necessary"": 0.934, ""Social"": 0.34, ""Optional"": 0.51}",0.934,0.34,0.51,0,FALSE,258,"can_tho,da_nang,hanoi,hcmc,pleiku",FALSE,FALSE,FALSE,services_and_business > media_service,Business & Professional Services,reviewed_id_match,mass_media,0.982,219,media_news_website|post_office|print_media|telecommunications_company,FALSE
town_hall,Civic & Government,1,taxonomy,Necessary,Necessary,"{""Necessary"": 0.289, ""Social"": 0.974, ""Optional"": 0.64}",0.289,0.974,0.64,0,FALSE,258,"can_tho,da_nang,hanoi,hcmc,pleiku",FALSE,FALSE,FALSE,community_and_government > government_office > town_hall,Civic & Government,reviewed_same_name,town_hall,0.984,247,church_cathedral|cultural_center,FALSE
media_news_website,Business & Professional Services,1,taxonomy,Necessary,Necessary,"{""Necessary"": 0.281, ""Social"": 0.913, ""Optional"": 0.667}",0.281,0.913,0.667,0,FALSE,257,"can_tho,da_nang,hanoi,hcmc,pleiku",FALSE,FALSE,FALSE,services_and_business > media_service > media_news_website,Business & Professional Services,reviewed_same_name,media_news_website,1,210,,FALSE
apparel_manufacturer,Business & Professional Services,1,taxonomy,Necessary,Necessary,"{""Necessary"": 0.291, ""Social"": 0.869, ""Optional"": 0.683}",0.291,0.869,0.683,0,FALSE,256,"can_tho,da_nang,hanoi,hcmc",FALSE,FALSE,FALSE,services_and_business > b2b_service > manufacturer > apparel_manufacturer,Business & Professional Services,reviewed_id_match,b2b_apparel,0.987,236,clothing_store|fashion_accessories_store|shopping,FALSE
glass_and_mirror_sales_service,Home & Garden Services,1,taxonomy,Necessary,Necessary,"{""Necessary"": 0.077, ""Social"": 0.291, ""Optional"": 0.077}",0.077,0.291,0.077,0,FALSE,255,"can_tho,da_nang,hanoi,hcmc,pleiku",FALSE,FALSE,FALSE,services_and_business > home_service > glass_and_mirror_sales_service,Home & Garden Services,reviewed_same_name,glass_and_mirror_sales_service,0.988,242,eyewear_and_optician|shopping,FALSE
cultural_center,Culture & Arts,1,taxonomy,Social,Social|Optional,"{""Necessary"": 0.068, ""Social"": 0.979, ""Optional"": 0.649}",0.068,0.979,0.649,1,TRUE,250,"can_tho,da_nang,hanoi,hcmc,pleiku",FALSE,FALSE,FALSE,cultural_and_historic > cultural_center,Culture & Arts,reviewed_same_name,cultural_center,0.987,238,arts_and_crafts|party_and_event_planning|sports_and_recreation_venue,FALSE
auto_customization,Business & Professional Services,1,taxonomy,Necessary,Necessary,"{""Necessary"": 0.078, ""Social"": 0.893, ""Optional"": 0.75}",0.078,0.893,0.75,0,FALSE,249,"can_tho,da_nang,hanoi,hcmc,pleiku",FALSE,FALSE,FALSE,travel_and_transportation > vehicle_service > automotive_service > auto_customization,Automotive & Transport,reviewed_same_name,auto_customization,1,234,automotive_repair|auto_company,FALSE
steakhouse,Food & Drink,1,taxonomy,Social,Social,"{""Necessary"": 0.018, ""Social"": 0.101, ""Optional"": 0.015}",0.018,0.101,0.015,1,TRUE,247,"can_tho,da_nang,hanoi,hcmc",FALSE,FALSE,FALSE,food_and_drink > restaurant > meat_restaurant > steakhouse,Food & Drink,reviewed_same_name,steakhouse,0.991,229,italian_restaurant|restaurant|shopping,FALSE
electric_utility_provider,Utilities & Infrastructure,1,taxonomy,Necessary,Necessary,"{""Necessary"": 0.153, ""Social"": 0.482, ""Optional"": 0.068}",0.153,0.482,0.068,0,FALSE,240,"can_tho,da_nang,hanoi,hcmc,pleiku",FALSE,FALSE,FALSE,community_and_government > public_utility > electric_utility_provider,Utilities & Infrastructure,reviewed_same_name,electric_utility_provider,0.991,231,aquatic_pet_store|energy_company,FALSE
hobby_shop,Retail & Shopping,1,taxonomy,Necessary,Necessary,"{""Necessary"": 0.003, ""Social"": 0.412, ""Optional"": 0.193}",0.736,0.412,0.193,0,FALSE,239,"can_tho,da_nang,hanoi,hcmc",FALSE,FALSE,FALSE,shopping > specialty_store > arts_crafts_and_hobby_store > hobby_shop,Retail & Shopping,reviewed_same_name,hobby_shop,0.991,224,public_service_and_government|shopping|toy_store,FALSE
shoe_repair,Beauty & Personal Care,1,taxonomy,Necessary,Necessary,"{""Necessary"": 0.285, ""Social"": 0.805, ""Optional"": 0.139}",0.848,0.805,0.139,0,FALSE,237,"can_tho,da_nang,hanoi,hcmc",FALSE,FALSE,FALSE,lifestyle_services > personal_or_beauty_service > shoe_repair,Beauty & Personal Care,reviewed_same_name,shoe_repair,0.986,218,shoe_store|sporting_goods,FALSE
solar_installation,Home & Garden Services,1,taxonomy,Necessary,Necessary,"{""Necessary"": 0.125, ""Social"": 0.409, ""Optional"": 0.245}",0.125,0.409,0.245,0,FALSE,234,"can_tho,da_nang,hanoi,hcmc,pleiku",FALSE,FALSE,FALSE,services_and_business > home_service > solar_installation,Home & Garden Services,reviewed_same_name,solar_installation,0.991,216,b2b_energy_and_mining|bank_credit_union,FALSE
countertop_installation,Home & Garden Services,1,taxonomy,Necessary,Necessary,"{""Necessary"": 0.151, ""Social"": 0.703, ""Optional"": 0.385}",0.151,0.703,0.385,0,FALSE,233,"can_tho,da_nang,hanoi,hcmc,pleiku",FALSE,FALSE,FALSE,services_and_business > home_service > countertop_installation,Home & Garden Services,reviewed_same_name,countertop_installation,0.995,219,interior_design,FALSE
italian_restaurant,Food & Drink,1,taxonomy,Social,Social,"{""Necessary"": 0.021, ""Social"": 0.42, ""Optional"": 0.023}",0.021,0.42,0.023,1,TRUE,233,"can_tho,da_nang,hanoi,hcmc",FALSE,FALSE,FALSE,food_and_drink > restaurant > european_restaurant > mediterranean_restaurant > italian_restaurant,Food & Drink,reviewed_same_name,italian_restaurant,0.995,217,burger_restaurant|diner|restaurant,FALSE
bottled_water_company,Business & Professional Services,1,taxonomy,Necessary,Necessary,"{""Necessary"": 0.097, ""Social"": 0.759, ""Optional"": 0.341}",0.097,0.759,0.341,0,FALSE,231,"can_tho,da_nang,hanoi,hcmc",FALSE,FALSE,FALSE,services_and_business > corporate_or_business_office > bottled_water_company,Business & Professional Services,reviewed_same_name,bottled_water_company,0.995,210,grocery_store,FALSE
souvenir_store,Retail & Shopping,0.09,bart,Necessary,Necessary,"{""Necessary"": 0.024, ""Social"": 0.348, ""Optional"": 0.007}",0.736,0.348,0.007,0,FALSE,231,"can_tho,da_nang,hanoi,hcmc",FALSE,FALSE,FALSE,shopping > specialty_store > souvenir_store,Retail & Shopping,reviewed_id_match,souvenir_shop,0.995,212,coffee_shop,FALSE
masonry_concrete,Home & Garden Services,1,taxonomy,Necessary,Necessary,"{""Necessary"": 0.263, ""Social"": 0.834, ""Optional"": 0.522}",0.263,0.834,0.522,0,FALSE,227,"can_tho,da_nang,hanoi,hcmc,pleiku",FALSE,FALSE,FALSE,services_and_business > home_service > masonry_concrete,Home & Garden Services,reviewed_same_name,masonry_concrete,0.995,204,architectural_designer,FALSE
video_game_store,Retail & Shopping,1,taxonomy,Necessary,Necessary,"{""Necessary"": 0.029, ""Social"": 0.491, ""Optional"": 0.071}",0.736,0.491,0.071,0,FALSE,226,"can_tho,da_nang,hanoi,hcmc",FALSE,FALSE,FALSE,shopping > specialty_store > books_music_and_video_store > video_game_store,Retail & Shopping,reviewed_same_name,video_game_store,0.991,214,arcade|coffee_shop|computer_store,FALSE
restaurant_equipment_and_supply,Business & Professional Services,1,taxonomy,Necessary,Necessary,"{""Necessary"": 0.3, ""Social"": 0.042, ""Optional"": 0.008}",0.3,0.042,0.008,0,FALSE,218,"can_tho,da_nang,hanoi,hcmc",FALSE,FALSE,FALSE,services_and_business > b2b_service > supplier_or_distributor > restaurant_equipment_and_supply,Business & Professional Services,reviewed_same_name,restaurant_equipment_and_supply,0.986,207,commercial_industrial|furniture_store|shopping|wholesale_store,FALSE
energy_company,Business & Professional Services,1,taxonomy,Necessary,Necessary,"{""Necessary"": 0.116, ""Social"": 0.877, ""Optional"": 0.517}",0.116,0.877,0.517,0,FALSE,216,"can_tho,da_nang,hanoi,hcmc,pleiku",FALSE,FALSE,FALSE,services_and_business > corporate_or_business_office > energy_company,Business & Professional Services,reviewed_same_name,energy_company,1,204,party_and_event_planning,FALSE
playground,Recreation & Sport,1,taxonomy,Social,Social|Optional,"{""Necessary"": 0.009, ""Social"": 0.991, ""Optional"": 0.587}",0.009,0.991,0.587,1,TRUE,216,"can_tho,da_nang,hanoi,hcmc",FALSE,FALSE,FALSE,sports_and_recreation > park > playground,Recreation & Sport,reviewed_same_name,playground,0.985,204,arcade|grocery_store|professional_services,FALSE
pediatric_clinic,Healthcare,1,taxonomy,Necessary,Necessary,"{""Necessary"": 0.123, ""Social"": 0.907, ""Optional"": 0.329}",0.123,0.907,0.329,0,FALSE,214,"can_tho,da_nang,hanoi,hcmc,pleiku",FALSE,FALSE,FALSE,health_care > outpatient_care_facility > pediatric_clinic,Healthcare,reviewed_id_match,pediatrician,0.995,195,hospital|professional_services,FALSE
home_health_care,Healthcare,1,taxonomy,Necessary,Necessary,"{""Necessary"": 0.235, ""Social"": 0.737, ""Optional"": 0.007}",0.235,0.737,0.007,0,FALSE,214,"can_tho,da_nang,hanoi,hcmc,pleiku",FALSE,FALSE,FALSE,health_care > medical_service > home_health_care,Healthcare,reviewed_same_name,home_health_care,1,199,health_and_medical,FALSE
agricultural_cooperative,Business & Professional Services,1,taxonomy,Necessary,Necessary,"{""Necessary"": 0.028, ""Social"": 0.7, ""Optional"": 0.014}",0.028,0.7,0.014,0,FALSE,214,"can_tho,da_nang,hanoi,hcmc,pleiku",FALSE,FALSE,FALSE,services_and_business > b2b_service > b2b_agriculture_service > agricultural_cooperative,Business & Professional Services,reviewed_id_match,agricultural_cooperatives,0.99,197,agricultural_service|agriculture,FALSE
windows_installation,Home & Garden Services,1,taxonomy,Necessary,Necessary,"{""Necessary"": 0.102, ""Social"": 0.669, ""Optional"": 0.229}",0.102,0.669,0.229,0,FALSE,211,"can_tho,da_nang,hanoi,hcmc",FALSE,FALSE,FALSE,services_and_business > home_service > windows_installation,Home & Garden Services,reviewed_same_name,windows_installation,0.99,192,home_service|linen,FALSE
medical_supply_store,Healthcare,0.547,bart,Necessary,Necessary,"{""Necessary"": 0.53, ""Social"": 0.662, ""Optional"": 0.003}",0.53,0.662,0.003,0,FALSE,210,"can_tho,da_nang,hanoi,hcmc",FALSE,FALSE,FALSE,shopping > specialty_store > medical_supply_store,Retail & Shopping,reviewed_id_match,medical_supply,0.978,186,pharmacy|hair_salon,FALSE
dry_cleaning,Home & Garden Services,1,taxonomy,Necessary,Necessary,"{""Necessary"": 0.211, ""Social"": 0.567, ""Optional"": 0.155}",0.211,0.567,0.155,0,FALSE,209,"can_tho,da_nang,hanoi,hcmc,pleiku",FALSE,FALSE,FALSE,services_and_business > laundry_service > dry_cleaning,Home & Garden Services,reviewed_same_name,dry_cleaning,0.989,183,furniture_store|home_cleaning|spas,FALSE
theatre_venue,Culture & Arts,0.471,bart,Necessary,Social|Necessary,"{""Necessary"": 0.009, ""Social"": 0.006, ""Optional"": 0.005}",0.009,0.006,0.005,1,TRUE,206,"can_tho,da_nang,hanoi,hcmc",FALSE,FALSE,FALSE,arts_and_entertainment > performing_arts_venue > theatre_venue,Culture & Arts,reviewed_id_match,theatre,0.995,189,arts_and_entertainment,FALSE
plumbing,Home & Garden Services,1,taxonomy,Necessary,Necessary,"{""Necessary"": 0.51, ""Social"": 0.223, ""Optional"": 0.031}",0.51,0.223,0.031,0,FALSE,205,"can_tho,da_nang,hanoi,hcmc",FALSE,FALSE,FALSE,services_and_business > home_service > plumbing,Home & Garden Services,reviewed_same_name,plumbing,1,189,,FALSE
automation_service,Business & Professional Services,1,taxonomy,Necessary,Necessary,"{""Necessary"": 0.225, ""Social"": 0.215, ""Optional"": 0.048}",0.225,0.215,0.048,0,FALSE,201,"can_tho,da_nang,hanoi,hcmc",FALSE,FALSE,FALSE,services_and_business > b2b_service > b2b_industrial_and_machine_service > automation_service,Business & Professional Services,reviewed_id_match,automation_services,1,186,industrial_equipment,FALSE
medical_research_institute,Business & Professional Services,1,taxonomy,Necessary,Necessary,"{""Necessary"": 0.47, ""Social"": 0.255, ""Optional"": 0.001}",0.47,0.255,0.001,0,FALSE,200,"can_tho,da_nang,hanoi,hcmc",FALSE,FALSE,FALSE,education > research_institute > medical_research_institute,Education,reviewed_id_match,medical_research_and_development,1,186,,FALSE
key_and_locksmith,Home & Garden Services,1,taxonomy,Necessary,Necessary,"{""Necessary"": 0.58, ""Social"": 0.499, ""Optional"": 0.018}",0.58,0.499,0.018,0,FALSE,200,"can_tho,da_nang,hanoi,hcmc",FALSE,FALSE,FALSE,services_and_business > home_service > key_and_locksmith,Home & Garden Services,reviewed_same_name,key_and_locksmith,0.995,189,automotive_repair,FALSE
property_management,Business & Professional Services,1,taxonomy,Necessary,Necessary,"{""Necessary"": 0.111, ""Social"": 0.85, ""Optional"": 0.26}",0.111,0.85,0.26,0,FALSE,198,"can_tho,da_nang,hanoi,hcmc",FALSE,FALSE,FALSE,services_and_business > real_estate_service > property_management,Business & Professional Services,reviewed_same_name,property_management,1,174,real_estate_service|appraisal_services,FALSE
funeral_service,Business & Professional Services,0.147,bart,Necessary,Necessary,"{""Necessary"": 0.1, ""Social"": 0.001, ""Optional"": 0.0}",0.1,0.001,0,0,FALSE,196,"can_tho,da_nang,hanoi,hcmc,pleiku",FALSE,FALSE,FALSE,services_and_business > family_service > funeral_service,Community & Religion,reviewed_id_match,funeral_services_and_cemeteries,0.989,180,church_cathedral|shopping,FALSE
amusement_park,Recreation & Sport,1,taxonomy,Optional,Optional,"{""Necessary"": 0.001, ""Social"": 0.41, ""Optional"": 0.877}",0.001,0.41,0.877,1,TRUE,193,"can_tho,da_nang,hanoi,hcmc,pleiku",FALSE,FALSE,FALSE,arts_and_entertainment > amusement_attraction > amusement_park,Recreation & Sport,reviewed_same_name,amusement_park,0.989,180,business_manufacturing_and_supply|tours,FALSE
trusts,Business & Professional Services,1,taxonomy,Necessary,Necessary,"{""Necessary"": 0.298, ""Social"": 0.917, ""Optional"": 0.18}",0.298,0.917,0.18,0,FALSE,187,"can_tho,da_nang,hanoi,hcmc",FALSE,FALSE,FALSE,services_and_business > financial_service > trusts,Business & Professional Services,reviewed_same_name,trusts,1,177,accountant|professional_services,FALSE
fire_protection_service,Home & Garden Services,1,taxonomy,Necessary,Necessary,"{""Necessary"": 0.025, ""Social"": 0.014, ""Optional"": 0.002}",0.025,0.014,0.002,0,FALSE,183,"can_tho,da_nang,hanoi,hcmc",FALSE,FALSE,FALSE,services_and_business > home_service > fire_protection_service,Home & Garden Services,reviewed_same_name,fire_protection_service,1,166,,FALSE
environmental_or_ecological_service,Business & Professional Services,0.354,bart,Necessary,Necessary,"{""Necessary"": 0.006, ""Social"": 0.004, ""Optional"": 0.001}",0.006,0.004,0.001,0,FALSE,183,"can_tho,da_nang,hanoi,hcmc",FALSE,FALSE,FALSE,services_and_business > environmental_or_ecological_service,Agriculture & Industry,reviewed_id_match,environmental_and_ecological_services_for_businesses,1,167,,FALSE
notary_public,Business & Professional Services,1,taxonomy,Necessary,Necessary,"{""Necessary"": 0.237, ""Social"": 0.902, ""Optional"": 0.614}",0.237,0.902,0.614,0,FALSE,181,"can_tho,da_nang,hanoi,hcmc",FALSE,FALSE,FALSE,services_and_business > legal_service > notary_public,Business & Professional Services,reviewed_same_name,notary_public,1,172,party_and_event_planning|professional_services,FALSE
television_service_provider,Home & Garden Services,1,taxonomy,Necessary,Necessary,"{""Necessary"": 0.06, ""Social"": 0.681, ""Optional"": 0.128}",0.06,0.681,0.128,0,FALSE,179,"can_tho,da_nang,hanoi,hcmc,pleiku",FALSE,FALSE,FALSE,services_and_business > home_service > television_service_provider,Home & Garden Services,reviewed_id_match,television_service_providers,0.97,167,telecommunications_company|electronics|shopping,FALSE
laboratory_testing,Healthcare,1,taxonomy,Necessary,Necessary,"{""Necessary"": 0.01, ""Social"": 0.002, ""Optional"": 0.001}",0.01,0.002,0.001,0,FALSE,179,"can_tho,da_nang,hanoi,hcmc,pleiku",FALSE,FALSE,FALSE,health_care > outpatient_care_facility > diagnostics_imaging_or_lab_service > laboratory_testing,Healthcare,reviewed_same_name,laboratory_testing,1,169,medical_service_organizations,FALSE
carpenter,Home & Garden Services,1,taxonomy,Necessary,Necessary,"{""Necessary"": 0.127, ""Social"": 0.822, ""Optional"": 0.377}",0.127,0.822,0.377,0,FALSE,178,"can_tho,da_nang,hanoi,hcmc",FALSE,FALSE,FALSE,services_and_business > home_service > carpenter,Home & Garden Services,reviewed_same_name,carpenter,0.988,161,furniture_store|interior_design,FALSE
specialty_foods_store,Food & Drink,0.283,bart,Social,Social,"{""Necessary"": 0.032, ""Social"": 0.756, ""Optional"": 0.012}",0.032,0.756,0.012,0,FALSE,178,"can_tho,da_nang,hanoi,hcmc,pleiku",FALSE,FALSE,FALSE,shopping > food_and_beverage_store > specialty_foods_store,Daily Needs & Grocery,reviewed_id_match,specialty_foods,0.994,159,shopping,FALSE
furniture_assembly,Home & Garden Services,1,taxonomy,Necessary,Necessary,"{""Necessary"": 0.168, ""Social"": 0.373, ""Optional"": 0.05}",0.168,0.373,0.05,0,FALSE,177,"can_tho,da_nang,hanoi,hcmc,pleiku",FALSE,FALSE,FALSE,services_and_business > home_service > furniture_assembly,Home & Garden Services,reviewed_same_name,furniture_assembly,1,160,,FALSE
biotechnology_company,Business & Professional Services,1,taxonomy,Necessary,Necessary,"{""Necessary"": 0.069, ""Social"": 0.778, ""Optional"": 0.352}",0.069,0.778,0.352,0,FALSE,174,"can_tho,da_nang,hanoi,hcmc",FALSE,FALSE,FALSE,services_and_business > corporate_or_business_office > biotechnology_company,Business & Professional Services,reviewed_same_name,biotechnology_company,1,158,,FALSE
hat_store,Retail & Shopping,0.317,bart,Necessary,Necessary,"{""Necessary"": 0.18, ""Social"": 0.93, ""Optional"": 0.558}",0.736,0.93,0.558,0,FALSE,174,"can_tho,da_nang,hanoi,hcmc",FALSE,FALSE,FALSE,shopping > fashion_and_apparel_store > fashion_accessories_store > hat_store,Retail & Shopping,reviewed_id_match,hat_shop,0.994,159,fashion|fashion_accessories_store,FALSE
optometry,Healthcare,1,taxonomy,Necessary,Necessary,"{""Necessary"": 0.146, ""Social"": 0.864, ""Optional"": 0.467}",0.146,0.864,0.467,0,FALSE,172,"can_tho,da_nang,hanoi,hcmc,pleiku",FALSE,FALSE,FALSE,health_care > outpatient_care_facility > vision_or_eye_care_clinic > optometry,Healthcare,reviewed_id_match,optometrist,0.981,159,eyewear_and_optician,FALSE
plastics_company,Agriculture & Industry,0.136,bart,Necessary,Necessary,"{""Necessary"": 0.89, ""Social"": 0.014, ""Optional"": 0.002}",0.89,0.014,0.002,0,FALSE,172,"can_tho,da_nang,hanoi,hcmc,pleiku",FALSE,FALSE,FALSE,services_and_business > corporate_or_business_office > plastics_company,Business & Professional Services,reviewed_id_match,plastic_company,0.988,166,professional_services|water_park,FALSE
pool_cleaning,Home & Garden Services,1,taxonomy,Necessary,Necessary,"{""Necessary"": 0.357, ""Social"": 0.576, ""Optional"": 0.107}",0.357,0.576,0.107,0,FALSE,172,"can_tho,da_nang,hanoi,hcmc",FALSE,FALSE,FALSE,services_and_business > home_service > pool_cleaning,Home & Garden Services,reviewed_same_name,pool_cleaning,0.956,160,swimming_pool|lebanese_restaurant|plumbing|professional_services|spas|swimming_instructor,FALSE
cooking_school,Education,1,taxonomy,Necessary,Necessary,"{""Necessary"": 0.016, ""Social"": 0.26, ""Optional"": 0.001}",0.016,0.26,0.001,0,FALSE,171,"can_tho,da_nang,hanoi,hcmc,pleiku",FALSE,FALSE,FALSE,education > place_of_learning > specialty_school > cooking_school,Education,reviewed_same_name,cooking_school,1,155,,FALSE
museum,Culture & Arts,1,taxonomy,Optional,Optional,"{""Necessary"": 0.004, ""Social"": 0.005, ""Optional"": 0.76}",0.004,0.005,0.76,1,TRUE,170,"can_tho,da_nang,hanoi,hcmc,pleiku",FALSE,FALSE,FALSE,arts_and_entertainment > museum,Culture & Arts,reviewed_same_name,museum,0.994,160,church_cathedral|history_museum|modern_art_museum,FALSE
tobacco_shop,Daily Needs & Grocery,1,taxonomy,Necessary,Necessary,"{""Necessary"": 0.007, ""Social"": 0.145, ""Optional"": 0.002}",0.007,0.145,0.002,0,FALSE,170,"can_tho,da_nang,hanoi,hcmc",FALSE,FALSE,FALSE,shopping > food_and_beverage_store > tobacco_shop,Daily Needs & Grocery,reviewed_same_name,tobacco_shop,1,156,,FALSE
pest_control_service,Home & Garden Services,1,taxonomy,Necessary,Necessary,"{""Necessary"": 0.32, ""Social"": 0.056, ""Optional"": 0.002}",0.32,0.056,0.002,0,FALSE,169,"can_tho,da_nang,hanoi,hcmc",FALSE,FALSE,FALSE,services_and_business > home_service > pest_control_service,Home & Garden Services,reviewed_same_name,pest_control_service,1,153,,FALSE
automotive_consultant,Business & Professional Services,1,taxonomy,Necessary,Necessary,"{""Necessary"": 0.172, ""Social"": 0.758, ""Optional"": 0.325}",0.172,0.758,0.325,0,FALSE,167,"can_tho,da_nang,hanoi,hcmc",FALSE,FALSE,FALSE,travel_and_transportation > vehicle_service > automotive_service > automotive_consultant,Automotive & Transport,reviewed_same_name,automotive_consultant,1,147,car_dealer,FALSE
swimwear_store,Retail & Shopping,1,taxonomy,Necessary,Necessary,"{""Necessary"": 0.016, ""Social"": 0.672, ""Optional"": 0.093}",0.736,0.672,0.093,0,FALSE,166,"can_tho,da_nang,hanoi,hcmc",FALSE,FALSE,FALSE,shopping > specialty_store > sporting_goods_store > swimwear_store,Retail & Shopping,reviewed_same_name,swimwear_store,0.994,155,childrens_clothing_store|clothing_store|shopping,FALSE
clothing_company,Business & Professional Services,1,taxonomy,Necessary,Necessary,"{""Necessary"": 0.19, ""Social"": 0.889, ""Optional"": 0.412}",0.19,0.889,0.412,0,FALSE,164,"can_tho,da_nang,hanoi,hcmc",FALSE,FALSE,FALSE,services_and_business > corporate_or_business_office > clothing_company,Business & Professional Services,reviewed_same_name,clothing_company,0.981,155,clothing_store|fashion|makeup_artist,FALSE
non_governmental_association,Civic & Government,1,taxonomy,Social,Social|Optional,"{""Necessary"": 0.004, ""Social"": 0.875, ""Optional"": 0.626}",0.004,0.875,0.626,0,FALSE,159,"can_tho,da_nang,hanoi,hcmc",FALSE,FALSE,FALSE,community_and_government > civic_organization > non_governmental_association,Civic & Government,reviewed_same_name,non_governmental_association,0.993,146,community_services_non_profits,FALSE
fishing_club,Recreation & Sport,1,taxonomy,Social,Social,"{""Necessary"": 0.011, ""Social"": 0.587, ""Optional"": 0.259}",0.011,0.587,0.259,0,FALSE,159,"can_tho,da_nang,hanoi,hcmc",FALSE,FALSE,FALSE,sports_and_recreation > sport_or_recreation_club > fishing_club,Recreation & Sport,reviewed_same_name,fishing_club,1,151,fishing_charter,FALSE
specialty_school,Education,1,taxonomy,Necessary,Necessary,"{""Necessary"": 0.001, ""Social"": 0.665, ""Optional"": 0.001}",0.001,0.665,0.001,0,FALSE,159,"can_tho,da_nang,hanoi,hcmc",FALSE,FALSE,FALSE,education > place_of_learning > specialty_school,Education,reviewed_same_name,specialty_school,0.993,152,language_school|school|theaters_and_performance_venues,FALSE
labor_union,Civic & Government,1,taxonomy,Necessary,Necessary,"{""Necessary"": 0.169, ""Social"": 0.865, ""Optional"": 0.096}",0.169,0.865,0.096,0,FALSE,155,"can_tho,da_nang,hanoi,hcmc,pleiku",FALSE,FALSE,FALSE,community_and_government > civic_organization > labor_union,Civic & Government,reviewed_same_name,labor_union,1,138,,FALSE
tennis_court,Recreation & Sport,1,taxonomy,Optional,Optional,"{""Necessary"": 0.033, ""Social"": 0.396, ""Optional"": 0.475}",0.033,0.396,0.475,0,FALSE,155,"can_tho,da_nang,hanoi,hcmc",FALSE,FALSE,FALSE,sports_and_recreation > sport_or_fitness_facility > sport_court > tennis_court,Recreation & Sport,reviewed_same_name,tennis_court,0.993,148,community_services_non_profits,FALSE
campground,Accommodation & Travel,1,taxonomy,Social,Social,"{""Necessary"": 0.069, ""Social"": 0.919, ""Optional"": 0.053}",0.069,0.919,0.053,0,FALSE,153,"can_tho,da_nang,hanoi,hcmc",FALSE,FALSE,FALSE,lodging > campground,Accommodation & Travel,reviewed_same_name,campground,0.979,145,arts_and_entertainment|holiday_rental_home,FALSE
gymnastics_center,Recreation & Sport,1,taxonomy,Social,Social,"{""Necessary"": 0.046, ""Social"": 0.826, ""Optional"": 0.122}",0.046,0.826,0.122,0,FALSE,152,"can_tho,da_nang,hanoi,hcmc",FALSE,FALSE,FALSE,sports_and_recreation > sport_or_fitness_facility > gymnastics_center,Recreation & Sport,reviewed_same_name,gymnastics_center,0.993,141,education|gym,FALSE
record_label,Business & Professional Services,1,taxonomy,Necessary,Necessary,"{""Necessary"": 0.394, ""Social"": 0.936, ""Optional"": 0.628}",0.394,0.936,0.628,0,FALSE,152,"can_tho,da_nang,hanoi,hcmc,pleiku",FALSE,FALSE,FALSE,services_and_business > media_service > record_label,Business & Professional Services,reviewed_same_name,record_label,0.993,142,audio_visual_equipment_store|music_production,FALSE
embassy,Civic & Government,1,taxonomy,Necessary,Necessary,"{""Necessary"": 0.038, ""Social"": 0.743, ""Optional"": 0.555}",0.038,0.743,0.555,0,FALSE,151,"can_tho,da_nang,hanoi,hcmc",FALSE,FALSE,FALSE,community_and_government > government_office > embassy,Civic & Government,reviewed_same_name,embassy,1,139,central_government_office,FALSE
football_stadium,Recreation & Sport,1,taxonomy,Optional,Optional,"{""Necessary"": 0.042, ""Social"": 0.004, ""Optional"": 0.433}",0.042,0.004,0.433,1,TRUE,151,"can_tho,da_nang,hanoi,hcmc,pleiku",FALSE,FALSE,FALSE,arts_and_entertainment > stadium_arena > stadium > football_stadium,Recreation & Sport,reviewed_same_name,football_stadium,0.993,142,sports_and_recreation_venue,FALSE
second_hand_store,Retail & Shopping,0.119,bart,Necessary,Necessary,"{""Necessary"": 0.03, ""Social"": 0.741, ""Optional"": 0.177}",0.736,0.741,0.177,0,FALSE,149,"can_tho,da_nang,hanoi,hcmc",FALSE,FALSE,FALSE,shopping > second_hand_store,Retail & Shopping,reviewed_id_match,thrift_store,0.979,143,fashion|financial_service|furniture_store|professional_services,FALSE
cottage,Accommodation & Travel,1,taxonomy,Social,Social,"{""Necessary"": 0.005, ""Social"": 0.524, ""Optional"": 0.182}",0.005,0.524,0.182,0,FALSE,149,"can_tho,da_nang,hanoi,hcmc,pleiku",FALSE,FALSE,FALSE,lodging > cottage,Accommodation & Travel,reviewed_same_name,cottage,1,136,hostel,FALSE
frozen_yogurt_shop,Daily Needs & Grocery,0.118,bart,Necessary,Necessary,"{""Necessary"": 0.051, ""Social"": 0.578, ""Optional"": 0.018}",0.051,0.578,0.018,0,FALSE,146,"can_tho,da_nang,hanoi,hcmc",FALSE,FALSE,FALSE,food_and_drink > casual_eatery > dessert_shop > frozen_yogurt_shop,Food & Drink,reviewed_id_match,frozen_yoghurt_shop,0.993,138,grocery_store,FALSE
medical_spa,Beauty & Personal Care,1,taxonomy,Optional,Social|Optional,"{""Necessary"": 0.034, ""Social"": 0.333, ""Optional"": 0.004}",0.848,0.333,0.004,0,FALSE,146,"can_tho,da_nang,hanoi,hcmc,pleiku",FALSE,FALSE,FALSE,lifestyle_services > wellness_service > spa > medical_spa,Beauty & Personal Care,reviewed_same_name,medical_spa,0.985,134,physical_therapy|spas,FALSE
gift_shop,Retail & Shopping,1,taxonomy,Necessary,Necessary,"{""Necessary"": 0.012, ""Social"": 0.328, ""Optional"": 0.014}",0.736,0.328,0.014,0,FALSE,144,"can_tho,da_nang,hanoi,hcmc",FALSE,FALSE,FALSE,shopping > specialty_store > flowers_and_gifts_store > gift_shop,Retail & Shopping,reviewed_same_name,gift_shop,0.993,134,shopping,FALSE
river,Recreation & Sport,1,taxonomy,Social,Social|Optional,"{""Necessary"": 0.449, ""Social"": 0.928, ""Optional"": 0.758}",0.449,0.928,0.758,1,TRUE,138,"can_tho,da_nang,hanoi,hcmc",FALSE,FALSE,FALSE,geographic_entities > water_feature > river,Recreation & Sport,reviewed_same_name,river,1,130,,FALSE
sightseeing_tour_agency,Accommodation & Travel,1,taxonomy,Optional,Optional,"{""Necessary"": 0.004, ""Social"": 0.017, ""Optional"": 0.875}",0.004,0.017,0.875,0,FALSE,137,"can_tho,da_nang,hanoi,hcmc,pleiku",FALSE,FALSE,FALSE,travel_and_transportation > travel_service > tour_operator > sightseeing_tour_agency,Accommodation & Travel,reviewed_same_name,sightseeing_tour_agency,1,130,tours,FALSE
weight_loss_center,Beauty & Personal Care,1,taxonomy,Optional,Social|Optional,"{""Necessary"": 0.008, ""Social"": 0.516, ""Optional"": 0.041}",0.848,0.516,0.041,0,FALSE,136,"can_tho,da_nang,hanoi,hcmc,pleiku",FALSE,FALSE,FALSE,lifestyle_services > wellness_service > weight_loss_center,Beauty & Personal Care,reviewed_same_name,weight_loss_center,1,117,,FALSE
life_coach,Beauty & Personal Care,1,taxonomy,Optional,Social|Optional,"{""Necessary"": 0.592, ""Social"": 0.941, ""Optional"": 0.721}",0.848,0.941,0.721,0,FALSE,136,"can_tho,da_nang,hanoi,hcmc",FALSE,FALSE,FALSE,lifestyle_services > personal_or_beauty_service > life_coach,Beauty & Personal Care,reviewed_same_name,life_coach,0.973,110,dance_school|fitness_trainer|gym,FALSE
wine_bar,Food & Drink,1,taxonomy,Social,Social,"{""Necessary"": 0.031, ""Social"": 0.79, ""Optional"": 0.17}",0.031,0.79,0.17,1,TRUE,136,"can_tho,da_nang,hanoi,hcmc",FALSE,FALSE,FALSE,food_and_drink > alcoholic_beverage_venue > bar > wine_bar,Food & Drink,reviewed_same_name,wine_bar,0.977,133,bar|barber|cocktail_bar|liquor_store,FALSE
adult_entertainment_venue,Business & Professional Services,0.262,bart,Optional,Optional,"{""Necessary"": 0.001, ""Social"": 0.862, ""Optional"": 0.947}",0.001,0.862,0.947,0,FALSE,136,"can_tho,da_nang,hanoi,hcmc,pleiku",FALSE,FALSE,FALSE,arts_and_entertainment > nightlife_venue > adult_entertainment_venue,Food & Drink,reviewed_id_match,adult_entertainment,0.991,116,grocery_store,FALSE
vision_or_eye_care_clinic,Healthcare,1,taxonomy,Necessary,Necessary,"{""Necessary"": 0.185, ""Social"": 0.09, ""Optional"": 0.001}",0.185,0.09,0.001,0,FALSE,135,"can_tho,da_nang,hanoi,hcmc,pleiku",FALSE,FALSE,FALSE,health_care > outpatient_care_facility > vision_or_eye_care_clinic,Healthcare,reviewed_id_match,eye_care_clinic,1,124,,FALSE
lottery_vendor,Business & Professional Services,1,taxonomy,Necessary,Necessary,"{""Necessary"": 0.072, ""Social"": 0.858, ""Optional"": 0.354}",0.072,0.858,0.354,0,FALSE,135,"can_tho,da_nang,hanoi,hcmc,pleiku",FALSE,FALSE,FALSE,arts_and_entertainment > gaming_venue > lottery_vendor,Recreation & Sport,reviewed_id_match,lottery_ticket,0.992,123,shopping,FALSE
emergency_roadside_service,Automotive & Transport,1,taxonomy,Necessary,Necessary,"{""Necessary"": 0.3, ""Social"": 0.008, ""Optional"": 0.0}",0.3,0.008,0,0,FALSE,135,"hanoi,hcmc",FALSE,FALSE,FALSE,travel_and_transportation > vehicle_service > automotive_service > emergency_roadside_service,Automotive & Transport,reviewed_same_name,emergency_roadside_service,1,115,,FALSE
janitorial_service,Business & Professional Services,1,taxonomy,Necessary,Necessary,"{""Necessary"": 0.3, ""Social"": 0.096, ""Optional"": 0.003}",0.3,0.096,0.003,0,FALSE,134,"can_tho,da_nang,hanoi,hcmc",FALSE,FALSE,FALSE,services_and_business > professional_service > cleaning_service > janitorial_service,Business & Professional Services,reviewed_id_match,janitorial_services,0.984,129,home_service|shopping,FALSE
french_restaurant,Food & Drink,1,taxonomy,Social,Social,"{""Necessary"": 0.025, ""Social"": 0.443, ""Optional"": 0.025}",0.025,0.443,0.025,1,TRUE,133,"can_tho,da_nang,hanoi,hcmc,pleiku",FALSE,FALSE,FALSE,food_and_drink > restaurant > european_restaurant > western_european_restaurant > french_restaurant,Food & Drink,reviewed_same_name,french_restaurant,0.992,125,diner|restaurant,FALSE
maternity_center,Healthcare,1,taxonomy,Necessary,Necessary,"{""Necessary"": 0.031, ""Social"": 0.744, ""Optional"": 0.011}",0.031,0.744,0.011,0,FALSE,131,"can_tho,da_nang,hanoi,hcmc,pleiku",FALSE,FALSE,FALSE,health_care > outpatient_care_facility > reproductive_perinatal_and_womens_care > maternity_center,Healthcare,reviewed_id_match,maternity_centers,1,116,hospital|obstetrician_and_gynecologist,FALSE
wig_store,Retail & Shopping,1,taxonomy,Necessary,Necessary,"{""Necessary"": 0.371, ""Social"": 0.865, ""Optional"": 0.547}",0.736,0.865,0.547,0,FALSE,131,"can_tho,da_nang,hanoi,hcmc,pleiku",FALSE,FALSE,FALSE,shopping > specialty_store > personal_care_and_beauty_store > beauty_supply_store > wig_store,Retail & Shopping,reviewed_same_name,wig_store,1,122,,FALSE
mountain,Recreation & Sport,1,taxonomy,Social,Social|Optional,"{""Necessary"": 0.228, ""Social"": 0.87, ""Optional"": 0.65}",0.228,0.87,0.65,1,TRUE,130,"can_tho,da_nang,hanoi,hcmc,pleiku",FALSE,FALSE,FALSE,geographic_entities > land_feature > mountain,Recreation & Sport,reviewed_same_name,mountain,1,121,,FALSE
publisher,Business & Professional Services,0.142,bart,Necessary,Necessary,"{""Necessary"": 0.956, ""Social"": 0.56, ""Optional"": 0.603}",0.956,0.56,0.603,0,FALSE,129,"can_tho,da_nang,hanoi,hcmc",FALSE,FALSE,FALSE,services_and_business > media_service > media_news_company > publisher,Business & Professional Services,reviewed_id_match,topic_publisher,1,120,software_development,FALSE
sandwich_shop,Food & Drink,1,taxonomy,Social,Social,"{""Necessary"": 0.097, ""Social"": 0.883, ""Optional"": 0.013}",0.097,0.883,0.013,0,FALSE,128,"can_tho,da_nang,hanoi,hcmc",FALSE,FALSE,FALSE,food_and_drink > casual_eatery > sandwich_shop,Food & Drink,reviewed_same_name,sandwich_shop,1,118,diner|eat_and_drink,FALSE
health_food_restaurant,Food & Drink,1,taxonomy,Social,Social,"{""Necessary"": 0.049, ""Social"": 0.113, ""Optional"": 0.002}",0.049,0.113,0.002,1,TRUE,127,"can_tho,da_nang,hanoi,hcmc",FALSE,FALSE,FALSE,food_and_drink > restaurant > special_diet_restaurant > health_food_restaurant,Food & Drink,reviewed_same_name,health_food_restaurant,0.991,113,health_food_store|poke_restaurant|vegetarian_restaurant|vietnamese_restaurant,FALSE
game_publisher,Business & Professional Services,1,taxonomy,Necessary,Necessary,"{""Necessary"": 0.241, ""Social"": 0.93, ""Optional"": 0.595}",0.241,0.93,0.595,0,FALSE,127,"da_nang,hanoi,hcmc",FALSE,FALSE,FALSE,services_and_business > media_service > media_news_company > game_publisher,Business & Professional Services,reviewed_same_name,game_publisher,1,102,,FALSE
tanning_salon,Beauty & Personal Care,1,taxonomy,Optional,Social|Optional,"{""Necessary"": 0.032, ""Social"": 0.257, ""Optional"": 0.019}",0.848,0.257,0.019,0,FALSE,127,"can_tho,da_nang,hanoi,hcmc",FALSE,FALSE,FALSE,lifestyle_services > personal_or_beauty_service > tanning_salon,Beauty & Personal Care,reviewed_same_name,tanning_salon,1,115,,FALSE
second_hand_clothing_store,Business & Professional Services,0.142,bart,Necessary,Necessary,"{""Necessary"": 0.654, ""Social"": 0.022, ""Optional"": 0.137}",0.654,0.022,0.137,0,FALSE,122,"can_tho,da_nang,hanoi,hcmc,pleiku",FALSE,FALSE,FALSE,shopping > second_hand_store > second_hand_clothing_store,Retail & Shopping,reviewed_id_match,used_vintage_and_consignment,0.981,107,fashion|womens_clothing_store,FALSE
credit_union,Business & Professional Services,1,taxonomy,Necessary,Necessary,"{""Necessary"": 0.436, ""Social"": 0.963, ""Optional"": 0.716}",0.436,0.963,0.716,0,FALSE,121,"can_tho,da_nang,hanoi,hcmc,pleiku",FALSE,FALSE,FALSE,services_and_business > financial_service > bank_or_credit_union > credit_union,Business & Professional Services,reviewed_same_name,credit_union,1,113,bank_credit_union|banks|real_estate_service,FALSE
ear_nose_and_throat,Healthcare,1,taxonomy,Necessary,Necessary,"{""Necessary"": 0.049, ""Social"": 0.813, ""Optional"": 0.294}",0.049,0.813,0.294,0,FALSE,120,"can_tho,da_nang,hanoi,hcmc,pleiku",FALSE,FALSE,FALSE,health_care > outpatient_care_facility > specialized_health_care > ear_nose_and_throat,Healthcare,reviewed_same_name,ear_nose_and_throat,1,114,health_and_medical|speech_therapist,FALSE
courthouse,Civic & Government,1,taxonomy,Necessary,Necessary,"{""Necessary"": 0.18, ""Social"": 0.077, ""Optional"": 0.105}",0.18,0.077,0.105,0,FALSE,119,"can_tho,da_nang,hanoi,hcmc",FALSE,FALSE,FALSE,community_and_government > government_office > courthouse,Civic & Government,reviewed_same_name,courthouse,1,115,,FALSE
mover,Home & Garden Services,1,taxonomy,Necessary,Necessary,"{""Necessary"": 0.727, ""Social"": 0.419, ""Optional"": 0.006}",0.727,0.419,0.006,0,FALSE,119,"can_tho,da_nang,hanoi,hcmc",FALSE,FALSE,FALSE,services_and_business > home_service > mover,Home & Garden Services,reviewed_id_match,movers,0.99,100,storage_facility,FALSE
boxing_class,Recreation & Sport,1,taxonomy,Social,Social,"{""Necessary"": 0.052, ""Social"": 0.735, ""Optional"": 0.475}",0.052,0.735,0.475,0,FALSE,117,"can_tho,da_nang,hanoi,hcmc",FALSE,FALSE,FALSE,sports_and_recreation > sport_or_fitness_facility > boxing_class,Recreation & Sport,reviewed_same_name,boxing_class,0.991,111,life_coach,FALSE
b2b_environmental_service,Business & Professional Services,1,taxonomy,Necessary,Necessary,"{""Necessary"": 0.043, ""Social"": 0.709, ""Optional"": 0.162}",0.043,0.709,0.162,0,FALSE,116,"can_tho,da_nang,hanoi,hcmc",FALSE,FALSE,FALSE,services_and_business > b2b_service > b2b_environmental_service,Business & Professional Services,reviewed_id_match,wood_and_pulp,1,107,,FALSE
auto_leasing,Business & Professional Services,1,taxonomy,Necessary,Necessary,"{""Necessary"": 0.381, ""Social"": 0.74, ""Optional"": 0.902}",0.381,0.74,0.902,0,FALSE,116,"can_tho,da_nang,hanoi,hcmc",FALSE,FALSE,FALSE,shopping > vehicle_dealer > auto_dealer > auto_leasing,Automotive & Transport,reviewed_id_match,automobile_leasing,0.991,110,party_supply,FALSE
antique_store,Retail & Shopping,1,taxonomy,Necessary,Necessary,"{""Necessary"": 0.053, ""Social"": 0.726, ""Optional"": 0.308}",0.736,0.726,0.308,0,FALSE,113,"can_tho,da_nang,hanoi,hcmc,pleiku",FALSE,FALSE,FALSE,shopping > second_hand_store > antique_store,Retail & Shopping,reviewed_same_name,antique_store,1,102,furniture_store,FALSE
employment_law,Business & Professional Services,1,taxonomy,Necessary,Necessary,"{""Necessary"": 0.279, ""Social"": 0.808, ""Optional"": 0.066}",0.279,0.808,0.066,0,FALSE,112,"da_nang,hanoi,hcmc",FALSE,FALSE,FALSE,services_and_business > legal_service > attorney_or_law_firm > employment_law,Business & Professional Services,reviewed_same_name,employment_law,1,108,lawyer,FALSE
flea_market,Retail & Shopping,1,taxonomy,Necessary,Necessary,"{""Necessary"": 0.243, ""Social"": 0.967, ""Optional"": 0.177}",0.736,0.967,0.177,0,FALSE,112,"can_tho,da_nang,hanoi,hcmc",FALSE,FALSE,FALSE,shopping > second_hand_store > flea_market,Retail & Shopping,reviewed_same_name,flea_market,1,100,,FALSE
pet_breeder,Pet Services,1,taxonomy,Necessary,Necessary,"{""Necessary"": 0.128, ""Social"": 0.901, ""Optional"": 0.482}",0.128,0.901,0.482,0,FALSE,112,"can_tho,da_nang,hanoi,hcmc,pleiku",FALSE,FALSE,FALSE,lifestyle_services > animal_or_pet_service > pet_breeder,Pet Services,reviewed_same_name,pet_breeder,0.99,103,livestock_breeder,FALSE
public_plaza,Civic & Government,1,taxonomy,Necessary,Social|Optional|Necessary,"{""Necessary"": 0.995, ""Social"": 0.992, ""Optional"": 0.919}",0.995,0.992,0.919,1,TRUE,111,"can_tho,da_nang,hanoi,hcmc",FALSE,FALSE,FALSE,community_and_government > public_facility > public_plaza,Civic & Government,reviewed_same_name,public_plaza,0.981,105,church_cathedral|computer_wholesaler,FALSE
immigration_law,Business & Professional Services,1,taxonomy,Necessary,Necessary,"{""Necessary"": 0.048, ""Social"": 0.836, ""Optional"": 0.108}",0.048,0.836,0.108,0,FALSE,111,"da_nang,hanoi,hcmc",FALSE,FALSE,FALSE,services_and_business > legal_service > attorney_or_law_firm > immigration_law,Business & Professional Services,reviewed_same_name,immigration_law,1,104,investing|professional_services,FALSE
movie_television_studio,Business & Professional Services,1,taxonomy,Necessary,Necessary,"{""Necessary"": 0.54, ""Social"": 0.106, ""Optional"": 0.023}",0.54,0.106,0.023,0,FALSE,108,"can_tho,da_nang,hanoi,hcmc",FALSE,FALSE,FALSE,services_and_business > media_service > media_news_company > movie_television_studio,Business & Professional Services,reviewed_same_name,movie_television_studio,0.99,99,arts_and_entertainment,FALSE
driving_range,Automotive & Transport,1,taxonomy,Necessary,Necessary,"{""Necessary"": 0.737, ""Social"": 0.698, ""Optional"": 0.709}",0.737,0.698,0.709,0,FALSE,108,"can_tho,da_nang,hanoi,hcmc",FALSE,FALSE,FALSE,sports_and_recreation > sport_or_fitness_facility > golf_course > driving_range,Recreation & Sport,reviewed_same_name,driving_range,1,105,,FALSE
pet_groomer,Pet Services,1,taxonomy,Necessary,Necessary,"{""Necessary"": 0.073, ""Social"": 0.826, ""Optional"": 0.292}",0.073,0.826,0.292,0,FALSE,108,"can_tho,da_nang,hanoi,hcmc,pleiku",FALSE,FALSE,FALSE,lifestyle_services > animal_or_pet_service > pet_care_service > pet_groomer,Pet Services,reviewed_same_name,pet_groomer,1,103,pet_services|pet_store,FALSE
educational_supply_store,Retail & Shopping,1,taxonomy,Necessary,Necessary,"{""Necessary"": 0.008, ""Social"": 0.001, ""Optional"": 0.0}",0.736,0.001,0,0,FALSE,107,"da_nang,hanoi,hcmc",FALSE,FALSE,FALSE,shopping > specialty_store > educational_supply_store,Retail & Shopping,reviewed_same_name,educational_supply_store,1,93,,FALSE
bus_station,Automotive & Transport,1,taxonomy,Necessary,Necessary,"{""Necessary"": 0.819, ""Social"": 0.782, ""Optional"": 0.418}",0.819,0.782,0.418,0,FALSE,107,"can_tho,da_nang,hanoi,hcmc",FALSE,FALSE,FALSE,travel_and_transportation > ground_transport_facility_or_service > public_transit_facility_or_service > bus_station,Automotive & Transport,reviewed_same_name,bus_station,0.99,104,car_rental_agency,FALSE
psychology,Healthcare,1,taxonomy,Necessary,Necessary,"{""Necessary"": 0.216, ""Social"": 0.953, ""Optional"": 0.573}",0.216,0.953,0.573,0,FALSE,106,"can_tho,da_nang,hanoi,hcmc",FALSE,FALSE,FALSE,health_care > outpatient_care_facility > behavioral_or_mental_health_clinic > psychiatry_or_psychology_service > psychology,Healthcare,reviewed_id_match,psychologist,0.989,95,education,FALSE
computer_coaching,Education,1,taxonomy,Necessary,Necessary,"{""Necessary"": 0.63, ""Social"": 0.419, ""Optional"": 0.006}",0.63,0.419,0.006,0,FALSE,106,"can_tho,da_nang,hanoi,hcmc",FALSE,FALSE,FALSE,education > place_of_learning > specialty_school > computer_coaching,Education,reviewed_same_name,computer_coaching,1,102,,FALSE
occupational_safety,Business & Professional Services,1,taxonomy,Necessary,Necessary,"{""Necessary"": 0.843, ""Social"": 0.013, ""Optional"": 0.001}",0.843,0.013,0.001,0,FALSE,104,"can_tho,da_nang,hanoi,hcmc,pleiku",FALSE,FALSE,FALSE,services_and_business > b2b_service > b2b_industrial_and_machine_service > occupational_safety,Business & Professional Services,reviewed_same_name,occupational_safety,0.99,96,education|industrial_equipment,FALSE
geographic_entities,Civic & Government,0.148,bart,Necessary,Necessary,"{""Necessary"": 0.083, ""Social"": 0.325, ""Optional"": 0.045}",0.083,0.325,0.045,0,FALSE,104,"can_tho,da_nang,hanoi,hcmc",FALSE,FALSE,FALSE,geographic_entities,Civic & Government,reviewed_id_match,structure_and_geography,1,103,,FALSE
b2b_business_management_service,Business & Professional Services,1,taxonomy,Necessary,Necessary,"{""Necessary"": 0.102, ""Social"": 0.661, ""Optional"": 0.023}",0.102,0.661,0.023,0,FALSE,103,"can_tho,da_nang,hanoi,hcmc",FALSE,FALSE,FALSE,services_and_business > b2b_service > b2b_office_and_professional_service > b2b_business_management_service,Business & Professional Services,reviewed_id_match,business_management_services,1,103,b2b_apparel,FALSE
translating_and_interpreting_service,Business & Professional Services,1,taxonomy,Necessary,Necessary,"{""Necessary"": 0.174, ""Social"": 0.716, ""Optional"": 0.069}",0.174,0.716,0.069,0,FALSE,102,"can_tho,da_nang,hanoi,hcmc",FALSE,FALSE,FALSE,services_and_business > b2b_service > b2b_office_and_professional_service > translating_and_interpreting_service,Business & Professional Services,reviewed_id_match,translating_and_interpreting_services,1,93,,FALSE
motorcycle_rental_service,Business & Professional Services,0.28,bart,Necessary,Necessary,"{""Necessary"": 0.46, ""Social"": 0.371, ""Optional"": 0.337}",0.46,0.371,0.337,0,FALSE,101,"can_tho,da_nang,hanoi,hcmc,pleiku",FALSE,FALSE,FALSE,services_and_business > rental_service > vehicle_rental_service > motorcycle_rental_service,Business & Professional Services,reviewed_id_match,motorcycle_rentals,1,94,rental_service,FALSE
auto_manufacturer,Business & Professional Services,0.439,bart,Necessary,Necessary,"{""Necessary"": 0.8, ""Social"": 0.207, ""Optional"": 0.087}",0.8,0.207,0.087,0,FALSE,100,"da_nang,hanoi,hcmc",FALSE,FALSE,FALSE,services_and_business > b2b_service > manufacturer > vehicle_manufacturer > auto_manufacturer,Business & Professional Services,reviewed_id_match,auto_manufacturers_and_distributors,1,96,,FALSE
lumber_store,Retail & Shopping,1,taxonomy,Necessary,Necessary,"{""Necessary"": 0.092, ""Social"": 0.694, ""Optional"": 0.258}",0.736,0.694,0.258,0,FALSE,100,"can_tho,da_nang,hanoi,hcmc,pleiku",FALSE,FALSE,FALSE,shopping > specialty_store > hardware_home_and_garden_store > building_supply_store > lumber_store,Retail & Shopping,reviewed_same_name,lumber_store,1,93,,FALSE
motel,Accommodation & Travel,1,taxonomy,Social,Social,"{""Necessary"": 0.013, ""Social"": 0.072, ""Optional"": 0.02}",0.013,0.072,0.02,0,FALSE,100,"can_tho,da_nang,hanoi,hcmc,pleiku",FALSE,FALSE,FALSE,lodging > hotel > motel,Accommodation & Travel,reviewed_same_name,motel,0.989,93,hotel|lodge,FALSE
test_preparation,Education,1,taxonomy,Necessary,Necessary,"{""Necessary"": 0.386, ""Social"": 0.902, ""Optional"": 0.218}",0.386,0.902,0.218,0,FALSE,99,"can_tho,da_nang,hanoi,hcmc",FALSE,FALSE,FALSE,education > educational_service > test_preparation,Education,reviewed_same_name,test_preparation,1,97,school,FALSE
burger_restaurant,Food & Drink,1,taxonomy,Social,Social,"{""Necessary"": 0.018, ""Social"": 0.28, ""Optional"": 0.013}",0.018,0.28,0.013,1,TRUE,98,"can_tho,da_nang,hanoi,hcmc",FALSE,FALSE,FALSE,food_and_drink > restaurant > meat_restaurant > burger_restaurant,Food & Drink,reviewed_same_name,burger_restaurant,0.989,94,restaurant,FALSE
monument,Culture & Arts,1,taxonomy,Optional,Optional,"{""Necessary"": 0.019, ""Social"": 0.016, ""Optional"": 0.064}",0.019,0.016,0.064,1,TRUE,97,"can_tho,da_nang,hanoi,hcmc",FALSE,FALSE,FALSE,cultural_and_historic > memorial_site > monument,Culture & Arts,reviewed_same_name,monument,0.989,95,landmark_and_historical_building,FALSE
dim_sum_restaurant,Food & Drink,1,taxonomy,Social,Social,"{""Necessary"": 0.009, ""Social"": 0.277, ""Optional"": 0.006}",0.009,0.277,0.006,1,TRUE,96,"can_tho,da_nang,hanoi,hcmc",FALSE,FALSE,FALSE,food_and_drink > restaurant > asian_restaurant > east_asian_restaurant > chinese_restaurant > dim_sum_restaurant,Food & Drink,reviewed_same_name,dim_sum_restaurant,1,88,,FALSE
private_school,Education,1,taxonomy,Necessary,Necessary,"{""Necessary"": 0.503, ""Social"": 0.49, ""Optional"": 0.043}",0.503,0.49,0.043,0,FALSE,95,"can_tho,da_nang,hanoi,hcmc",FALSE,FALSE,FALSE,education > place_of_learning > school > private_school,Education,reviewed_same_name,private_school,1,90,school|educational_services,FALSE
winery,Food & Drink,1,taxonomy,Social,Social,"{""Necessary"": 0.009, ""Social"": 0.415, ""Optional"": 0.246}",0.009,0.415,0.246,1,TRUE,95,"can_tho,da_nang,hanoi,hcmc",FALSE,FALSE,FALSE,food_and_drink > alcoholic_beverage_venue > winery,Food & Drink,reviewed_same_name,winery,0.989,92,liquor_store,FALSE
chocolatier,Food & Drink,1,taxonomy,Social,Social,"{""Necessary"": 0.026, ""Social"": 0.666, ""Optional"": 0.039}",0.026,0.666,0.039,0,FALSE,93,"can_tho,da_nang,hanoi,hcmc",FALSE,FALSE,FALSE,food_and_drink > casual_eatery > candy_store > chocolatier,Food & Drink,reviewed_same_name,chocolatier,0.988,83,shopping,FALSE
septic_service,Utilities & Infrastructure,1,taxonomy,Necessary,Necessary,"{""Necessary"": 0.62, ""Social"": 0.489, ""Optional"": 0.057}",0.62,0.489,0.057,0,FALSE,92,"can_tho,hanoi,hcmc",FALSE,FALSE,FALSE,community_and_government > public_utility > septic_service,Utilities & Infrastructure,reviewed_id_match,septic_services,0.985,66,environmental_conservation_organization,FALSE
swimming_instructor,Business & Professional Services,1,taxonomy,Necessary,Necessary,"{""Necessary"": 0.067, ""Social"": 0.735, ""Optional"": 0.0}",0.067,0.735,0,0,FALSE,92,"can_tho,da_nang,hanoi,hcmc",FALSE,FALSE,FALSE,sports_and_recreation > sport_or_fitness_facility > swimming_pool > swimming_instructor,Recreation & Sport,reviewed_same_name,swimming_instructor,0.988,86,fitness_trainer,FALSE
bartender,Business & Professional Services,1,taxonomy,Necessary,Necessary,"{""Necessary"": 0.136, ""Social"": 0.853, ""Optional"": 0.276}",0.853,0.277,0.276,0,FALSE,91,"can_tho,da_nang,hanoi,hcmc,pleiku",FALSE,FALSE,FALSE,services_and_business > event_or_party_service > bartender,Business & Professional Services,reviewed_same_name,bartender,0.989,87,vocational_and_technical_school,FALSE
broker,Business & Professional Services,1,taxonomy,Necessary,Necessary,"{""Necessary"": 0.14, ""Social"": 0.713, ""Optional"": 0.32}",0.14,0.713,0.32,0,FALSE,90,"can_tho,da_nang,hanoi,hcmc",FALSE,FALSE,FALSE,services_and_business > financial_service > broker,Business & Professional Services,reviewed_id_match,brokers,1,82,,FALSE
fertility_clinic,Agriculture & Industry,0.182,bart,Necessary,Necessary,"{""Necessary"": 0.94, ""Social"": 0.57, ""Optional"": 0.276}",0.94,0.57,0.276,0,FALSE,90,"can_tho,da_nang,hanoi,hcmc",FALSE,FALSE,FALSE,health_care > specialized_medical_facility > fertility_clinic,Healthcare,reviewed_id_match,fertility,0.941,85,maternity_centers|beauty_salon|hospital|obstetrician_and_gynecologist,FALSE
american_restaurant,Food & Drink,1,taxonomy,Social,Social,"{""Necessary"": 0.027, ""Social"": 0.508, ""Optional"": 0.061}",0.027,0.508,0.061,1,TRUE,89,"can_tho,da_nang,hanoi,hcmc",FALSE,FALSE,FALSE,food_and_drink > restaurant > north_american_restaurant > american_restaurant,Food & Drink,reviewed_same_name,american_restaurant,1,84,,FALSE
videographer,Business & Professional Services,1,taxonomy,Necessary,Necessary,"{""Necessary"": 0.164, ""Social"": 0.932, ""Optional"": 0.632}",0.164,0.932,0.632,0,FALSE,88,"can_tho,da_nang,hanoi,hcmc,pleiku",FALSE,FALSE,FALSE,services_and_business > event_or_party_service > videographer,Business & Professional Services,reviewed_same_name,videographer,1,78,,FALSE
orthodontics,Healthcare,1,taxonomy,Necessary,Necessary,"{""Necessary"": 0.52, ""Social"": 0.458, ""Optional"": 0.008}",0.52,0.458,0.008,0,FALSE,87,"can_tho,da_nang,hanoi,hcmc",FALSE,FALSE,FALSE,health_care > outpatient_care_facility > dental_clinic > orthodontics,Healthcare,reviewed_id_match,orthodontist,1,80,health_and_medical,FALSE
aircraft_dealer,Business & Professional Services,1,taxonomy,Necessary,Necessary,"{""Necessary"": 0.074, ""Social"": 0.668, ""Optional"": 0.221}",0.074,0.668,0.221,0,FALSE,87,"can_tho,da_nang,hanoi,hcmc,pleiku",FALSE,FALSE,FALSE,shopping > vehicle_dealer > aircraft_dealer,Automotive & Transport,reviewed_same_name,aircraft_dealer,1,79,,FALSE
bed_and_breakfast,Accommodation & Travel,1,taxonomy,Social,Social,"{""Necessary"": 0.007, ""Social"": 0.172, ""Optional"": 0.002}",0.007,0.172,0.002,0,FALSE,84,"can_tho,da_nang,hanoi,hcmc",FALSE,FALSE,FALSE,lodging > bed_and_breakfast,Accommodation & Travel,reviewed_same_name,bed_and_breakfast,0.986,73,arts_and_entertainment,FALSE
train_station,Automotive & Transport,1,taxonomy,Necessary,Necessary,"{""Necessary"": 0.649, ""Social"": 0.671, ""Optional"": 0.304}",0.649,0.671,0.304,0,FALSE,83,"da_nang,hanoi,hcmc",FALSE,FALSE,FALSE,travel_and_transportation > ground_transport_facility_or_service > rail_facility_or_service > train_station,Automotive & Transport,reviewed_same_name,train_station,1,81,,FALSE
electrician,Home & Garden Services,1,taxonomy,Necessary,Necessary,"{""Necessary"": 0.2, ""Social"": 0.874, ""Optional"": 0.407}",0.2,0.874,0.407,0,FALSE,83,"can_tho,da_nang,hanoi,hcmc",FALSE,FALSE,FALSE,services_and_business > home_service > electrician,Home & Garden Services,reviewed_same_name,electrician,0.974,78,electronics|it_service_and_computer_repair,FALSE
music_and_dvd_store,Retail & Shopping,1,taxonomy,Necessary,Necessary,"{""Necessary"": 0.027, ""Social"": 0.346, ""Optional"": 0.013}",0.736,0.346,0.013,0,FALSE,82,"da_nang,hanoi,hcmc",FALSE,FALSE,FALSE,shopping > specialty_store > books_music_and_video_store > music_and_dvd_store,Retail & Shopping,reviewed_same_name,music_and_dvd_store,0.987,75,shopping,FALSE
amateur_sport_team,Business & Professional Services,1,taxonomy,Necessary,Necessary,"{""Necessary"": 0.003, ""Social"": 0.524, ""Optional"": 0.711}",0.003,0.524,0.711,0,FALSE,81,"can_tho,da_nang,hanoi,hcmc",FALSE,FALSE,FALSE,sports_and_recreation > sport_team > amateur_sport_team,Recreation & Sport,reviewed_id_match,amateur_sports_team,1,71,,FALSE
credit_and_debt_counseling,Business & Professional Services,1,taxonomy,Necessary,Necessary,"{""Necessary"": 0.58, ""Social"": 0.035, ""Optional"": 0.0}",0.58,0.035,0,0,FALSE,80,"can_tho,da_nang,hanoi,hcmc,pleiku",FALSE,FALSE,FALSE,services_and_business > financial_service > credit_and_debt_counseling,Business & Professional Services,reviewed_same_name,credit_and_debt_counseling,1,67,,FALSE
boat_tour,Accommodation & Travel,1,taxonomy,Optional,Optional|Social,"{""Necessary"": 0.023, ""Social"": 0.581, ""Optional"": 0.675}",0.023,0.581,0.675,0,FALSE,80,"can_tho,da_nang,hanoi,hcmc",FALSE,FALSE,FALSE,travel_and_transportation > travel_service > tour_operator > boat_tour,Accommodation & Travel,reviewed_id_match,boat_tours,1,74,,FALSE
brewery,Food & Drink,1,taxonomy,Social,Social,"{""Necessary"": 0.041, ""Social"": 0.666, ""Optional"": 0.075}",0.041,0.666,0.075,1,TRUE,80,"can_tho,da_nang,hanoi,hcmc",FALSE,FALSE,FALSE,food_and_drink > alcoholic_beverage_venue > brewery,Food & Drink,reviewed_same_name,brewery,1,76,,FALSE
food_consultant,Business & Professional Services,1,taxonomy,Necessary,Necessary,"{""Necessary"": 0.335, ""Social"": 0.925, ""Optional"": 0.103}",0.335,0.925,0.103,0,FALSE,80,"can_tho,da_nang,hanoi,hcmc",FALSE,FALSE,FALSE,lifestyle_services > food_service > food_consultant,Food & Drink,reviewed_same_name,food_consultant,0.987,76,restaurant,FALSE
gastropub,Food & Drink,1,taxonomy,Social,Social,"{""Necessary"": 0.036, ""Social"": 0.867, ""Optional"": 0.075}",0.036,0.867,0.075,1,TRUE,79,"can_tho,da_nang,hanoi,hcmc",FALSE,FALSE,FALSE,food_and_drink > casual_eatery > gastropub,Food & Drink,reviewed_same_name,gastropub,0.985,67,restaurant,FALSE
housing_authority,Business & Professional Services,1,taxonomy,Necessary,Necessary,"{""Necessary"": 0.298, ""Social"": 0.815, ""Optional"": 0.146}",0.298,0.815,0.146,0,FALSE,79,"can_tho,da_nang,hanoi,hcmc",FALSE,FALSE,FALSE,community_and_government > social_or_community_service > housing_authority,Community & Religion,reviewed_id_match,housing_authorities,0.972,72,accommodation|hotel,FALSE
inn,Accommodation & Travel,1,taxonomy,Social,Social|Optional,"{""Necessary"": 0.41, ""Social"": 0.975, ""Optional"": 0.891}",0.41,0.975,0.891,0,FALSE,79,"can_tho,da_nang,hanoi,hcmc",FALSE,FALSE,FALSE,lodging > inn,Accommodation & Travel,reviewed_same_name,inn,1,64,,FALSE
traffic_school,Education,1,taxonomy,Necessary,Necessary,"{""Necessary"": 0.539, ""Social"": 0.25, ""Optional"": 0.004}",0.539,0.25,0.004,0,FALSE,79,"can_tho,da_nang,hanoi,hcmc",FALSE,FALSE,FALSE,education > place_of_learning > specialty_school > traffic_school,Education,reviewed_same_name,traffic_school,1,77,,FALSE
mattress_manufacturing,Business & Professional Services,1,taxonomy,Necessary,Necessary,"{""Necessary"": 0.067, ""Social"": 0.638, ""Optional"": 0.084}",0.067,0.638,0.084,0,FALSE,79,"can_tho,da_nang,hanoi,hcmc",FALSE,FALSE,FALSE,services_and_business > b2b_service > manufacturer > mattress_manufacturing,Business & Professional Services,reviewed_same_name,mattress_manufacturing,1,72,,FALSE
protestant_place_of_worship,Community & Religion,0.692,bart,Social,Social,"{""Necessary"": 0.018, ""Social"": 0.831, ""Optional"": 0.197}",0.018,0.831,0.197,1,TRUE,78,"can_tho,da_nang,hanoi,hcmc",FALSE,FALSE,FALSE,cultural_and_historic > place_of_worship > christian_place_of_worship > protestant_place_of_worship,Community & Religion,reviewed_id_match,evangelical_church,1,74,church_cathedral,FALSE
roofing,Home & Garden Services,1,taxonomy,Necessary,Necessary,"{""Necessary"": 0.098, ""Social"": 0.541, ""Optional"": 0.316}",0.098,0.541,0.316,0,FALSE,78,"can_tho,da_nang,hanoi,hcmc,pleiku",FALSE,FALSE,FALSE,services_and_business > home_service > ceiling_and_roofing_repair_and_service > roofing,Home & Garden Services,reviewed_same_name,roofing,1,70,damage_restoration,FALSE
mexican_restaurant,Food & Drink,1,taxonomy,Social,Social,"{""Necessary"": 0.028, ""Social"": 0.639, ""Optional"": 0.044}",0.028,0.639,0.044,1,TRUE,78,"can_tho,da_nang,hanoi,hcmc",FALSE,FALSE,FALSE,food_and_drink > restaurant > latin_american_restaurant > mexican_restaurant,Food & Drink,reviewed_same_name,mexican_restaurant,0.985,66,restaurant,FALSE
soccer_stadium,Recreation & Sport,1,taxonomy,Optional,Optional,"{""Necessary"": 0.04, ""Social"": 0.008, ""Optional"": 0.543}",0.04,0.008,0.543,1,TRUE,77,"can_tho,da_nang,hanoi,hcmc",FALSE,FALSE,FALSE,arts_and_entertainment > stadium_arena > stadium > soccer_stadium,Recreation & Sport,reviewed_same_name,soccer_stadium,1,76,,FALSE
party_supply_store,Retail & Shopping,0.377,bart,Necessary,Necessary,"{""Necessary"": 0.202, ""Social"": 0.952, ""Optional"": 0.584}",0.736,0.952,0.584,0,FALSE,76,"can_tho,da_nang,hanoi,hcmc",FALSE,FALSE,FALSE,shopping > specialty_store > party_supply_store,Retail & Shopping,reviewed_id_match,party_supply,0.972,71,professional_services|shopping,FALSE
vending_machine_supplier,Business & Professional Services,1,taxonomy,Necessary,Necessary,"{""Necessary"": 0.197, ""Social"": 0.694, ""Optional"": 0.104}",0.197,0.694,0.104,0,FALSE,76,"can_tho,da_nang,hanoi,hcmc",FALSE,FALSE,FALSE,services_and_business > b2b_service > supplier_or_distributor > vending_machine_supplier,Business & Professional Services,reviewed_same_name,vending_machine_supplier,0.986,72,shopping,FALSE
outdoor_store,Recreation & Sport,0.325,bart,Social,Social|Optional,"{""Necessary"": 0.296, ""Social"": 0.978, ""Optional"": 0.943}",0.296,0.978,0.943,0,FALSE,75,"can_tho,da_nang,hanoi,hcmc",FALSE,FALSE,FALSE,shopping > specialty_store > sporting_goods_store > outdoor_store,Retail & Shopping,reviewed_id_match,outdoor_gear,0.973,74,arts_and_entertainment|shopping,FALSE
chiropractic,Healthcare,1,taxonomy,Necessary,Necessary,"{""Necessary"": 0.576, ""Social"": 0.251, ""Optional"": 0.009}",0.576,0.251,0.009,0,FALSE,75,"can_tho,da_nang,hanoi,hcmc",FALSE,FALSE,FALSE,health_care > outpatient_care_facility > complementary_and_alternative_medicine > chiropractic,Healthcare,reviewed_id_match,chiropractor,1,65,orthopedist,FALSE
glass_manufacturer,Agriculture & Industry,1,taxonomy,Necessary,Necessary,"{""Necessary"": 0.14, ""Social"": 0.854, ""Optional"": 0.424}",0.14,0.854,0.424,0,FALSE,74,"can_tho,da_nang,hanoi,hcmc,pleiku",FALSE,FALSE,FALSE,services_and_business > b2b_service > manufacturer > glass_manufacturer,Business & Professional Services,reviewed_same_name,glass_manufacturer,1,71,,FALSE
prosthodontics,Healthcare,1,taxonomy,Necessary,Necessary,"{""Necessary"": 0.034, ""Social"": 0.414, ""Optional"": 0.014}",0.034,0.414,0.014,0,FALSE,74,"can_tho,da_nang,hanoi,hcmc",FALSE,FALSE,FALSE,health_care > outpatient_care_facility > dental_clinic > prosthodontics,Healthcare,reviewed_id_match,prosthodontist,0.985,68,car_rental_agency|dentist,FALSE
day_spa,Beauty & Personal Care,1,taxonomy,Optional,Social|Optional,"{""Necessary"": 0.022, ""Social"": 0.775, ""Optional"": 0.437}",0.848,0.775,0.437,0,FALSE,74,"can_tho,da_nang,hanoi,hcmc",FALSE,FALSE,FALSE,lifestyle_services > wellness_service > spa > day_spa,Beauty & Personal Care,reviewed_same_name,day_spa,1,68,spas|beauty_salon,FALSE
hotel_supply_service,Business & Professional Services,1,taxonomy,Necessary,Necessary,"{""Necessary"": 0.68, ""Social"": 0.335, ""Optional"": 0.019}",0.68,0.335,0.019,0,FALSE,73,"can_tho,da_nang,hanoi,hcmc",FALSE,FALSE,FALSE,services_and_business > b2b_service > supplier_or_distributor > hotel_supply_service,Business & Professional Services,reviewed_same_name,hotel_supply_service,0.985,66,hotel,FALSE
urban_farm,Agriculture & Industry,1,taxonomy,Necessary,Necessary,"{""Necessary"": 0.192, ""Social"": 0.943, ""Optional"": 0.586}",0.192,0.943,0.586,0,FALSE,72,"can_tho,da_nang,hanoi,hcmc",FALSE,FALSE,FALSE,services_and_business > agricultural_service > farm > urban_farm,Agriculture & Industry,reviewed_same_name,urban_farm,1,69,,FALSE
live_and_raw_food_restaurant,Food & Drink,1,taxonomy,Social,Social,"{""Necessary"": 0.002, ""Social"": 0.009, ""Optional"": 0.001}",0.002,0.009,0.001,1,TRUE,72,"can_tho,da_nang,hanoi,hcmc",FALSE,FALSE,FALSE,food_and_drink > restaurant > special_diet_restaurant > live_and_raw_food_restaurant,Food & Drink,reviewed_same_name,live_and_raw_food_restaurant,1,67,,FALSE
vehicle_shipping,Business & Professional Services,1,taxonomy,Necessary,Necessary,"{""Necessary"": 0.309, ""Social"": 0.304, ""Optional"": 0.041}",0.309,0.304,0.041,0,FALSE,71,"can_tho,da_nang,hanoi,hcmc,pleiku",FALSE,FALSE,FALSE,services_and_business > shipping_or_delivery_service > vehicle_shipping,Automotive & Transport,reviewed_same_name,vehicle_shipping,1,63,,FALSE
retirement_home,Accommodation & Travel,1,taxonomy,Social,Social|Optional,"{""Necessary"": 0.001, ""Social"": 0.575, ""Optional"": 0.208}",0.001,0.575,0.208,0,FALSE,70,"can_tho,da_nang,hanoi,hcmc",FALSE,FALSE,FALSE,services_and_business > housing_or_property_service > senior_living_facility > retirement_home,Business & Professional Services,reviewed_same_name,retirement_home,1,64,,FALSE
food_tour,Accommodation & Travel,1,taxonomy,Social,Social,"{""Necessary"": 0.066, ""Social"": 0.815, ""Optional"": 0.396}",0.066,0.815,0.396,0,FALSE,69,"can_tho,da_nang,hanoi,hcmc,pleiku",FALSE,FALSE,FALSE,travel_and_transportation > travel_service > tour_operator > food_tour,Accommodation & Travel,reviewed_id_match,food_tours,0.984,63,barbecue_restaurant,FALSE
public_school,Education,1,taxonomy,Necessary,Necessary,"{""Necessary"": 0.64, ""Social"": 0.438, ""Optional"": 0.033}",0.64,0.438,0.033,0,FALSE,69,"da_nang,hanoi,hcmc",FALSE,FALSE,FALSE,education > place_of_learning > school > public_school,Education,reviewed_same_name,public_school,1,66,education|elementary_school,FALSE
history_museum,Culture & Arts,1,taxonomy,Optional,Optional,"{""Necessary"": 0.009, ""Social"": 0.034, ""Optional"": 0.495}",0.009,0.034,0.495,1,TRUE,69,"can_tho,da_nang,hanoi,hcmc,pleiku",FALSE,FALSE,FALSE,arts_and_entertainment > museum > history_museum,Culture & Arts,reviewed_same_name,history_museum,0.984,63,museum|transportation,FALSE
oil_change_station,Automotive & Transport,1,taxonomy,Necessary,Necessary,"{""Necessary"": 0.308, ""Social"": 0.047, ""Optional"": 0.004}",0.308,0.047,0.004,0,FALSE,67,"can_tho,da_nang,hanoi,hcmc",FALSE,FALSE,FALSE,travel_and_transportation > vehicle_service > automotive_service > oil_change_station,Automotive & Transport,reviewed_same_name,oil_change_station,1,65,,FALSE
night_market,Daily Needs & Grocery,1,taxonomy,Necessary,Social|Necessary,"{""Necessary"": 0.164, ""Social"": 0.962, ""Optional"": 0.29}",0.164,0.962,0.29,1,TRUE,67,"can_tho,da_nang,hanoi,hcmc",FALSE,FALSE,FALSE,shopping > market > night_market,Daily Needs & Grocery,reviewed_same_name,night_market,1,59,,FALSE
meat_wholesaler,Daily Needs & Grocery,1,taxonomy,Necessary,Necessary,"{""Necessary"": 0.65, ""Social"": 0.483, ""Optional"": 0.065}",0.65,0.483,0.065,0,FALSE,66,"can_tho,da_nang,hanoi,hcmc",FALSE,FALSE,FALSE,services_and_business > b2b_service > wholesaler > meat_wholesaler,Business & Professional Services,reviewed_same_name,meat_wholesaler,0.984,62,caterer,FALSE
acupuncture,Healthcare,1,taxonomy,Necessary,Necessary,"{""Necessary"": 0.054, ""Social"": 0.627, ""Optional"": 0.086}",0.054,0.627,0.086,0,FALSE,66,"can_tho,da_nang,hanoi,hcmc",FALSE,FALSE,FALSE,health_care > outpatient_care_facility > complementary_and_alternative_medicine > acupuncture,Healthcare,reviewed_same_name,acupuncture,1,62,,FALSE
aromatherapy,Healthcare,1,taxonomy,Necessary,Necessary,"{""Necessary"": 0.058, ""Social"": 0.796, ""Optional"": 0.025}",0.058,0.796,0.025,0,FALSE,66,"can_tho,da_nang,hanoi,hcmc",FALSE,FALSE,FALSE,health_care > outpatient_care_facility > complementary_and_alternative_medicine > aromatherapy,Healthcare,reviewed_same_name,aromatherapy,0.932,59,beauty_product_supplier|flowers_and_gifts_shop|grocery_store|shopping,FALSE
wholesale_grocer,Daily Needs & Grocery,1,taxonomy,Necessary,Necessary,"{""Necessary"": 0.467, ""Social"": 0.722, ""Optional"": 0.037}",0.467,0.722,0.037,0,FALSE,65,"can_tho,da_nang,hanoi,hcmc,pleiku",FALSE,FALSE,FALSE,services_and_business > b2b_service > wholesaler > wholesale_grocer,Business & Professional Services,reviewed_same_name,wholesale_grocer,1,59,,FALSE
fish_farm,Agriculture & Industry,1,taxonomy,Necessary,Necessary,"{""Necessary"": 0.052, ""Social"": 0.847, ""Optional"": 0.339}",0.052,0.847,0.339,0,FALSE,65,"can_tho,da_nang,hanoi,hcmc",FALSE,FALSE,FALSE,services_and_business > b2b_service > b2b_agriculture_service > fish_farm_hatchery > fish_farm,Business & Professional Services,reviewed_same_name,fish_farm,1,60,,FALSE
commercial_vehicle_dealer,Business & Professional Services,1,taxonomy,Necessary,Necessary,"{""Necessary"": 0.206, ""Social"": 0.051, ""Optional"": 0.014}",0.206,0.051,0.014,0,FALSE,64,"can_tho,da_nang,hanoi,hcmc",FALSE,FALSE,FALSE,shopping > vehicle_dealer > commercial_vehicle_dealer,Automotive & Transport,reviewed_same_name,commercial_vehicle_dealer,1,60,,FALSE
casino,Recreation & Sport,1,taxonomy,Social,Social,"{""Necessary"": 0.023, ""Social"": 0.119, ""Optional"": 0.034}",0.023,0.119,0.034,0,FALSE,63,"can_tho,da_nang,hanoi,hcmc",FALSE,FALSE,FALSE,arts_and_entertainment > gaming_venue > casino,Recreation & Sport,reviewed_same_name,casino,1,57,,FALSE
motorsports_store,Retail & Shopping,1,taxonomy,Necessary,Necessary,"{""Necessary"": 0.043, ""Social"": 0.34, ""Optional"": 0.744}",0.736,0.34,0.744,0,FALSE,62,"can_tho,da_nang,hanoi,hcmc",FALSE,FALSE,FALSE,shopping > specialty_store > vehicle_parts_store > motorsports_store,Retail & Shopping,reviewed_same_name,motorsports_store,0.983,60,used_car_dealer,FALSE
bike_repair_maintenance,Business & Professional Services,1,taxonomy,Necessary,Necessary,"{""Necessary"": 0.376, ""Social"": 0.283, ""Optional"": 0.005}",0.376,0.283,0.005,0,FALSE,62,"can_tho,da_nang,hanoi,hcmc",FALSE,FALSE,FALSE,services_and_business > technical_service > bike_repair_maintenance,Business & Professional Services,reviewed_same_name,bike_repair_maintenance,1,59,,FALSE
health_department,Healthcare,1,taxonomy,Necessary,Necessary,"{""Necessary"": 0.282, ""Social"": 0.906, ""Optional"": 0.096}",0.282,0.906,0.096,0,FALSE,62,"can_tho,da_nang,hanoi,hcmc",FALSE,FALSE,FALSE,community_and_government > government_office > government_department > health_department,Civic & Government,reviewed_same_name,health_department,1,59,,FALSE
private_investigation,Business & Professional Services,1,taxonomy,Necessary,Necessary,"{""Necessary"": 0.006, ""Social"": 0.599, ""Optional"": 0.013}",0.006,0.599,0.013,0,FALSE,61,"can_tho,da_nang,hanoi,hcmc,pleiku",FALSE,FALSE,FALSE,services_and_business > legal_service > private_investigation,Business & Professional Services,reviewed_same_name,private_investigation,1,58,,FALSE
bags_luggage_company,Business & Professional Services,1,taxonomy,Necessary,Necessary,"{""Necessary"": 0.159, ""Social"": 0.786, ""Optional"": 0.376}",0.159,0.786,0.376,0,FALSE,60,"da_nang,hanoi,hcmc",FALSE,FALSE,FALSE,services_and_business > corporate_or_business_office > bags_luggage_company,Business & Professional Services,reviewed_same_name,bags_luggage_company,0.981,54,fashion_accessories_store,FALSE
commercial_refrigeration,Business & Professional Services,1,taxonomy,Necessary,Necessary,"{""Necessary"": 0.157, ""Social"": 0.008, ""Optional"": 0.003}",0.157,0.008,0.003,0,FALSE,60,"can_tho,da_nang,hanoi,hcmc",FALSE,FALSE,FALSE,services_and_business > technical_service > commercial_refrigeration,Business & Professional Services,reviewed_same_name,commercial_refrigeration,0.981,52,hvac_services,FALSE
fishing_charter,Recreation & Sport,1,taxonomy,Social,Social,"{""Necessary"": 0.01, ""Social"": 0.287, ""Optional"": 0.205}",0.01,0.287,0.205,0,FALSE,60,"can_tho,da_nang,hanoi,hcmc",FALSE,FALSE,FALSE,sports_and_recreation > sport_or_fitness_facility > water_sport > fishing > fishing_charter,Recreation & Sport,reviewed_same_name,fishing_charter,1,60,,FALSE
golf_course,Recreation & Sport,1,taxonomy,Optional,Optional,"{""Necessary"": 0.011, ""Social"": 0.025, ""Optional"": 0.343}",0.011,0.025,0.343,0,FALSE,60,"can_tho,da_nang,hanoi,hcmc,pleiku",FALSE,FALSE,FALSE,sports_and_recreation > sport_or_fitness_facility > golf_course,Recreation & Sport,reviewed_same_name,golf_course,1,58,,FALSE
taiwanese_restaurant,Food & Drink,1,taxonomy,Social,Social,"{""Necessary"": 0.013, ""Social"": 0.307, ""Optional"": 0.018}",0.013,0.307,0.018,1,TRUE,60,"da_nang,hanoi,hcmc",FALSE,FALSE,FALSE,food_and_drink > restaurant > asian_restaurant > east_asian_restaurant > taiwanese_restaurant,Food & Drink,reviewed_same_name,taiwanese_restaurant,0.981,54,restaurant,FALSE
prenatal_and_perinatal_care,Healthcare,1,taxonomy,Necessary,Necessary,"{""Necessary"": 0.28, ""Social"": 0.177, ""Optional"": 0.0}",0.28,0.177,0,0,FALSE,60,"can_tho,da_nang,hanoi,hcmc",FALSE,FALSE,FALSE,health_care > outpatient_care_facility > reproductive_perinatal_and_womens_care > prenatal_and_perinatal_care,Healthcare,reviewed_id_match,prenatal_perinatal_care,0.982,55,health_spa,FALSE
restaurant_wholesale,Business & Professional Services,1,taxonomy,Necessary,Necessary,"{""Necessary"": 0.24, ""Social"": 0.039, ""Optional"": 0.009}",0.24,0.039,0.009,0,FALSE,59,"da_nang,hanoi,hcmc",FALSE,FALSE,FALSE,services_and_business > b2b_service > wholesaler > restaurant_wholesale,Business & Professional Services,reviewed_same_name,restaurant_wholesale,0.982,55,home_cleaning,FALSE
damage_restoration,Home & Garden Services,1,taxonomy,Necessary,Necessary,"{""Necessary"": 0.038, ""Social"": 0.794, ""Optional"": 0.302}",0.038,0.794,0.302,0,FALSE,59,"da_nang,hanoi,hcmc",FALSE,FALSE,FALSE,services_and_business > home_service > damage_restoration,Home & Garden Services,reviewed_same_name,damage_restoration,0.943,53,home_staging|motorcycle_repair|professional_services,FALSE
animal_shelter,Pet Services,1,taxonomy,Necessary,Necessary,"{""Necessary"": 0.025, ""Social"": 0.755, ""Optional"": 0.2}",0.025,0.755,0.2,0,FALSE,58,"can_tho,da_nang,hanoi,hcmc",FALSE,FALSE,FALSE,lifestyle_services > animal_or_pet_service > animal_adoption_or_rescue > animal_shelter,Pet Services,reviewed_same_name,animal_shelter,0.982,55,educational_services|pet_store,FALSE
cosmetology_school,Education,1,taxonomy,Necessary,Necessary,"{""Necessary"": 0.62, ""Social"": 0.43, ""Optional"": 0.004}",0.62,0.43,0.004,0,FALSE,58,"can_tho,da_nang,hanoi,hcmc",FALSE,FALSE,FALSE,education > place_of_learning > specialty_school > cosmetology_school,Education,reviewed_same_name,cosmetology_school,1,56,,FALSE
sports_bar,Food & Drink,1,taxonomy,Optional,Optional|Social,"{""Necessary"": 0.044, ""Social"": 0.776, ""Optional"": 0.805}",0.044,0.776,0.805,1,TRUE,58,"can_tho,da_nang,hanoi,hcmc",FALSE,FALSE,FALSE,food_and_drink > alcoholic_beverage_venue > bar > sports_bar,Food & Drink,reviewed_same_name,sports_bar,0.963,54,pub|restaurant,FALSE
limo_service,Business & Professional Services,1,taxonomy,Necessary,Necessary,"{""Necessary"": 0.564, ""Social"": 0.034, ""Optional"": 0.495}",0.564,0.034,0.495,0,FALSE,58,"da_nang,hanoi,hcmc",FALSE,FALSE,FALSE,travel_and_transportation > ground_transport_facility_or_service > taxi_or_ride_share_service > limo_service,Automotive & Transport,reviewed_id_match,limo_services,1,57,,FALSE
hair_extensions,Beauty & Personal Care,1,taxonomy,Optional,Social|Optional,"{""Necessary"": 0.075, ""Social"": 0.904, ""Optional"": 0.395}",0.848,0.904,0.395,0,FALSE,57,"can_tho,da_nang,hanoi,hcmc",FALSE,FALSE,FALSE,lifestyle_services > personal_or_beauty_service > hair_replacement > hair_extensions,Beauty & Personal Care,reviewed_same_name,hair_extensions,1,47,spas,FALSE
comic_books_store,Retail & Shopping,1,taxonomy,Necessary,Necessary,"{""Necessary"": 0.045, ""Social"": 0.662, ""Optional"": 0.104}",0.736,0.662,0.104,0,FALSE,56,"can_tho,da_nang,hanoi,hcmc",FALSE,FALSE,FALSE,shopping > specialty_store > books_music_and_video_store > bookstore > comic_books_store,Retail & Shopping,reviewed_same_name,comic_books_store,1,50,bookstore,FALSE
reproductive_perinatal_and_womens_care,Healthcare,1,taxonomy,Necessary,Necessary,"{""Necessary"": 0.165, ""Social"": 0.085, ""Optional"": 0.002}",0.165,0.085,0.002,0,FALSE,55,"can_tho,da_nang,hanoi,hcmc",FALSE,FALSE,FALSE,health_care > outpatient_care_facility > reproductive_perinatal_and_womens_care,Healthcare,reviewed_id_match,womens_health_clinic,1,49,,FALSE
auto_glass_service,Business & Professional Services,1,taxonomy,Necessary,Necessary,"{""Necessary"": 0.279, ""Social"": 0.881, ""Optional"": 0.361}",0.279,0.881,0.361,0,FALSE,54,"can_tho,da_nang,hanoi,hcmc",FALSE,FALSE,FALSE,travel_and_transportation > vehicle_service > automotive_service > auto_glass_service,Automotive & Transport,reviewed_same_name,auto_glass_service,1,52,,FALSE
meditation_center,Beauty & Personal Care,1,taxonomy,Optional,Social|Optional,"{""Necessary"": 0.001, ""Social"": 0.007, ""Optional"": 0.002}",0.848,0.007,0.002,0,FALSE,54,"can_tho,da_nang,hanoi,hcmc",FALSE,FALSE,FALSE,lifestyle_services > wellness_service > meditation_center,Beauty & Personal Care,reviewed_same_name,meditation_center,0.98,50,school,FALSE
car_stereo_store,Retail & Shopping,1,taxonomy,Necessary,Necessary,"{""Necessary"": 0.158, ""Social"": 0.64, ""Optional"": 0.231}",0.736,0.64,0.231,0,FALSE,53,"can_tho,da_nang,hanoi,hcmc",FALSE,FALSE,FALSE,shopping > specialty_store > electronics_store > car_stereo_store,Retail & Shopping,reviewed_same_name,car_stereo_store,1,49,,FALSE
tree_service,Home & Garden Services,1,taxonomy,Necessary,Necessary,"{""Necessary"": 0.239, ""Social"": 0.911, ""Optional"": 0.733}",0.239,0.911,0.733,0,FALSE,52,"can_tho,da_nang,hanoi,hcmc",FALSE,FALSE,FALSE,services_and_business > home_service > landscaping > tree_service,Home & Garden Services,reviewed_id_match,tree_services,1,46,,FALSE
miniature_golf_course,Recreation & Sport,1,taxonomy,Optional,Optional,"{""Necessary"": 0.01, ""Social"": 0.036, ""Optional"": 0.221}",0.01,0.036,0.221,0,FALSE,52,"da_nang,hanoi,hcmc",FALSE,FALSE,FALSE,sports_and_recreation > sport_or_fitness_facility > miniature_golf_course,Recreation & Sport,reviewed_same_name,miniature_golf_course,0.959,49,sporting_goods|sports_bar,FALSE
vocational_and_technical_school,Education,1,taxonomy,Necessary,Necessary,"{""Necessary"": 0.3, ""Social"": 0.029, ""Optional"": 0.0}",0.3,0.029,0,0,FALSE,52,"can_tho,da_nang,hanoi,hcmc",FALSE,FALSE,FALSE,education > place_of_learning > specialty_school > vocational_and_technical_school,Education,reviewed_same_name,vocational_and_technical_school,1,51,,FALSE
b2b_service,Business & Professional Services,1,taxonomy,Necessary,Necessary,"{""Necessary"": 0.25, ""Social"": 0.005, ""Optional"": 0.002}",0.25,0.005,0.002,0,FALSE,52,"can_tho,da_nang,hanoi,hcmc",FALSE,FALSE,FALSE,services_and_business > b2b_service,Business & Professional Services,reviewed_id_match,business_to_business,1,52,,FALSE
travel_agent,Business & Professional Services,1,taxonomy,Necessary,Necessary,"{""Necessary"": 0.919, ""Social"": 0.008, ""Optional"": 0.003}",0.919,0.008,0.003,0,FALSE,51,"can_tho,da_nang,hanoi,hcmc",FALSE,FALSE,FALSE,travel_and_transportation > travel_service > travel_agent,Accommodation & Travel,reviewed_id_match,travel_agents,0.98,51,travel_services,FALSE
dog_trainer,Pet Services,1,taxonomy,Necessary,Necessary,"{""Necessary"": 0.153, ""Social"": 0.86, ""Optional"": 0.344}",0.153,0.86,0.344,0,FALSE,51,"da_nang,hanoi,hcmc",FALSE,FALSE,FALSE,lifestyle_services > animal_or_pet_service > pet_care_service > pet_training > dog_trainer,Pet Services,reviewed_same_name,dog_trainer,1,51,pet_services,FALSE
airport_shuttle,Automotive & Transport,1,taxonomy,Necessary,Necessary,"{""Necessary"": 0.79, ""Social"": 0.292, ""Optional"": 0.178}",0.79,0.292,0.178,0,FALSE,49,"can_tho,da_nang,hanoi,hcmc",FALSE,FALSE,FALSE,travel_and_transportation > air_transport_facility_or_service > airport_shuttle,Automotive & Transport,reviewed_id_match,airport_shuttles,1,40,,FALSE
senior_citizen_service,Community & Religion,1,taxonomy,Necessary,Necessary,"{""Necessary"": 0.249, ""Social"": 0.874, ""Optional"": 0.414}",0.249,0.874,0.414,0,FALSE,48,"can_tho,da_nang,hanoi,hcmc",FALSE,FALSE,FALSE,community_and_government > social_or_community_service > senior_citizen_service,Community & Religion,reviewed_id_match,senior_citizen_services,0.957,46,brokers|retirement_home,FALSE
image_consultant,Beauty & Personal Care,1,taxonomy,Optional,Social|Optional,"{""Necessary"": 0.482, ""Social"": 0.955, ""Optional"": 0.76}",0.848,0.955,0.76,0,FALSE,48,"can_tho,da_nang,hanoi,hcmc",FALSE,FALSE,FALSE,lifestyle_services > personal_or_beauty_service > image_consultant,Beauty & Personal Care,reviewed_same_name,image_consultant,0.977,44,beauty_salon,FALSE
educational_camp,Recreation & Sport,1,taxonomy,Social,Social,"{""Necessary"": 0.001, ""Social"": 0.009, ""Optional"": 0.0}",0.001,0.009,0,0,FALSE,48,"can_tho,da_nang,hanoi,hcmc",FALSE,FALSE,FALSE,education > educational_facility > educational_camp,Education,reviewed_same_name,educational_camp,1,39,,FALSE
aquarium,Recreation & Sport,1,taxonomy,Social,Social,"{""Necessary"": 0.037, ""Social"": 0.713, ""Optional"": 0.117}",0.037,0.713,0.117,1,TRUE,48,"can_tho,da_nang,hanoi,hcmc",FALSE,FALSE,FALSE,arts_and_entertainment > animal_attraction > aquarium,Recreation & Sport,reviewed_same_name,aquarium,1,47,,FALSE
basketball_court,Recreation & Sport,1,taxonomy,Optional,Optional|Social,"{""Necessary"": 0.144, ""Social"": 0.564, ""Optional"": 0.719}",0.144,0.564,0.719,1,TRUE,48,"can_tho,da_nang,hanoi,hcmc",FALSE,FALSE,FALSE,sports_and_recreation > sport_or_fitness_facility > sport_court > basketball_court,Recreation & Sport,reviewed_same_name,basketball_court,1,45,,FALSE
hair_replacement,Beauty & Personal Care,1,taxonomy,Optional,Social|Optional,"{""Necessary"": 0.099, ""Social"": 0.844, ""Optional"": 0.378}",0.848,0.844,0.378,0,FALSE,48,"can_tho,hanoi,hcmc",FALSE,FALSE,FALSE,lifestyle_services > personal_or_beauty_service > hair_replacement,Beauty & Personal Care,reviewed_same_name,hair_replacement,1,44,,FALSE
european_restaurant,Food & Drink,1,taxonomy,Social,Social,"{""Necessary"": 0.02, ""Social"": 0.394, ""Optional"": 0.034}",0.02,0.394,0.034,1,TRUE,47,"can_tho,da_nang,hanoi,hcmc",FALSE,FALSE,FALSE,food_and_drink > restaurant > european_restaurant,Food & Drink,reviewed_same_name,european_restaurant,1,43,,FALSE
book_magazine_distribution,Business & Professional Services,1,taxonomy,Necessary,Necessary,"{""Necessary"": 0.068, ""Social"": 0.683, ""Optional"": 0.078}",0.068,0.683,0.078,0,FALSE,47,"can_tho,da_nang,hanoi,hcmc,pleiku",FALSE,FALSE,FALSE,services_and_business > media_service > media_news_company > book_magazine_distribution,Business & Professional Services,reviewed_same_name,book_magazine_distribution,1,42,,FALSE
marina,Civic & Government,1,taxonomy,Necessary,Necessary,"{""Necessary"": 0.367, ""Social"": 0.958, ""Optional"": 0.643}",0.367,0.958,0.643,0,FALSE,47,"can_tho,da_nang,hanoi,hcmc",FALSE,FALSE,FALSE,geographic_entities > built_feature > marina,Civic & Government,reviewed_same_name,marina,1,42,,FALSE
bartending_school,Education,1,taxonomy,Necessary,Necessary,"{""Necessary"": 0.021, ""Social"": 0.618, ""Optional"": 0.021}",0.021,0.618,0.021,0,FALSE,46,"da_nang,hanoi,hcmc",FALSE,FALSE,FALSE,education > place_of_learning > specialty_school > bartending_school,Education,reviewed_same_name,bartending_school,1,44,,FALSE
boat_service,Business & Professional Services,1,taxonomy,Necessary,Necessary,"{""Necessary"": 0.37, ""Social"": 0.259, ""Optional"": 0.006}",0.37,0.259,0.006,0,FALSE,46,"can_tho,da_nang,hanoi,hcmc",FALSE,FALSE,FALSE,travel_and_transportation > vehicle_service > boat_service,Automotive & Transport,reviewed_id_match,boat_service_and_repair,0.977,43,transportation,FALSE
b2b_marketing_consultant,Business & Professional Services,1,taxonomy,Necessary,Necessary,"{""Necessary"": 0.119, ""Social"": 0.869, ""Optional"": 0.172}",0.119,0.869,0.172,0,FALSE,46,"hanoi,hcmc,pleiku",FALSE,FALSE,FALSE,services_and_business > b2b_service > b2b_office_and_professional_service > b2b_advertising_and_marketing_service > b2b_marketing_consultant,Business & Professional Services,reviewed_id_match,marketing_consultant,1,41,,FALSE
hair_removal,Beauty & Personal Care,1,taxonomy,Optional,Social|Optional,"{""Necessary"": 0.047, ""Social"": 0.617, ""Optional"": 0.204}",0.848,0.617,0.204,0,FALSE,45,"can_tho,da_nang,hanoi,hcmc",FALSE,FALSE,FALSE,lifestyle_services > personal_or_beauty_service > hair_removal,Beauty & Personal Care,reviewed_same_name,hair_removal,1,42,,FALSE
art_museum,Culture & Arts,1,taxonomy,Optional,Optional,"{""Necessary"": 0.007, ""Social"": 0.055, ""Optional"": 0.758}",0.007,0.055,0.758,1,TRUE,45,"da_nang,hanoi,hcmc",FALSE,FALSE,FALSE,arts_and_entertainment > museum > art_museum,Culture & Arts,reviewed_same_name,art_museum,0.952,42,art_gallery|nature_reserve,FALSE
private_association,Business & Professional Services,1,taxonomy,Necessary,Necessary,"{""Necessary"": 0.031, ""Social"": 0.935, ""Optional"": 0.702}",0.031,0.935,0.702,0,FALSE,45,"can_tho,da_nang,hanoi,hcmc",FALSE,FALSE,FALSE,services_and_business > corporate_or_business_office > private_association,Business & Professional Services,reviewed_same_name,private_association,1,43,,FALSE
public_fountain,Culture & Arts,1,taxonomy,Optional,Optional,"{""Necessary"": 0.146, ""Social"": 0.144, ""Optional"": 0.371}",0.146,0.144,0.371,1,TRUE,44,"can_tho,da_nang,hanoi,hcmc,pleiku",FALSE,FALSE,FALSE,community_and_government > public_facility > public_fountain,Civic & Government,reviewed_id_match,fountain,1,42,,FALSE
comedy_club,Culture & Arts,1,taxonomy,Social,Social,"{""Necessary"": 0.022, ""Social"": 0.849, ""Optional"": 0.049}",0.022,0.849,0.049,1,TRUE,44,"da_nang,hanoi,hcmc",FALSE,FALSE,FALSE,arts_and_entertainment > performing_arts_venue > comedy_club,Culture & Arts,reviewed_same_name,comedy_club,1,40,,FALSE
tv_mounting,Home & Garden Services,1,taxonomy,Necessary,Necessary,"{""Necessary"": 0.448, ""Social"": 0.856, ""Optional"": 0.467}",0.448,0.856,0.467,0,FALSE,44,"can_tho,da_nang,hanoi,hcmc",FALSE,FALSE,FALSE,services_and_business > home_service > tv_mounting,Home & Garden Services,reviewed_same_name,tv_mounting,1,39,,FALSE
public_utility,Utilities & Infrastructure,0.798,bart,Necessary,Necessary,"{""Necessary"": 0.163, ""Social"": 0.78, ""Optional"": 0.184}",0.163,0.78,0.184,0,FALSE,43,"can_tho,da_nang,hanoi,hcmc",FALSE,FALSE,FALSE,community_and_government > public_utility,Utilities & Infrastructure,reviewed_id_match,public_utility_company,1,41,,FALSE
psychotherapy,Healthcare,1,taxonomy,Necessary,Necessary,"{""Necessary"": 0.03, ""Social"": 0.891, ""Optional"": 0.114}",0.03,0.891,0.114,0,FALSE,42,"da_nang,hanoi,hcmc",FALSE,FALSE,FALSE,health_care > outpatient_care_facility > behavioral_or_mental_health_clinic > psychiatry_or_psychology_service > psychotherapy,Healthcare,reviewed_id_match,psychotherapist,1,41,,FALSE
packing_supply_store,Business & Professional Services,0.272,bart,Necessary,Necessary,"{""Necessary"": 0.731, ""Social"": 0.589, ""Optional"": 0.138}",0.731,0.589,0.138,0,FALSE,42,"can_tho,da_nang,hanoi,hcmc",FALSE,FALSE,FALSE,shopping > specialty_store > office_supply_store > packing_supply_store,Retail & Shopping,reviewed_id_match,packing_supply,1,37,,FALSE
asian_fusion_restaurant,Food & Drink,1,taxonomy,Social,Social,"{""Necessary"": 0.019, ""Social"": 0.385, ""Optional"": 0.018}",0.019,0.385,0.018,1,TRUE,42,"da_nang,hanoi,hcmc",FALSE,FALSE,FALSE,food_and_drink > restaurant > international_fusion_restaurant > asian_fusion_restaurant,Food & Drink,reviewed_same_name,asian_fusion_restaurant,0.974,39,restaurant|vietnamese_restaurant,FALSE
career_counseling,Business & Professional Services,1,taxonomy,Necessary,Necessary,"{""Necessary"": 0.008, ""Social"": 0.173, ""Optional"": 0.001}",0.008,0.173,0.001,0,FALSE,41,"can_tho,da_nang,hanoi,hcmc",FALSE,FALSE,FALSE,services_and_business > professional_service > career_counseling,Business & Professional Services,reviewed_same_name,career_counseling,0.969,32,educational_services,FALSE
maternity_wear,Retail & Shopping,1,taxonomy,Necessary,Necessary,"{""Necessary"": 0.209, ""Social"": 0.917, ""Optional"": 0.298}",0.736,0.917,0.298,0,FALSE,41,"da_nang,hanoi,hcmc",FALSE,FALSE,FALSE,shopping > fashion_and_apparel_store > clothing_store > maternity_wear,Retail & Shopping,reviewed_same_name,maternity_wear,1,35,childrens_clothing_store,FALSE
ferry_boat_company,Business & Professional Services,1,taxonomy,Necessary,Necessary,"{""Necessary"": 0.154, ""Social"": 0.748, ""Optional"": 0.325}",0.154,0.748,0.325,0,FALSE,41,"can_tho,da_nang,hanoi,hcmc",FALSE,FALSE,FALSE,services_and_business > corporate_or_business_office > ferry_boat_company,Business & Professional Services,reviewed_same_name,ferry_boat_company,1,40,,FALSE
waxing,Beauty & Personal Care,1,taxonomy,Optional,Social|Optional,"{""Necessary"": 0.037, ""Social"": 0.898, ""Optional"": 0.498}",0.848,0.898,0.498,0,FALSE,41,"da_nang,hanoi,hcmc",FALSE,FALSE,FALSE,lifestyle_services > personal_or_beauty_service > hair_removal > waxing,Beauty & Personal Care,reviewed_same_name,waxing,1,39,spas|hair_removal,FALSE
truck_rental_service,Business & Professional Services,0.259,bart,Necessary,Necessary,"{""Necessary"": 0.696, ""Social"": 0.541, ""Optional"": 0.176}",0.696,0.541,0.176,0,FALSE,41,"can_tho,da_nang,hanoi,hcmc",FALSE,FALSE,FALSE,services_and_business > rental_service > vehicle_rental_service > truck_rental_service,Business & Professional Services,reviewed_id_match,truck_rentals,1,35,,FALSE
water_utility_provider,Utilities & Infrastructure,0.761,bart,Necessary,Necessary,"{""Necessary"": 0.285, ""Social"": 0.923, ""Optional"": 0.526}",0.285,0.923,0.526,0,FALSE,40,"can_tho,da_nang,hanoi,hcmc",FALSE,FALSE,FALSE,community_and_government > public_utility > water_utility_provider,Utilities & Infrastructure,reviewed_id_match,water_supplier,1,36,,FALSE
b2b_mining,Utilities & Infrastructure,1,taxonomy,Necessary,Necessary,"{""Necessary"": 0.052, ""Social"": 0.718, ""Optional"": 0.065}",0.052,0.718,0.065,0,FALSE,40,"da_nang,hanoi,hcmc,pleiku",FALSE,FALSE,FALSE,services_and_business > b2b_service > b2b_energy_and_utility_service > b2b_mining,Business & Professional Services,reviewed_id_match,mining,1,39,,FALSE
sculpture_statue,Culture & Arts,1,taxonomy,Optional,Optional,"{""Necessary"": 0.02, ""Social"": 0.302, ""Optional"": 0.357}",0.02,0.302,0.357,1,TRUE,40,"can_tho,da_nang,hanoi,hcmc",FALSE,FALSE,FALSE,arts_and_entertainment > arts_and_crafts_space > sculpture_statue,Culture & Arts,reviewed_same_name,sculpture_statue,1,40,,FALSE
fairgrounds,Daily Needs & Grocery,0.108,bart,Necessary,Necessary,"{""Necessary"": 0.947, ""Social"": 0.654, ""Optional"": 0.741}",0.947,0.654,0.741,0,FALSE,40,"can_tho,da_nang,hanoi,hcmc",FALSE,FALSE,FALSE,arts_and_entertainment > festival_venue > fairgrounds,Culture & Arts,reviewed_id_match,fair,1,39,,FALSE
home_theater_systems_stores,Retail & Shopping,1,taxonomy,Necessary,Necessary,"{""Necessary"": 0.126, ""Social"": 0.76, ""Optional"": 0.168}",0.736,0.76,0.168,0,FALSE,40,"da_nang,hanoi,hcmc",FALSE,FALSE,FALSE,shopping > specialty_store > electronics_store > home_theater_systems_stores,Retail & Shopping,reviewed_same_name,home_theater_systems_stores,1,34,,FALSE
copywriting_service,Business & Professional Services,1,taxonomy,Necessary,Necessary,"{""Necessary"": 0.109, ""Social"": 0.862, ""Optional"": 0.092}",0.109,0.862,0.092,0,FALSE,39,"can_tho,da_nang,hanoi,hcmc",FALSE,FALSE,FALSE,services_and_business > professional_service > copywriting_service,Business & Professional Services,reviewed_same_name,copywriting_service,1,34,business_advertising,FALSE
gelato_shop,Food & Drink,0.149,bart,Social,Social|Optional,"{""Necessary"": 0.143, ""Social"": 0.894, ""Optional"": 0.522}",0.143,0.894,0.522,0,FALSE,39,"can_tho,da_nang,hanoi,hcmc",FALSE,FALSE,FALSE,food_and_drink > casual_eatery > dessert_shop > gelato_shop,Food & Drink,reviewed_id_match,gelato,0.944,36,desserts|ice_cream_shop,FALSE
professional_sport_team,Business & Professional Services,1,taxonomy,Necessary,Necessary,"{""Necessary"": 0.007, ""Social"": 0.032, ""Optional"": 0.631}",0.007,0.032,0.631,0,FALSE,38,"can_tho,da_nang,hanoi,hcmc",FALSE,FALSE,FALSE,sports_and_recreation > sport_team > professional_sport_team,Recreation & Sport,reviewed_id_match,professional_sports_team,1,36,,FALSE
medical_school,Education,1,taxonomy,Necessary,Necessary,"{""Necessary"": 0.61, ""Social"": 0.466, ""Optional"": 0.002}",0.61,0.466,0.002,0,FALSE,38,"can_tho,da_nang,hanoi,hcmc",FALSE,FALSE,FALSE,education > place_of_learning > specialty_school > medical_school,Education,reviewed_same_name,medical_school,1,32,college_university,FALSE
fire_station,Civic & Government,1,taxonomy,Necessary,Necessary,"{""Necessary"": 0.028, ""Social"": 0.726, ""Optional"": 0.332}",0.028,0.726,0.332,0,FALSE,37,"can_tho,da_nang,hanoi,hcmc",FALSE,FALSE,FALSE,community_and_government > public_safety_service > fire_station,Civic & Government,reviewed_id_match,fire_department,0.972,36,shopping,FALSE
writing_service,Business & Professional Services,1,taxonomy,Necessary,Necessary,"{""Necessary"": 0.189, ""Social"": 0.85, ""Optional"": 0.211}",0.189,0.85,0.211,0,FALSE,37,"can_tho,da_nang,hanoi,hcmc,pleiku",FALSE,FALSE,FALSE,services_and_business > professional_service > writing_service,Business & Professional Services,reviewed_same_name,writing_service,1,34,,FALSE
bike_rental,Business & Professional Services,1,taxonomy,Necessary,Necessary,"{""Necessary"": 0.523, ""Social"": 0.654, ""Optional"": 0.47}",0.523,0.654,0.47,0,FALSE,37,"da_nang,hanoi,hcmc",FALSE,FALSE,FALSE,sports_and_recreation > recreational_equipment_rental > bike_rental,Recreation & Sport,reviewed_id_match,bike_rentals,1,34,,FALSE
airport_lounge,Food & Drink,1,taxonomy,Social,Social,"{""Necessary"": 0.011, ""Social"": 0.941, ""Optional"": 0.259}",0.011,0.941,0.259,0,FALSE,37,"can_tho,da_nang,hanoi,hcmc",FALSE,FALSE,FALSE,food_and_drink > alcoholic_beverage_venue > lounge > airport_lounge,Food & Drink,reviewed_same_name,airport_lounge,0.971,35,hotel,FALSE
german_restaurant,Food & Drink,1,taxonomy,Social,Social,"{""Necessary"": 0.023, ""Social"": 0.481, ""Optional"": 0.044}",0.023,0.481,0.044,1,TRUE,37,"can_tho,da_nang,hanoi,hcmc",FALSE,FALSE,FALSE,food_and_drink > restaurant > european_restaurant > central_european_restaurant > german_restaurant,Food & Drink,reviewed_same_name,german_restaurant,1,35,,FALSE
boat_parts_store,Business & Professional Services,0.154,bart,Necessary,Necessary,"{""Necessary"": 0.033, ""Social"": 0.029, ""Optional"": 0.006}",0.033,0.029,0.006,0,FALSE,36,"da_nang,hanoi,hcmc",FALSE,FALSE,FALSE,shopping > specialty_store > vehicle_parts_store > boat_parts_store,Retail & Shopping,reviewed_id_match,boat_parts_and_supply_store,1,36,,FALSE
political_party_office,Civic & Government,1,taxonomy,Necessary,Necessary,"{""Necessary"": 0.009, ""Social"": 0.091, ""Optional"": 0.026}",0.009,0.091,0.026,0,FALSE,36,"da_nang,hanoi,hcmc",FALSE,FALSE,FALSE,community_and_government > civic_organization > political_organization > political_party_office,Civic & Government,reviewed_same_name,political_party_office,0.969,32,party_and_event_planning,FALSE
water_park,Recreation & Sport,1,taxonomy,Social,Social|Optional,"{""Necessary"": 0.066, ""Social"": 0.949, ""Optional"": 0.8}",0.066,0.949,0.8,1,TRUE,36,"da_nang,hanoi,hcmc",FALSE,FALSE,FALSE,sports_and_recreation > park > water_park,Recreation & Sport,reviewed_same_name,water_park,1,35,,FALSE
sex_therapy,Business & Professional Services,1,taxonomy,Necessary,Necessary,"{""Necessary"": 0.016, ""Social"": 0.837, ""Optional"": 0.081}",0.016,0.837,0.081,0,FALSE,35,"da_nang,hanoi,hcmc",FALSE,FALSE,FALSE,health_care > outpatient_care_facility > behavioral_or_mental_health_clinic > counseling > sex_therapy,Healthcare,reviewed_id_match,sex_therapist,1,29,,FALSE
oral_and_maxillofacial_surgery,Healthcare,1,taxonomy,Necessary,Necessary,"{""Necessary"": 0.078, ""Social"": 0.883, ""Optional"": 0.228}",0.078,0.883,0.228,0,FALSE,35,"can_tho,da_nang,hanoi,hcmc",FALSE,FALSE,FALSE,health_care > specialized_medical_facility > surgery > oral_and_maxillofacial_surgery,Healthcare,reviewed_id_match,oral_surgeon,1,31,cosmetic_dentist,FALSE
internal_medicine,Healthcare,1,taxonomy,Necessary,Necessary,"{""Necessary"": 0.282, ""Social"": 0.107, ""Optional"": 0.001}",0.282,0.107,0.001,0,FALSE,34,"can_tho,da_nang,hanoi,hcmc,pleiku",FALSE,FALSE,FALSE,health_care > outpatient_care_facility > specialized_health_care > internal_medicine,Healthcare,reviewed_same_name,internal_medicine,1,30,,FALSE
salad_bar,Food & Drink,1,taxonomy,Social,Social,"{""Necessary"": 0.069, ""Social"": 0.793, ""Optional"": 0.217}",0.069,0.793,0.217,1,TRUE,34,"can_tho,da_nang,hanoi,hcmc",FALSE,FALSE,FALSE,food_and_drink > restaurant > salad_bar,Food & Drink,reviewed_same_name,salad_bar,1,31,,FALSE
school_sport_team,Business & Professional Services,1,taxonomy,Necessary,Necessary,"{""Necessary"": 0.006, ""Social"": 0.298, ""Optional"": 0.653}",0.006,0.298,0.653,0,FALSE,34,"da_nang,hanoi,hcmc,pleiku",FALSE,FALSE,FALSE,sports_and_recreation > sport_team > school_sport_team,Recreation & Sport,reviewed_id_match,school_sports_team,1,30,,FALSE
hookah_bar,Food & Drink,1,taxonomy,Social,Social,"{""Necessary"": 0.018, ""Social"": 0.866, ""Optional"": 0.13}",0.018,0.866,0.13,1,TRUE,34,"hanoi,hcmc",FALSE,FALSE,FALSE,food_and_drink > alcoholic_beverage_venue > bar > hookah_bar,Food & Drink,reviewed_same_name,hookah_bar,1,34,cocktail_bar,FALSE
airport_terminal,Automotive & Transport,1,taxonomy,Necessary,Necessary,"{""Necessary"": 0.104, ""Social"": 0.274, ""Optional"": 0.064}",0.104,0.274,0.064,0,FALSE,34,"can_tho,da_nang,hanoi,hcmc",FALSE,FALSE,FALSE,travel_and_transportation > air_transport_facility_or_service > airport > airport_terminal,Automotive & Transport,reviewed_same_name,airport_terminal,1,34,,FALSE
general_dentistry,Healthcare,1,taxonomy,Necessary,Necessary,"{""Necessary"": 0.31, ""Social"": 0.272, ""Optional"": 0.004}",0.31,0.272,0.004,0,FALSE,32,"hanoi,hcmc",FALSE,FALSE,FALSE,health_care > outpatient_care_facility > dental_clinic > general_dentistry,Healthcare,reviewed_same_name,general_dentistry,1,30,dentist,FALSE
cabin,Accommodation & Travel,1,taxonomy,Social,Social,"{""Necessary"": 0.012, ""Social"": 0.12, ""Optional"": 0.071}",0.012,0.12,0.071,0,FALSE,32,"da_nang,hanoi,hcmc",FALSE,FALSE,FALSE,lodging > cabin,Accommodation & Travel,reviewed_same_name,cabin,1,32,,FALSE
indo_chinese_restaurant,Food & Drink,1,taxonomy,Social,Social,"{""Necessary"": 0.019, ""Social"": 0.31, ""Optional"": 0.02}",0.019,0.31,0.02,1,TRUE,32,"da_nang,hanoi,hcmc",FALSE,FALSE,FALSE,food_and_drink > restaurant > asian_restaurant > east_asian_restaurant > chinese_restaurant > indo_chinese_restaurant,Food & Drink,reviewed_same_name,indo_chinese_restaurant,1,30,,FALSE
beach_resort,Accommodation & Travel,1,taxonomy,Social,Social,"{""Necessary"": 0.002, ""Social"": 0.83, ""Optional"": 0.065}",0.002,0.83,0.065,0,FALSE,32,"da_nang,hanoi,hcmc",FALSE,FALSE,FALSE,lodging > resort > beach_resort,Accommodation & Travel,reviewed_same_name,beach_resort,1,31,,FALSE
granite_supplier,Business & Professional Services,1,taxonomy,Necessary,Necessary,"{""Necessary"": 0.272, ""Social"": 0.895, ""Optional"": 0.612}",0.272,0.895,0.612,0,FALSE,31,"can_tho,da_nang,hanoi,hcmc",FALSE,FALSE,FALSE,services_and_business > b2b_service > supplier_or_distributor > granite_supplier,Business & Professional Services,reviewed_same_name,granite_supplier,1,31,,FALSE
endodontics,Healthcare,1,taxonomy,Necessary,Necessary,"{""Necessary"": 0.046, ""Social"": 0.662, ""Optional"": 0.051}",0.046,0.662,0.051,0,FALSE,31,"can_tho,da_nang,hanoi,hcmc,pleiku",FALSE,FALSE,FALSE,health_care > outpatient_care_facility > dental_clinic > endodontics,Healthcare,reviewed_id_match,endodontist,1,30,,FALSE
performing_arts_venue,Culture & Arts,0.715,bart,Necessary,Social|Necessary,"{""Necessary"": 0.015, ""Social"": 0.011, ""Optional"": 0.001}",0.015,0.011,0.001,1,TRUE,31,"da_nang,hanoi,hcmc",FALSE,FALSE,FALSE,arts_and_entertainment > performing_arts_venue,Culture & Arts,reviewed_id_match,theaters_and_performance_venues,1,29,,FALSE
pop_up_store,Retail & Shopping,0.236,bart,Necessary,Necessary,"{""Necessary"": 0.08, ""Social"": 0.936, ""Optional"": 0.289}",0.736,0.936,0.289,0,FALSE,30,"da_nang,hanoi,hcmc",FALSE,FALSE,FALSE,shopping > specialty_store > pop_up_store,Retail & Shopping,reviewed_id_match,pop_up_shop,1,26,,FALSE
golf_instructor,Business & Professional Services,1,taxonomy,Necessary,Necessary,"{""Necessary"": 0.031, ""Social"": 0.536, ""Optional"": 0.048}",0.031,0.536,0.048,0,FALSE,30,"da_nang,hanoi,hcmc",FALSE,FALSE,FALSE,sports_and_recreation > sport_or_fitness_facility > golf_instructor,Recreation & Sport,reviewed_same_name,golf_instructor,1,28,,FALSE
orthopedics,Healthcare,1,taxonomy,Necessary,Necessary,"{""Necessary"": 0.099, ""Social"": 0.712, ""Optional"": 0.145}",0.099,0.712,0.145,0,FALSE,30,"can_tho,da_nang,hanoi,hcmc",FALSE,FALSE,FALSE,health_care > outpatient_care_facility > specialized_health_care > musculoskeletal_medicine > orthopedics,Healthcare,reviewed_id_match,orthopedist,1,30,hospital,FALSE
fence_and_gate_sales_service,Home & Garden Services,1,taxonomy,Necessary,Necessary,"{""Necessary"": 0.61, ""Social"": 0.127, ""Optional"": 0.038}",0.61,0.127,0.038,0,FALSE,30,"can_tho,da_nang,hanoi,hcmc",FALSE,FALSE,FALSE,services_and_business > home_service > fence_and_gate_sales_service,Home & Garden Services,reviewed_same_name,fence_and_gate_sales_service,0.966,29,masonry_concrete,FALSE
mobile_phone_repair,Business & Professional Services,1,taxonomy,Necessary,Necessary,"{""Necessary"": 0.19, ""Social"": 0.693, ""Optional"": 0.008}",0.19,0.693,0.008,0,FALSE,30,"da_nang,hanoi,hcmc,pleiku",FALSE,FALSE,FALSE,services_and_business > technical_service > it_service_and_computer_repair > mobile_phone_repair,Business & Professional Services,reviewed_same_name,mobile_phone_repair,1,30,it_service_and_computer_repair,FALSE
fireworks_store,Retail & Shopping,0.126,bart,Necessary,Necessary,"{""Necessary"": 0.119, ""Social"": 0.558, ""Optional"": 0.267}",0.736,0.558,0.267,0,FALSE,30,"can_tho,da_nang,hanoi,hcmc,pleiku",FALSE,FALSE,FALSE,shopping > specialty_store > fireworks_store,Retail & Shopping,reviewed_id_match,firework_retailer,1,30,,FALSE
nature_reserve,Recreation & Sport,1,taxonomy,Social,Social|Optional,"{""Necessary"": 0.012, ""Social"": 0.898, ""Optional"": 0.827}",0.012,0.898,0.827,1,TRUE,29,"can_tho,da_nang,hanoi,hcmc,pleiku",FALSE,FALSE,FALSE,geographic_entities > land_feature > nature_reserve,Recreation & Sport,reviewed_same_name,nature_reserve,0.962,26,resort,FALSE
donut_shop,Food & Drink,0.351,bart,Social,Social,"{""Necessary"": 0.064, ""Social"": 0.848, ""Optional"": 0.191}",0.064,0.848,0.191,0,FALSE,29,"can_tho,hanoi,hcmc",FALSE,FALSE,FALSE,food_and_drink > casual_eatery > dessert_shop > donut_shop,Food & Drink,reviewed_id_match,donuts,1,24,bakery,FALSE
garbage_collection_service,Utilities & Infrastructure,1,taxonomy,Necessary,Necessary,"{""Necessary"": 0.484, ""Social"": 0.017, ""Optional"": 0.001}",0.484,0.017,0.001,0,FALSE,28,"can_tho,da_nang,hanoi,hcmc",FALSE,FALSE,FALSE,community_and_government > public_utility > garbage_collection_service,Utilities & Infrastructure,reviewed_same_name,garbage_collection_service,1,28,,FALSE
abuse_and_addiction_treatment_center,Healthcare,1,taxonomy,Necessary,Necessary,"{""Necessary"": 0.029, ""Social"": 0.0, ""Optional"": 0.0}",0.029,0,0,0,FALSE,28,"can_tho,hanoi,hcmc",FALSE,FALSE,FALSE,health_care > specialized_medical_facility > abuse_and_addiction_treatment_center,Healthcare,reviewed_id_match,abuse_and_addiction_treatment,1,26,,FALSE
public_relations,Business & Professional Services,1,taxonomy,Necessary,Necessary,"{""Necessary"": 0.136, ""Social"": 0.928, ""Optional"": 0.567}",0.136,0.928,0.567,0,FALSE,28,"da_nang,hanoi,hcmc",FALSE,FALSE,FALSE,services_and_business > professional_service > public_relations,Business & Professional Services,reviewed_same_name,public_relations,1,28,,FALSE
truck_repair,Business & Professional Services,1,taxonomy,Necessary,Necessary,"{""Necessary"": 0.133, ""Social"": 0.666, ""Optional"": 0.12}",0.133,0.666,0.12,0,FALSE,28,"can_tho,hanoi,hcmc,pleiku",FALSE,FALSE,FALSE,travel_and_transportation > vehicle_service > automotive_service > truck_repair,Automotive & Transport,reviewed_same_name,truck_repair,1,25,,FALSE
auction_house,Retail & Shopping,1,taxonomy,Necessary,Necessary,"{""Necessary"": 0.047, ""Social"": 0.548, ""Optional"": 0.162}",0.736,0.548,0.162,0,FALSE,28,"da_nang,hanoi,hcmc,pleiku",FALSE,FALSE,FALSE,shopping > specialty_store > auction_house,Retail & Shopping,reviewed_same_name,auction_house,0.962,26,shopping,FALSE
doner_kebab_restaurant,Food & Drink,0.341,bart,Social,Social|Optional,"{""Necessary"": 0.136, ""Social"": 0.875, ""Optional"": 0.559}",0.136,0.875,0.559,1,TRUE,28,"da_nang,hanoi,hcmc",FALSE,FALSE,FALSE,food_and_drink > restaurant > middle_eastern_restaurant > turkish_restaurant > doner_kebab_restaurant,Food & Drink,reviewed_id_match,doner_kebab,0.96,25,fast_food_restaurant,FALSE
halal_restaurant,Food & Drink,1,taxonomy,Social,Social,"{""Necessary"": 0.022, ""Social"": 0.369, ""Optional"": 0.013}",0.022,0.369,0.013,1,TRUE,28,"da_nang,hanoi,hcmc",FALSE,FALSE,FALSE,food_and_drink > restaurant > special_diet_restaurant > halal_restaurant,Food & Drink,reviewed_same_name,halal_restaurant,1,24,,FALSE
auto_body_shop,Business & Professional Services,1,taxonomy,Necessary,Necessary,"{""Necessary"": 0.081, ""Social"": 0.471, ""Optional"": 0.115}",0.081,0.471,0.115,0,FALSE,27,"can_tho,da_nang,hanoi,hcmc",FALSE,FALSE,FALSE,travel_and_transportation > vehicle_service > automotive_service > auto_body_shop,Automotive & Transport,reviewed_same_name,auto_body_shop,1,26,,FALSE
osteopathic_medicine,Healthcare,1,taxonomy,Necessary,Necessary,"{""Necessary"": 0.263, ""Social"": 0.904, ""Optional"": 0.517}",0.263,0.904,0.517,0,FALSE,27,"da_nang,hanoi,hcmc",FALSE,FALSE,FALSE,health_care > outpatient_care_facility > specialized_health_care > osteopathic_medicine,Healthcare,reviewed_id_match,osteopath,1,27,,FALSE
pancake_house,Food & Drink,1,taxonomy,Social,Social,"{""Necessary"": 0.035, ""Social"": 0.835, ""Optional"": 0.21}",0.035,0.835,0.21,0,FALSE,27,"da_nang,hanoi,hcmc",FALSE,FALSE,FALSE,food_and_drink > restaurant > breakfast_and_brunch_restaurant > pancake_house,Food & Drink,reviewed_same_name,pancake_house,1,24,,FALSE
ambulance_or_ems_service,Healthcare,1,taxonomy,Necessary,Necessary,"{""Necessary"": 0.43, ""Social"": 0.162, ""Optional"": 0.001}",0.43,0.162,0.001,0,FALSE,27,"da_nang,hanoi,hcmc",FALSE,FALSE,FALSE,health_care > emergency_or_urgent_care_facility > ambulance_or_ems_service,Healthcare,reviewed_id_match,ambulance_and_ems_services,1,21,,FALSE
tiling,Home & Garden Services,1,taxonomy,Necessary,Necessary,"{""Necessary"": 0.176, ""Social"": 0.72, ""Optional"": 0.475}",0.176,0.72,0.475,0,FALSE,27,"can_tho,da_nang,hanoi,hcmc",FALSE,FALSE,FALSE,services_and_business > home_service > tiling,Home & Garden Services,reviewed_same_name,tiling,1,26,,FALSE
pet_boarding,Pet Services,1,taxonomy,Necessary,Necessary,"{""Necessary"": 0.141, ""Social"": 0.78, ""Optional"": 0.479}",0.141,0.78,0.479,0,FALSE,27,"can_tho,da_nang,hanoi,hcmc",FALSE,FALSE,FALSE,lifestyle_services > animal_or_pet_service > pet_care_service > pet_boarding,Pet Services,reviewed_same_name,pet_boarding,1,27,pet_services,FALSE
botanical_garden,Recreation & Sport,1,taxonomy,Social,Social|Optional,"{""Necessary"": 0.017, ""Social"": 0.74, ""Optional"": 0.368}",0.017,0.74,0.368,1,TRUE,26,"can_tho,da_nang,hanoi,hcmc",FALSE,FALSE,FALSE,geographic_entities > built_feature > garden > botanical_garden,Civic & Government,reviewed_same_name,botanical_garden,1,24,,FALSE
avionics_shop,Business & Professional Services,1,taxonomy,Necessary,Necessary,"{""Necessary"": 0.151, ""Social"": 0.789, ""Optional"": 0.213}",0.151,0.789,0.213,0,FALSE,26,"can_tho,da_nang,hanoi,hcmc",FALSE,FALSE,FALSE,travel_and_transportation > air_transport_facility_or_service > aircraft_parts_and_supplies > avionics_shop,Automotive & Transport,reviewed_same_name,avionics_shop,1,25,,FALSE
department_of_motor_vehicles,Civic & Government,1,taxonomy,Necessary,Necessary,"{""Necessary"": 0.263, ""Social"": 0.649, ""Optional"": 0.545}",0.263,0.649,0.545,0,FALSE,26,"da_nang,hanoi,hcmc",FALSE,FALSE,FALSE,community_and_government > government_office > government_department > department_of_motor_vehicles,Civic & Government,reviewed_same_name,department_of_motor_vehicles,0.96,25,traffic_school,FALSE
hiking_trail,Recreation & Sport,1,taxonomy,Social,Social|Optional,"{""Necessary"": 0.15, ""Social"": 0.751, ""Optional"": 0.611}",0.15,0.751,0.611,1,TRUE,26,"da_nang,hanoi,hcmc",FALSE,FALSE,FALSE,sports_and_recreation > recreational_trail_or_path > hiking_trail,Recreation & Sport,reviewed_same_name,hiking_trail,1,25,,FALSE
rv_park,Accommodation & Travel,1,taxonomy,Social,Social|Optional,"{""Necessary"": 0.068, ""Social"": 0.845, ""Optional"": 0.719}",0.068,0.845,0.719,0,FALSE,26,"can_tho,da_nang,hanoi,hcmc",FALSE,FALSE,FALSE,lodging > rv_park,Accommodation & Travel,reviewed_same_name,rv_park,1,25,,FALSE
pentecostal_place_of_worship,Community & Religion,0.821,bart,Social,Social,"{""Necessary"": 0.014, ""Social"": 0.831, ""Optional"": 0.136}",0.014,0.831,0.136,1,TRUE,26,"can_tho,da_nang,hanoi,hcmc,pleiku",FALSE,FALSE,FALSE,cultural_and_historic > place_of_worship > christian_place_of_worship > protestant_place_of_worship > pentecostal_place_of_worship,Community & Religion,reviewed_id_match,pentecostal_church,1,23,,FALSE
divorce_and_family_law,Business & Professional Services,1,taxonomy,Necessary,Necessary,"{""Necessary"": 0.004, ""Social"": 0.355, ""Optional"": 0.01}",0.004,0.355,0.01,0,FALSE,25,"can_tho,da_nang,hanoi,hcmc",FALSE,FALSE,FALSE,services_and_business > legal_service > attorney_or_law_firm > divorce_and_family_law,Business & Professional Services,reviewed_same_name,divorce_and_family_law,1,24,employment_law,FALSE
reflexology,Healthcare,1,taxonomy,Necessary,Necessary,"{""Necessary"": 0.331, ""Social"": 0.906, ""Optional"": 0.328}",0.331,0.906,0.328,0,FALSE,25,"da_nang,hanoi,hcmc",FALSE,FALSE,FALSE,health_care > outpatient_care_facility > complementary_and_alternative_medicine > reflexology,Healthcare,reviewed_same_name,reflexology,1,24,,FALSE
rock_climbing_spot,Recreation & Sport,1,taxonomy,Optional,Optional,"{""Necessary"": 0.018, ""Social"": 0.172, ""Optional"": 0.215}",0.018,0.172,0.215,0,FALSE,25,"da_nang,hanoi,hcmc",FALSE,FALSE,FALSE,sports_and_recreation > sport_or_fitness_facility > adventure_sport > rock_climbing_spot,Recreation & Sport,reviewed_same_name,rock_climbing_spot,1,24,,FALSE
bus_tour,Accommodation & Travel,1,taxonomy,Social,Social|Optional,"{""Necessary"": 0.286, ""Social"": 0.796, ""Optional"": 0.785}",0.286,0.796,0.785,0,FALSE,25,"can_tho,da_nang,hanoi,hcmc",FALSE,FALSE,FALSE,travel_and_transportation > travel_service > tour_operator > bus_tour,Accommodation & Travel,reviewed_id_match,bus_tours,0.955,22,tours,FALSE
auto_restoration_service,Business & Professional Services,1,taxonomy,Necessary,Necessary,"{""Necessary"": 0.222, ""Social"": 0.888, ""Optional"": 0.315}",0.222,0.888,0.315,0,FALSE,24,"can_tho,da_nang,hanoi,hcmc",FALSE,FALSE,FALSE,travel_and_transportation > vehicle_service > automotive_service > auto_restoration_service,Automotive & Transport,reviewed_id_match,auto_restoration_services,1,18,automotive_repair,FALSE
real_estate_law,Business & Professional Services,1,taxonomy,Necessary,Necessary,"{""Necessary"": 0.086, ""Social"": 0.856, ""Optional"": 0.286}",0.086,0.856,0.286,0,FALSE,24,"da_nang,hanoi,hcmc",FALSE,FALSE,FALSE,services_and_business > legal_service > attorney_or_law_firm > real_estate_law,Business & Professional Services,reviewed_same_name,real_estate_law,1,23,,FALSE
bagel_shop,Food & Drink,1,taxonomy,Social,Social,"{""Necessary"": 0.113, ""Social"": 0.839, ""Optional"": 0.05}",0.113,0.839,0.05,0,FALSE,24,"can_tho,da_nang,hanoi,hcmc,pleiku",FALSE,FALSE,FALSE,food_and_drink > casual_eatery > bagel_shop,Food & Drink,reviewed_same_name,bagel_shop,1,23,,FALSE
livestock_breeder,Business & Professional Services,1,taxonomy,Necessary,Necessary,"{""Necessary"": 0.028, ""Social"": 0.693, ""Optional"": 0.047}",0.028,0.693,0.047,0,FALSE,24,"can_tho,da_nang,hanoi,hcmc",FALSE,FALSE,FALSE,services_and_business > b2b_service > b2b_agriculture_service > livestock_breeder,Business & Professional Services,reviewed_same_name,livestock_breeder,1,24,,FALSE
garage_door_service,Home & Garden Services,1,taxonomy,Necessary,Necessary,"{""Necessary"": 0.147, ""Social"": 0.378, ""Optional"": 0.209}",0.147,0.378,0.209,0,FALSE,23,"can_tho,da_nang,hanoi,hcmc,pleiku",FALSE,FALSE,FALSE,services_and_business > home_service > garage_door_service,Home & Garden Services,reviewed_same_name,garage_door_service,1,23,,FALSE
patio_covers,Home & Garden Services,1,taxonomy,Necessary,Necessary,"{""Necessary"": 0.202, ""Social"": 0.982, ""Optional"": 0.803}",0.202,0.982,0.803,0,FALSE,23,"can_tho,da_nang,hanoi,hcmc",FALSE,FALSE,FALSE,services_and_business > home_service > patio_covers,Home & Garden Services,reviewed_same_name,patio_covers,1,22,,FALSE
malaysian_restaurant,Food & Drink,1,taxonomy,Social,Social,"{""Necessary"": 0.023, ""Social"": 0.49, ""Optional"": 0.049}",0.023,0.49,0.049,0,FALSE,23,"da_nang,hanoi,hcmc",FALSE,FALSE,FALSE,food_and_drink > restaurant > asian_restaurant > southeast_asian_restaurant > malaysian_restaurant,Food & Drink,reviewed_same_name,malaysian_restaurant,1,21,,FALSE
oncology,Healthcare,1,taxonomy,Necessary,Necessary,"{""Necessary"": 0.08, ""Social"": 0.797, ""Optional"": 0.194}",0.08,0.797,0.194,0,FALSE,23,"can_tho,hanoi,hcmc",FALSE,FALSE,FALSE,health_care > outpatient_care_facility > specialized_health_care > internal_medicine > oncology,Healthcare,reviewed_id_match,oncologist,1,19,hospital,FALSE
national_park,Recreation & Sport,1,taxonomy,Social,Social|Optional,"{""Necessary"": 0.031, ""Social"": 0.854, ""Optional"": 0.811}",0.031,0.854,0.811,1,TRUE,23,"can_tho,da_nang,hanoi,hcmc",FALSE,FALSE,FALSE,sports_and_recreation > park > national_park,Recreation & Sport,reviewed_same_name,national_park,1,22,,FALSE
food_bank,Community & Religion,1,taxonomy,Necessary,Necessary,"{""Necessary"": 0.014, ""Social"": 0.379, ""Optional"": 0.007}",0.014,0.379,0.007,0,FALSE,22,"can_tho,da_nang,hanoi,hcmc",FALSE,FALSE,FALSE,community_and_government > social_or_community_service > food_bank,Community & Religion,reviewed_id_match,food_banks,1,22,,FALSE
automobile_registration_service,Civic & Government,1,taxonomy,Necessary,Necessary,"{""Necessary"": 0.448, ""Social"": 0.666, ""Optional"": 0.018}",0.448,0.666,0.018,0,FALSE,22,"can_tho,da_nang,hanoi,hcmc",FALSE,FALSE,FALSE,travel_and_transportation > vehicle_service > automotive_service > automobile_registration_service,Automotive & Transport,reviewed_same_name,automobile_registration_service,1,21,,FALSE
dairy_farm,Agriculture & Industry,1,taxonomy,Necessary,Necessary,"{""Necessary"": 0.036, ""Social"": 0.715, ""Optional"": 0.037}",0.036,0.715,0.037,0,FALSE,22,"can_tho,da_nang,hanoi,hcmc",FALSE,FALSE,FALSE,services_and_business > agricultural_service > farm > dairy_farm,Agriculture & Industry,reviewed_same_name,dairy_farm,0.952,21,shopping,FALSE
social_media_company,Business & Professional Services,1,taxonomy,Necessary,Necessary,"{""Necessary"": 0.071, ""Social"": 0.977, ""Optional"": 0.671}",0.071,0.977,0.671,0,FALSE,22,"da_nang,hanoi,hcmc",FALSE,FALSE,FALSE,services_and_business > media_service > media_news_company > social_media_company,Business & Professional Services,reviewed_same_name,social_media_company,1,19,construction_services,FALSE
castle,Culture & Arts,1,taxonomy,Social,Social,"{""Necessary"": 0.294, ""Social"": 0.741, ""Optional"": 0.483}",0.294,0.741,0.483,1,TRUE,21,"da_nang,hanoi,hcmc,pleiku",FALSE,FALSE,FALSE,cultural_and_historic > historic_site > castle,Culture & Arts,reviewed_same_name,castle,1,18,,FALSE
southern_american_restaurant,Food & Drink,0.592,bart,Social,Social,"{""Necessary"": 0.031, ""Social"": 0.529, ""Optional"": 0.028}",0.031,0.529,0.028,1,TRUE,21,"can_tho,hanoi,hcmc",FALSE,FALSE,FALSE,food_and_drink > restaurant > north_american_restaurant > american_restaurant > southern_american_restaurant,Food & Drink,reviewed_id_match,southern_restaurant,1,19,,FALSE
well_drilling,Home & Garden Services,1,taxonomy,Necessary,Necessary,"{""Necessary"": 0.125, ""Social"": 0.812, ""Optional"": 0.263}",0.125,0.812,0.263,0,FALSE,21,"da_nang,hanoi,hcmc,pleiku",FALSE,FALSE,FALSE,services_and_business > home_service > well_drilling,Home & Garden Services,reviewed_same_name,well_drilling,1,21,,FALSE
jail_or_prison,Civic & Government,1,taxonomy,Necessary,Necessary,"{""Necessary"": 0.0, ""Social"": 0.001, ""Optional"": 0.0}",0,0.001,0,0,FALSE,21,"can_tho,da_nang,hanoi,hcmc,pleiku",FALSE,FALSE,FALSE,community_and_government > public_safety_service > jail_or_prison,Civic & Government,reviewed_id_match,jail_and_prison,1,19,,FALSE
middle_eastern_restaurant,Food & Drink,1,taxonomy,Social,Social,"{""Necessary"": 0.009, ""Social"": 0.244, ""Optional"": 0.017}",0.009,0.244,0.017,1,TRUE,21,"can_tho,da_nang,hanoi,hcmc,pleiku",FALSE,FALSE,FALSE,food_and_drink > restaurant > middle_eastern_restaurant,Food & Drink,reviewed_same_name,middle_eastern_restaurant,1,19,,FALSE
logging_service,Business & Professional Services,1,taxonomy,Necessary,Necessary,"{""Necessary"": 0.204, ""Social"": 0.64, ""Optional"": 0.185}",0.204,0.64,0.185,0,FALSE,20,"da_nang,hanoi,hcmc",FALSE,FALSE,FALSE,services_and_business > b2b_service > b2b_environmental_service > logging_service,Business & Professional Services,reviewed_id_match,logging_services,1,20,,FALSE
nursing,Healthcare,1,taxonomy,Necessary,Necessary,"{""Necessary"": 0.086, ""Social"": 0.515, ""Optional"": 0.001}",0.086,0.515,0.001,0,FALSE,20,"da_nang,hanoi,hcmc",FALSE,FALSE,FALSE,health_care > outpatient_care_facility > specialized_health_care > nursing,Healthcare,reviewed_id_match,skilled_nursing,1,19,,FALSE
astrological_advising,Business & Professional Services,0.237,bart,Optional,Optional,"{""Necessary"": 0.115, ""Social"": 0.856, ""Optional"": 0.367}",0.115,0.856,0.367,0,FALSE,20,"da_nang,hanoi,hcmc",FALSE,FALSE,FALSE,arts_and_entertainment > spiritual_advising > astrological_advising,Community & Religion,reviewed_id_match,astrologer,1,17,,FALSE
bank_equipment_service,Business & Professional Services,1,taxonomy,Necessary,Necessary,"{""Necessary"": 0.065, ""Social"": 0.573, ""Optional"": 0.045}",0.065,0.573,0.045,0,FALSE,20,"da_nang,hanoi,hcmc",FALSE,FALSE,FALSE,services_and_business > professional_service > bank_equipment_service,Business & Professional Services,reviewed_same_name,bank_equipment_service,1,18,,FALSE
esports_league,Recreation & Sport,1,taxonomy,Optional,Optional|Social,"{""Necessary"": 0.039, ""Social"": 0.541, ""Optional"": 0.653}",0.039,0.541,0.653,0,FALSE,20,"da_nang,hanoi,hcmc,pleiku",FALSE,FALSE,FALSE,sports_and_recreation > sport_league > esports_league,Recreation & Sport,reviewed_same_name,esports_league,1,19,,FALSE
baseball_field,Recreation & Sport,1,taxonomy,Social,Social|Optional,"{""Necessary"": 0.043, ""Social"": 0.592, ""Optional"": 0.584}",0.043,0.592,0.584,1,TRUE,20,"can_tho,da_nang,hanoi,hcmc",FALSE,FALSE,FALSE,sports_and_recreation > sport_or_fitness_facility > sport_field > baseball_field,Recreation & Sport,reviewed_same_name,baseball_field,1,20,,FALSE
recycling_center,Utilities & Infrastructure,1,taxonomy,Necessary,Necessary,"{""Necessary"": 0.812, ""Social"": 0.204, ""Optional"": 0.002}",0.812,0.204,0.002,0,FALSE,20,"can_tho,da_nang,hanoi,hcmc",FALSE,FALSE,FALSE,services_and_business > home_service > recycling_center,Home & Garden Services,reviewed_same_name,recycling_center,0.944,18,mobile_phone_store,FALSE
tapas_bar,Food & Drink,1,taxonomy,Social,Social,"{""Necessary"": 0.019, ""Social"": 0.857, ""Optional"": 0.076}",0.019,0.857,0.076,1,TRUE,20,"da_nang,hanoi,hcmc",FALSE,FALSE,FALSE,food_and_drink > casual_eatery > tapas_bar,Food & Drink,reviewed_same_name,tapas_bar,1,17,,FALSE
radio_station,Utilities & Infrastructure,1,taxonomy,Necessary,Necessary,"{""Necessary"": 0.228, ""Social"": 0.871, ""Optional"": 0.558}",0.228,0.871,0.558,0,FALSE,20,"hanoi,hcmc,pleiku",FALSE,FALSE,FALSE,services_and_business > media_service > media_news_company > radio_station,Business & Professional Services,reviewed_same_name,radio_station,1,19,,FALSE
structural_engineer,Business & Professional Services,1,taxonomy,Necessary,Necessary,"{""Necessary"": 0.155, ""Social"": 0.864, ""Optional"": 0.339}",0.155,0.864,0.339,0,FALSE,19,"da_nang,hanoi,hcmc",FALSE,FALSE,FALSE,services_and_business > home_service > structural_engineer,Home & Garden Services,reviewed_same_name,structural_engineer,1,16,,FALSE
palace,Culture & Arts,1,taxonomy,Optional,Optional,"{""Necessary"": 0.027, ""Social"": 0.026, ""Optional"": 0.143}",0.027,0.026,0.143,1,TRUE,19,"da_nang,hanoi,hcmc",FALSE,FALSE,FALSE,cultural_and_historic > historic_site > palace,Culture & Arts,reviewed_same_name,palace,1,17,,FALSE
teeth_whitening,Beauty & Personal Care,1,taxonomy,Optional,Social|Optional,"{""Necessary"": 0.079, ""Social"": 0.844, ""Optional"": 0.092}",0.848,0.844,0.092,0,FALSE,19,"can_tho,da_nang,hanoi,hcmc",FALSE,FALSE,FALSE,lifestyle_services > personal_or_beauty_service > teeth_whitening,Beauty & Personal Care,reviewed_same_name,teeth_whitening,1,16,,FALSE
singaporean_restaurant,Food & Drink,1,taxonomy,Social,Social,"{""Necessary"": 0.027, ""Social"": 0.412, ""Optional"": 0.041}",0.027,0.412,0.041,1,TRUE,19,"can_tho,hanoi,hcmc",FALSE,FALSE,FALSE,food_and_drink > restaurant > asian_restaurant > southeast_asian_restaurant > singaporean_restaurant,Food & Drink,reviewed_same_name,singaporean_restaurant,1,18,,FALSE
zoo,Recreation & Sport,1,taxonomy,Social,Social,"{""Necessary"": 0.031, ""Social"": 0.638, ""Optional"": 0.263}",0.031,0.638,0.263,1,TRUE,19,"da_nang,hanoi,hcmc",FALSE,FALSE,FALSE,arts_and_entertainment > animal_attraction > zoo,Recreation & Sport,reviewed_same_name,zoo,1,14,,FALSE
golf_cart_dealer,Business & Professional Services,1,taxonomy,Necessary,Necessary,"{""Necessary"": 0.073, ""Social"": 0.676, ""Optional"": 0.529}",0.073,0.676,0.529,0,FALSE,19,"can_tho,hanoi,hcmc",FALSE,FALSE,FALSE,shopping > vehicle_dealer > golf_cart_dealer,Automotive & Transport,reviewed_same_name,golf_cart_dealer,1,15,,FALSE
jazz_and_blues_venue,Culture & Arts,0.151,bart,Social,Social,"{""Necessary"": 0.117, ""Social"": 0.912, ""Optional"": 0.387}",0.117,0.912,0.387,1,TRUE,19,"da_nang,hanoi,hcmc",FALSE,FALSE,FALSE,arts_and_entertainment > performing_arts_venue > music_venue > jazz_and_blues_venue,Culture & Arts,reviewed_id_match,jazz_and_blues,0.941,17,religious_organization,FALSE
designer_clothing,Retail & Shopping,1,taxonomy,Necessary,Necessary,"{""Necessary"": 0.279, ""Social"": 0.917, ""Optional"": 0.564}",0.736,0.917,0.564,0,FALSE,19,"can_tho,da_nang,hanoi,hcmc",FALSE,FALSE,FALSE,shopping > fashion_and_apparel_store > clothing_store > designer_clothing,Retail & Shopping,reviewed_same_name,designer_clothing,1,19,,FALSE
bowling_alley,Recreation & Sport,1,taxonomy,Social,Social|Optional,"{""Necessary"": 0.042, ""Social"": 0.869, ""Optional"": 0.567}",0.042,0.869,0.567,0,FALSE,19,"da_nang,hanoi,hcmc",FALSE,FALSE,FALSE,sports_and_recreation > sport_or_fitness_facility > bowling_alley,Recreation & Sport,reviewed_same_name,bowling_alley,1,18,,FALSE
drive_in_theater,Culture & Arts,1,taxonomy,Social,Social,"{""Necessary"": 0.026, ""Social"": 0.117, ""Optional"": 0.102}",0.026,0.117,0.102,1,TRUE,19,"da_nang,hanoi,hcmc",FALSE,FALSE,FALSE,arts_and_entertainment > movie_theater > drive_in_theater,Culture & Arts,reviewed_same_name,drive_in_theater,1,18,,FALSE
hindu_place_of_worship,Community & Religion,0.835,bart,Social,Social,"{""Necessary"": 0.019, ""Social"": 0.624, ""Optional"": 0.213}",0.019,0.624,0.213,1,TRUE,19,"hanoi,hcmc",FALSE,FALSE,FALSE,cultural_and_historic > place_of_worship > hindu_place_of_worship,Community & Religion,reviewed_id_match,hindu_temple,1,18,,FALSE
junkyard,Retail & Shopping,1,taxonomy,Necessary,Necessary,"{""Necessary"": 0.003, ""Social"": 0.465, ""Optional"": 0.028}",0.736,0.465,0.028,0,FALSE,19,"da_nang,hanoi,hcmc",FALSE,FALSE,FALSE,shopping > second_hand_store > junkyard,Retail & Shopping,reviewed_same_name,junkyard,1,18,,FALSE
escape_room,Recreation & Sport,1,taxonomy,Social,Social|Optional,"{""Necessary"": 0.005, ""Social"": 0.713, ""Optional"": 0.6}",0.005,0.713,0.6,1,TRUE,19,"da_nang,hanoi,hcmc",FALSE,FALSE,FALSE,arts_and_entertainment > gaming_venue > escape_room,Recreation & Sport,reviewed_id_match,escape_rooms,1,18,,FALSE
surgery,Healthcare,1,taxonomy,Necessary,Necessary,"{""Necessary"": 0.51, ""Social"": 0.346, ""Optional"": 0.018}",0.51,0.346,0.018,0,FALSE,18,"can_tho,hanoi,hcmc",FALSE,FALSE,FALSE,health_care > specialized_medical_facility > surgery,Healthcare,reviewed_id_match,surgeon,1,15,,FALSE
hot_dog_restaurant,Food & Drink,1,taxonomy,Social,Social,"{""Necessary"": 0.008, ""Social"": 0.32, ""Optional"": 0.015}",0.008,0.32,0.015,0,FALSE,18,"can_tho,da_nang,hanoi,hcmc",FALSE,FALSE,FALSE,food_and_drink > restaurant > meat_restaurant > hot_dog_restaurant,Food & Drink,reviewed_same_name,hot_dog_restaurant,1,18,,FALSE
self_storage_facility,Business & Professional Services,1,taxonomy,Necessary,Necessary,"{""Necessary"": 0.615, ""Social"": 0.031, ""Optional"": 0.008}",0.615,0.031,0.008,0,FALSE,18,"can_tho,da_nang,hanoi,hcmc",FALSE,FALSE,FALSE,services_and_business > storage_facility > self_storage_facility,Business & Professional Services,reviewed_same_name,self_storage_facility,0.941,17,luggage_store,FALSE
land_surveying,Business & Professional Services,1,taxonomy,Necessary,Necessary,"{""Necessary"": 0.178, ""Social"": 0.904, ""Optional"": 0.573}",0.178,0.904,0.573,0,FALSE,17,"da_nang,hanoi,hcmc",FALSE,FALSE,FALSE,services_and_business > real_estate_service > land_surveying,Business & Professional Services,reviewed_same_name,land_surveying,1,16,,FALSE
auditorium,Culture & Arts,1,taxonomy,Social,Social,"{""Necessary"": 0.074, ""Social"": 0.253, ""Optional"": 0.115}",0.074,0.253,0.115,1,TRUE,17,"can_tho,da_nang,hanoi,hcmc",FALSE,FALSE,FALSE,arts_and_entertainment > event_venue > auditorium,Culture & Arts,reviewed_same_name,auditorium,1,15,,FALSE
metal_plating_service,Business & Professional Services,1,taxonomy,Necessary,Necessary,"{""Necessary"": 0.092, ""Social"": 0.701, ""Optional"": 0.123}",0.092,0.701,0.123,0,FALSE,17,"hanoi,hcmc",FALSE,FALSE,FALSE,services_and_business > b2b_service > b2b_industrial_and_machine_service > metal_plating_service,Business & Professional Services,reviewed_same_name,metal_plating_service,1,16,,FALSE
alcohol_and_drug_treatment_center,Healthcare,1,taxonomy,Necessary,Necessary,"{""Necessary"": 0.5, ""Social"": 0.001, ""Optional"": 0.0}",0.5,0.001,0,0,FALSE,17,"da_nang,hanoi,hcmc",FALSE,FALSE,FALSE,health_care > specialized_medical_facility > abuse_and_addiction_treatment_center > alcohol_and_drug_treatment_center,Healthcare,reviewed_same_name,alcohol_and_drug_treatment_center,0.933,15,used_vintage_and_consignment,FALSE
comfort_food_restaurant,Food & Drink,1,taxonomy,Social,Social,"{""Necessary"": 0.006, ""Social"": 0.111, ""Optional"": 0.001}",0.006,0.111,0.001,1,TRUE,17,"da_nang,hanoi,hcmc",FALSE,FALSE,FALSE,food_and_drink > restaurant > comfort_food_restaurant,Food & Drink,reviewed_same_name,comfort_food_restaurant,1,17,,FALSE
atv_rental_tour,Business & Professional Services,0.23,bart,Necessary,Necessary,"{""Necessary"": 0.013, ""Social"": 0.185, ""Optional"": 0.308}",0.013,0.185,0.308,0,FALSE,17,"can_tho,da_nang,hanoi,hcmc",FALSE,FALSE,FALSE,sports_and_recreation > recreational_equipment_rental > atv_rental_tour,Recreation & Sport,reviewed_id_match,atv_rentals_and_tours,1,17,,FALSE
fish_and_chips_restaurant,Food & Drink,1,taxonomy,Social,Social,"{""Necessary"": 0.005, ""Social"": 0.159, ""Optional"": 0.009}",0.005,0.159,0.009,1,TRUE,17,"can_tho,da_nang,hanoi,hcmc",FALSE,FALSE,FALSE,food_and_drink > restaurant > seafood_restaurant > fish_and_chips_restaurant,Food & Drink,reviewed_same_name,fish_and_chips_restaurant,1,16,,FALSE
fitness_exercise_store,Retail & Shopping,0.526,bart,Necessary,Necessary,"{""Necessary"": 0.344, ""Social"": 0.014, ""Optional"": 0.011}",0.736,0.014,0.011,0,FALSE,17,"can_tho,hanoi,hcmc",FALSE,FALSE,FALSE,shopping > specialty_store > sporting_goods_store > fitness_exercise_store,Retail & Shopping,reviewed_id_match,fitness_exercise_equipment,1,17,,FALSE
wellness_service,Business & Professional Services,1,taxonomy,Necessary,Necessary,"{""Necessary"": 0.05, ""Social"": 0.713, ""Optional"": 0.038}",0.05,0.713,0.038,0,FALSE,17,"da_nang,hanoi,hcmc",FALSE,FALSE,FALSE,lifestyle_services > wellness_service,Beauty & Personal Care,reviewed_id_match,wellness_program,1,16,,FALSE
newspaper_and_magazines_store,Retail & Shopping,1,taxonomy,Necessary,Necessary,"{""Necessary"": 0.053, ""Social"": 0.07, ""Optional"": 0.009}",0.736,0.07,0.009,0,FALSE,17,"da_nang,hanoi,hcmc",FALSE,FALSE,FALSE,shopping > specialty_store > books_music_and_video_store > newspaper_and_magazines_store,Retail & Shopping,reviewed_same_name,newspaper_and_magazines_store,1,17,,FALSE
reptile_store,Retail & Shopping,1,taxonomy,Necessary,Necessary,"{""Necessary"": 0.027, ""Social"": 0.634, ""Optional"": 0.094}",0.736,0.634,0.094,0,FALSE,17,"can_tho,da_nang,hanoi,hcmc",FALSE,FALSE,FALSE,shopping > specialty_store > animal_and_pet_store > pet_store > reptile_store,Retail & Shopping,reviewed_id_match,reptile_shop,1,15,,FALSE
motorcycle_manufacturer,Business & Professional Services,1,taxonomy,Necessary,Necessary,"{""Necessary"": 0.457, ""Social"": 0.8, ""Optional"": 0.63}",0.457,0.8,0.63,0,FALSE,17,"da_nang,hanoi,hcmc",FALSE,FALSE,FALSE,services_and_business > b2b_service > manufacturer > vehicle_manufacturer > motorcycle_manufacturer,Business & Professional Services,reviewed_same_name,motorcycle_manufacturer,1,17,party_and_event_planning,FALSE
boot_camp,Recreation & Sport,1,taxonomy,Social,Social,"{""Necessary"": 0.004, ""Social"": 0.113, ""Optional"": 0.0}",0.004,0.113,0,0,FALSE,17,"can_tho,da_nang,hanoi,hcmc",FALSE,FALSE,FALSE,sports_and_recreation > sport_or_fitness_facility > fitness_studio > boot_camp,Recreation & Sport,reviewed_same_name,boot_camp,1,17,,FALSE
florist,Retail & Shopping,1,taxonomy,Necessary,Necessary,"{""Necessary"": 0.108, ""Social"": 0.843, ""Optional"": 0.217}",0.736,0.843,0.217,0,FALSE,16,"hanoi,hcmc",FALSE,FALSE,FALSE,shopping > specialty_store > flowers_and_gifts_store > florist,Retail & Shopping,reviewed_same_name,florist,1,15,,FALSE
railroad_freight,Business & Professional Services,1,taxonomy,Necessary,Necessary,"{""Necessary"": 0.645, ""Social"": 0.486, ""Optional"": 0.052}",0.645,0.486,0.052,0,FALSE,16,"da_nang,hanoi,hcmc",FALSE,FALSE,FALSE,services_and_business > b2b_service > b2b_transportation_and_storage_service > railroad_freight,Business & Professional Services,reviewed_same_name,railroad_freight,1,15,,FALSE
vegan_restaurant,Food & Drink,1,taxonomy,Social,Social,"{""Necessary"": 0.016, ""Social"": 0.364, ""Optional"": 0.021}",0.016,0.364,0.021,1,TRUE,16,"da_nang,hanoi,hcmc",FALSE,FALSE,FALSE,food_and_drink > restaurant > special_diet_restaurant > vegan_restaurant,Food & Drink,reviewed_same_name,vegan_restaurant,1,16,,FALSE
muslim_place_of_worship,Community & Religion,0.649,bart,Social,Social,"{""Necessary"": 0.026, ""Social"": 0.981, ""Optional"": 0.134}",0.026,0.981,0.134,1,TRUE,16,"hanoi,hcmc",FALSE,FALSE,FALSE,cultural_and_historic > place_of_worship > muslim_place_of_worship,Community & Religion,reviewed_id_match,mosque,1,14,,FALSE
dj_service,Business & Professional Services,1,taxonomy,Necessary,Necessary,"{""Necessary"": 0.404, ""Social"": 0.94, ""Optional"": 0.634}",0.404,0.94,0.634,0,FALSE,16,"da_nang,hanoi,hcmc",FALSE,FALSE,FALSE,services_and_business > event_or_party_service > dj_service,Business & Professional Services,reviewed_same_name,dj_service,1,15,,FALSE
tire_shop,Retail & Shopping,1,taxonomy,Necessary,Necessary,"{""Necessary"": 0.079, ""Social"": 0.361, ""Optional"": 0.006}",0.736,0.361,0.006,0,FALSE,16,"can_tho,hanoi,hcmc",FALSE,FALSE,FALSE,travel_and_transportation > vehicle_service > automotive_service > tire_shop,Automotive & Transport,reviewed_same_name,tire_shop,1,16,,FALSE
car_window_tinting,Business & Professional Services,1,taxonomy,Necessary,Necessary,"{""Necessary"": 0.349, ""Social"": 0.841, ""Optional"": 0.56}",0.349,0.841,0.56,0,FALSE,16,"can_tho,hanoi,hcmc",FALSE,FALSE,FALSE,travel_and_transportation > vehicle_service > automotive_service > auto_glass_service > car_window_tinting,Automotive & Transport,reviewed_same_name,car_window_tinting,1,15,,FALSE
boat_dealer,Business & Professional Services,1,taxonomy,Necessary,Necessary,"{""Necessary"": 0.151, ""Social"": 0.831, ""Optional"": 0.535}",0.151,0.831,0.535,0,FALSE,16,"can_tho,hanoi,hcmc",FALSE,FALSE,FALSE,shopping > vehicle_dealer > boat_dealer,Automotive & Transport,reviewed_same_name,boat_dealer,1,16,,FALSE
trophy_store,Retail & Shopping,0.175,bart,Necessary,Necessary,"{""Necessary"": 0.054, ""Social"": 0.574, ""Optional"": 0.051}",0.736,0.574,0.051,0,FALSE,16,"can_tho,da_nang,hanoi,hcmc",FALSE,FALSE,FALSE,shopping > specialty_store > trophy_store,Retail & Shopping,reviewed_id_match,trophy_shop,1,16,,FALSE
modern_art_museum,Culture & Arts,1,taxonomy,Optional,Optional,"{""Necessary"": 0.006, ""Social"": 0.058, ""Optional"": 0.681}",0.006,0.058,0.681,1,TRUE,15,"da_nang,hanoi,hcmc",FALSE,FALSE,FALSE,arts_and_entertainment > museum > art_museum > modern_art_museum,Culture & Arts,reviewed_same_name,modern_art_museum,1,12,,FALSE
panamanian_restaurant,Food & Drink,1,taxonomy,Social,Social,"{""Necessary"": 0.022, ""Social"": 0.433, ""Optional"": 0.024}",0.022,0.433,0.024,1,TRUE,15,"can_tho,da_nang,hanoi,hcmc",FALSE,FALSE,FALSE,food_and_drink > restaurant > latin_american_restaurant > central_american_restaurant > panamanian_restaurant,Food & Drink,reviewed_same_name,panamanian_restaurant,1,15,,FALSE
mortgage_broker,Business & Professional Services,1,taxonomy,Necessary,Necessary,"{""Necessary"": 0.06, ""Social"": 0.682, ""Optional"": 0.102}",0.06,0.682,0.102,0,FALSE,15,"can_tho,da_nang,hanoi,hcmc",FALSE,FALSE,FALSE,services_and_business > financial_service > mortgage_broker,Business & Professional Services,reviewed_same_name,mortgage_broker,1,14,,FALSE
jewish_place_of_worship,Community & Religion,0.753,bart,Social,Social,"{""Necessary"": 0.043, ""Social"": 0.808, ""Optional"": 0.017}",0.043,0.808,0.017,1,TRUE,15,"da_nang,hanoi,hcmc",FALSE,FALSE,FALSE,cultural_and_historic > place_of_worship > jewish_place_of_worship,Community & Religion,reviewed_id_match,synagogue,1,15,,FALSE
custom_clothing_store,Retail & Shopping,0.252,bart,Necessary,Necessary,"{""Necessary"": 0.286, ""Social"": 0.93, ""Optional"": 0.572}",0.736,0.93,0.572,0,FALSE,15,"da_nang,hanoi,hcmc",FALSE,FALSE,FALSE,shopping > fashion_and_apparel_store > clothing_store > custom_clothing_store,Retail & Shopping,reviewed_id_match,custom_clothing,1,14,,FALSE
b2b_telemarketing_service,Business & Professional Services,1,taxonomy,Necessary,Necessary,"{""Necessary"": 0.417, ""Social"": 0.076, ""Optional"": 0.003}",0.417,0.076,0.003,0,FALSE,15,"da_nang,hanoi,hcmc",FALSE,FALSE,FALSE,services_and_business > b2b_service > b2b_office_and_professional_service > b2b_advertising_and_marketing_service > b2b_telemarketing_service,Business & Professional Services,reviewed_id_match,telemarketing_services,1,13,,FALSE
metal_material_expert,Business & Professional Services,0.147,bart,Necessary,Necessary,"{""Necessary"": 0.527, ""Social"": 0.377, ""Optional"": 0.082}",0.527,0.377,0.082,0,FALSE,15,"can_tho,da_nang,hanoi,hcmc",FALSE,FALSE,FALSE,services_and_business > building_or_construction_service > metal_material_expert,Home & Garden Services,reviewed_id_match,metal_materials_and_experts,1,15,,FALSE
surgery_center,Healthcare,1,taxonomy,Necessary,Necessary,"{""Necessary"": 0.702, ""Social"": 0.052, ""Optional"": 0.001}",0.702,0.052,0.001,0,FALSE,15,"hanoi,hcmc",FALSE,FALSE,FALSE,health_care > specialized_medical_facility > surgery > surgery_center,Healthcare,reviewed_id_match,surgical_center,1,15,,FALSE
computer_museum,Culture & Arts,1,taxonomy,Optional,Optional,"{""Necessary"": 0.005, ""Social"": 0.09, ""Optional"": 0.579}",0.005,0.09,0.579,1,TRUE,15,"can_tho,da_nang,hanoi,hcmc",FALSE,FALSE,FALSE,arts_and_entertainment > museum > science_museum > computer_museum,Culture & Arts,reviewed_same_name,computer_museum,1,14,,FALSE
excavation_service,Business & Professional Services,1,taxonomy,Necessary,Necessary,"{""Necessary"": 0.695, ""Social"": 0.265, ""Optional"": 0.009}",0.695,0.265,0.009,0,FALSE,14,"da_nang,hanoi,hcmc",FALSE,FALSE,FALSE,services_and_business > home_service > excavation_service,Home & Garden Services,reviewed_same_name,excavation_service,1,14,,FALSE
personal_chef,Business & Professional Services,1,taxonomy,Necessary,Necessary,"{""Necessary"": 0.103, ""Social"": 0.898, ""Optional"": 0.322}",0.103,0.898,0.322,0,FALSE,14,"can_tho,hanoi,hcmc",FALSE,FALSE,FALSE,services_and_business > event_or_party_service > personal_chef,Business & Professional Services,reviewed_same_name,personal_chef,1,13,,FALSE
wholesaler,Business & Professional Services,1,taxonomy,Necessary,Necessary,"{""Necessary"": 0.317, ""Social"": 0.092, ""Optional"": 0.009}",0.317,0.092,0.009,0,FALSE,14,"hanoi,hcmc",FALSE,FALSE,FALSE,services_and_business > b2b_service > wholesaler,Business & Professional Services,reviewed_same_name,wholesaler,1,14,,FALSE
skate_store,Retail & Shopping,0.349,bart,Necessary,Necessary,"{""Necessary"": 0.129, ""Social"": 0.87, ""Optional"": 0.547}",0.736,0.87,0.547,0,FALSE,14,"da_nang,hanoi,hcmc",FALSE,FALSE,FALSE,shopping > specialty_store > sporting_goods_store > skate_store,Retail & Shopping,reviewed_id_match,skate_shop,1,13,,FALSE
pet_adoption,Pet Services,1,taxonomy,Necessary,Necessary,"{""Necessary"": 0.018, ""Social"": 0.879, ""Optional"": 0.119}",0.018,0.879,0.119,0,FALSE,14,"can_tho,hanoi,hcmc",FALSE,FALSE,FALSE,lifestyle_services > animal_or_pet_service > animal_adoption_or_rescue > pet_adoption,Pet Services,reviewed_same_name,pet_adoption,1,14,pet_store,FALSE
video_film_production,Business & Professional Services,1,taxonomy,Necessary,Necessary,"{""Necessary"": 0.1, ""Social"": 0.818, ""Optional"": 0.293}",0.1,0.818,0.293,0,FALSE,14,"hanoi,hcmc",FALSE,FALSE,FALSE,services_and_business > media_service > video_film_production,Business & Professional Services,reviewed_same_name,video_film_production,1,14,,FALSE
art_restoration_service,Business & Professional Services,1,taxonomy,Necessary,Necessary,"{""Necessary"": 0.527, ""Social"": 0.387, ""Optional"": 0.028}",0.527,0.387,0.028,0,FALSE,14,"da_nang,hanoi,hcmc,pleiku",FALSE,FALSE,FALSE,services_and_business > media_service > art_restoration_service,Business & Professional Services,reviewed_same_name,art_restoration_service,1,12,,FALSE
dog_park,Pet Services,1,taxonomy,Necessary,Social|Necessary,"{""Necessary"": 0.017, ""Social"": 0.939, ""Optional"": 0.763}",0.017,0.939,0.763,1,TRUE,14,"hanoi,hcmc",FALSE,FALSE,FALSE,sports_and_recreation > park > dog_park,Recreation & Sport,reviewed_same_name,dog_park,1,11,,FALSE
ip_and_internet_law,Business & Professional Services,1,taxonomy,Necessary,Necessary,"{""Necessary"": 0.088, ""Social"": 0.854, ""Optional"": 0.337}",0.088,0.854,0.337,0,FALSE,14,"hanoi,hcmc",FALSE,FALSE,FALSE,services_and_business > legal_service > attorney_or_law_firm > ip_and_internet_law,Business & Professional Services,reviewed_same_name,ip_and_internet_law,1,14,,FALSE
african_restaurant,Food & Drink,1,taxonomy,Social,Social,"{""Necessary"": 0.016, ""Social"": 0.586, ""Optional"": 0.049}",0.016,0.586,0.049,1,TRUE,14,"hanoi,hcmc",FALSE,FALSE,FALSE,food_and_drink > restaurant > african_restaurant,Food & Drink,reviewed_same_name,african_restaurant,1,12,,FALSE
indonesian_restaurant,Food & Drink,1,taxonomy,Social,Social,"{""Necessary"": 0.026, ""Social"": 0.539, ""Optional"": 0.023}",0.026,0.539,0.023,1,TRUE,14,"da_nang,hanoi,hcmc",FALSE,FALSE,FALSE,food_and_drink > restaurant > asian_restaurant > southeast_asian_restaurant > indonesian_restaurant,Food & Drink,reviewed_same_name,indonesian_restaurant,1,12,,FALSE
criminal_defense_law,Business & Professional Services,1,taxonomy,Necessary,Necessary,"{""Necessary"": 0.625, ""Social"": 0.406, ""Optional"": 0.003}",0.625,0.406,0.003,0,FALSE,14,"hanoi,hcmc",FALSE,FALSE,FALSE,services_and_business > legal_service > attorney_or_law_firm > criminal_defense_law,Business & Professional Services,reviewed_same_name,criminal_defense_law,1,11,,FALSE
trailer_dealer,Business & Professional Services,1,taxonomy,Necessary,Necessary,"{""Necessary"": 0.133, ""Social"": 0.687, ""Optional"": 0.344}",0.133,0.687,0.344,0,FALSE,14,"da_nang,hanoi,hcmc",FALSE,FALSE,FALSE,shopping > vehicle_dealer > trailer_dealer,Automotive & Transport,reviewed_same_name,trailer_dealer,1,14,,FALSE
business_consulting,Business & Professional Services,1,taxonomy,Necessary,Necessary,"{""Necessary"": 0.35, ""Social"": 0.228, ""Optional"": 0.002}",0.35,0.228,0.002,0,FALSE,13,"da_nang,hanoi,hcmc",FALSE,FALSE,FALSE,services_and_business > professional_service > business_consulting,Business & Professional Services,reviewed_same_name,business_consulting,1,13,,FALSE
metro_station,Automotive & Transport,1,taxonomy,Necessary,Necessary,"{""Necessary"": 0.817, ""Social"": 0.764, ""Optional"": 0.224}",0.817,0.764,0.224,0,FALSE,13,hcmc,FALSE,FALSE,FALSE,travel_and_transportation > ground_transport_facility_or_service > public_transit_facility_or_service > metro_station,Automotive & Transport,reviewed_same_name,metro_station,1,13,,FALSE
cosmetics_and_fragrance_store,Retail & Shopping,1,taxonomy,Necessary,Necessary,"{""Necessary"": 0.074, ""Social"": 0.526, ""Optional"": 0.065}",0.736,0.526,0.065,0,FALSE,13,"da_nang,hanoi,hcmc",FALSE,FALSE,FALSE,shopping > specialty_store > personal_care_and_beauty_store > beauty_supply_store > cosmetics_and_fragrance_store,Retail & Shopping,reviewed_id_match,perfume_store,0.846,13,cosmetic_and_beauty_supplies,FALSE
currency_exchange,Business & Professional Services,1,taxonomy,Necessary,Necessary,"{""Necessary"": 0.55, ""Social"": 0.34, ""Optional"": 0.009}",0.55,0.34,0.009,0,FALSE,13,"da_nang,hanoi,hcmc",FALSE,FALSE,FALSE,services_and_business > financial_service > currency_exchange,Business & Professional Services,reviewed_same_name,currency_exchange,1,11,,FALSE
carpet_cleaning,Home & Garden Services,1,taxonomy,Necessary,Necessary,"{""Necessary"": 0.625, ""Social"": 0.342, ""Optional"": 0.065}",0.625,0.342,0.065,0,FALSE,13,"da_nang,hanoi,hcmc",FALSE,FALSE,FALSE,services_and_business > home_service > carpet_cleaning,Home & Garden Services,reviewed_same_name,carpet_cleaning,1,11,,FALSE
quay,Automotive & Transport,1,taxonomy,Necessary,Necessary,"{""Necessary"": 0.483, ""Social"": 0.963, ""Optional"": 0.846}",0.483,0.963,0.846,0,FALSE,13,"can_tho,da_nang,hanoi,hcmc",FALSE,FALSE,FALSE,geographic_entities > built_feature > quay,Civic & Government,reviewed_same_name,quay,1,13,,FALSE
public_restroom,Utilities & Infrastructure,1,taxonomy,Necessary,Necessary,"{""Necessary"": 0.355, ""Social"": 0.056, ""Optional"": 0.021}",0.355,0.056,0.021,0,FALSE,13,"da_nang,hanoi,hcmc",FALSE,FALSE,FALSE,community_and_government > public_facility > public_restroom,Civic & Government,reviewed_id_match,public_restrooms,1,13,,FALSE
roller_skating_rink,Recreation & Sport,1,taxonomy,Social,Social|Optional,"{""Necessary"": 0.161, ""Social"": 0.935, ""Optional"": 0.726}",0.161,0.935,0.726,1,TRUE,13,"can_tho,da_nang,hanoi,hcmc",FALSE,FALSE,FALSE,sports_and_recreation > sport_or_fitness_facility > skating_rink > roller_skating_rink,Recreation & Sport,reviewed_same_name,roller_skating_rink,1,12,,FALSE
flight_school,Education,1,taxonomy,Necessary,Necessary,"{""Necessary"": 0.015, ""Social"": 0.718, ""Optional"": 0.117}",0.015,0.718,0.117,0,FALSE,13,"da_nang,hanoi,hcmc",FALSE,FALSE,FALSE,education > place_of_learning > specialty_school > flight_school,Education,reviewed_same_name,flight_school,1,11,,FALSE
hong_kong_style_cafe,Food & Drink,1,taxonomy,Social,Social,"{""Necessary"": 0.08, ""Social"": 0.952, ""Optional"": 0.062}",0.08,0.952,0.062,1,TRUE,13,"da_nang,hanoi,hcmc",FALSE,FALSE,FALSE,food_and_drink > casual_eatery > cafe > hong_kong_style_cafe,Food & Drink,reviewed_same_name,hong_kong_style_cafe,1,13,,FALSE
volleyball_court,Recreation & Sport,1,taxonomy,Optional,Optional|Social,"{""Necessary"": 0.094, ""Social"": 0.703, ""Optional"": 0.771}",0.094,0.703,0.771,1,TRUE,13,"da_nang,hcmc",FALSE,FALSE,FALSE,sports_and_recreation > sport_or_fitness_facility > sport_court > volleyball_court,Recreation & Sport,reviewed_same_name,volleyball_court,1,12,,FALSE
boat_rental_and_training,Business & Professional Services,1,taxonomy,Necessary,Necessary,"{""Necessary"": 0.45, ""Social"": 0.216, ""Optional"": 0.019}",0.45,0.216,0.019,0,FALSE,13,"can_tho,da_nang,hanoi,hcmc",FALSE,FALSE,FALSE,sports_and_recreation > recreational_equipment_rental > boat_rental_and_training,Recreation & Sport,reviewed_same_name,boat_rental_and_training,1,11,,FALSE
molecular_gastronomy_restaurant,Food & Drink,1,taxonomy,Social,Social,"{""Necessary"": 0.003, ""Social"": 0.02, ""Optional"": 0.005}",0.003,0.02,0.005,0,FALSE,13,"da_nang,hanoi,hcmc,pleiku",FALSE,FALSE,FALSE,food_and_drink > restaurant > special_diet_restaurant > molecular_gastronomy_restaurant,Food & Drink,reviewed_same_name,molecular_gastronomy_restaurant,1,9,,FALSE
brazilian_restaurant,Food & Drink,1,taxonomy,Social,Social,"{""Necessary"": 0.023, ""Social"": 0.521, ""Optional"": 0.023}",0.023,0.521,0.023,1,TRUE,12,"hanoi,hcmc",FALSE,FALSE,FALSE,food_and_drink > restaurant > latin_american_restaurant > south_american_restaurant > brazilian_restaurant,Food & Drink,reviewed_same_name,brazilian_restaurant,1,11,steakhouse,FALSE
water_heater_installation_repair,Home & Garden Services,1,taxonomy,Necessary,Necessary,"{""Necessary"": 0.16, ""Social"": 0.507, ""Optional"": 0.044}",0.16,0.507,0.044,0,FALSE,12,"da_nang,hanoi,hcmc",FALSE,FALSE,FALSE,services_and_business > home_service > water_heater_installation_repair,Home & Garden Services,reviewed_same_name,water_heater_installation_repair,1,11,,FALSE
warehouse,Business & Professional Services,1,taxonomy,Necessary,Necessary,"{""Necessary"": 0.517, ""Social"": 0.039, ""Optional"": 0.022}",0.517,0.039,0.022,0,FALSE,12,"hanoi,hcmc",FALSE,FALSE,FALSE,services_and_business > b2b_service > b2b_transportation_and_storage_service > b2b_storage > warehouse,Business & Professional Services,reviewed_id_match,warehouses,1,12,,FALSE
russian_restaurant,Food & Drink,1,taxonomy,Social,Social,"{""Necessary"": 0.019, ""Social"": 0.409, ""Optional"": 0.029}",0.019,0.409,0.029,1,TRUE,12,"da_nang,hanoi,hcmc",FALSE,FALSE,FALSE,food_and_drink > restaurant > european_restaurant > eastern_european_restaurant > russian_restaurant,Food & Drink,reviewed_same_name,russian_restaurant,0.909,11,restaurant,FALSE
child_protection_service,Community & Religion,1,taxonomy,Necessary,Necessary,"{""Necessary"": 0.009, ""Social"": 0.608, ""Optional"": 0.013}",0.009,0.608,0.013,0,FALSE,12,"can_tho,da_nang,hanoi,hcmc",FALSE,FALSE,FALSE,community_and_government > social_or_community_service > child_protection_service,Community & Religion,reviewed_same_name,child_protection_service,1,12,,FALSE
urology,Healthcare,1,taxonomy,Necessary,Necessary,"{""Necessary"": 0.195, ""Social"": 0.878, ""Optional"": 0.317}",0.195,0.878,0.317,0,FALSE,12,"can_tho,hanoi,hcmc",FALSE,FALSE,FALSE,health_care > outpatient_care_facility > specialized_health_care > urology,Healthcare,reviewed_id_match,urologist,1,9,diagnostic_services,FALSE
pier,Automotive & Transport,1,taxonomy,Necessary,Necessary,"{""Necessary"": 0.136, ""Social"": 0.877, ""Optional"": 0.317}",0.136,0.877,0.317,0,FALSE,12,"da_nang,hanoi,hcmc",FALSE,FALSE,FALSE,geographic_entities > built_feature > pier,Civic & Government,reviewed_same_name,pier,1,11,,FALSE
turkish_restaurant,Food & Drink,1,taxonomy,Social,Social,"{""Necessary"": 0.016, ""Social"": 0.49, ""Optional"": 0.02}",0.016,0.49,0.02,1,TRUE,12,"da_nang,hanoi,hcmc",FALSE,FALSE,FALSE,food_and_drink > restaurant > middle_eastern_restaurant > turkish_restaurant,Food & Drink,reviewed_same_name,turkish_restaurant,1,10,,FALSE
podiatry,Healthcare,1,taxonomy,Necessary,Necessary,"{""Necessary"": 0.06, ""Social"": 0.739, ""Optional"": 0.031}",0.06,0.739,0.031,0,FALSE,12,"hanoi,hcmc",FALSE,FALSE,FALSE,health_care > outpatient_care_facility > specialized_health_care > musculoskeletal_medicine > podiatry,Healthcare,reviewed_same_name,podiatry,1,11,,FALSE
poultry_farm,Agriculture & Industry,1,taxonomy,Necessary,Necessary,"{""Necessary"": 0.023, ""Social"": 0.65, ""Optional"": 0.058}",0.023,0.65,0.058,0,FALSE,12,"can_tho,da_nang,hanoi,hcmc",FALSE,FALSE,FALSE,services_and_business > agricultural_service > farm > poultry_farm,Agriculture & Industry,reviewed_same_name,poultry_farm,1,12,,FALSE
powder_coating_service,Business & Professional Services,1,taxonomy,Necessary,Necessary,"{""Necessary"": 0.137, ""Social"": 0.585, ""Optional"": 0.028}",0.137,0.585,0.028,0,FALSE,12,"hanoi,hcmc",FALSE,FALSE,FALSE,services_and_business > industrial_facility_or_service > powder_coating_service,Agriculture & Industry,reviewed_same_name,powder_coating_service,1,12,,FALSE
circus_venue,Culture & Arts,0.086,bart,Social,Social,"{""Necessary"": 0.002, ""Social"": 0.08, ""Optional"": 0.005}",0.002,0.08,0.005,1,TRUE,12,"can_tho,hanoi,hcmc",FALSE,FALSE,FALSE,arts_and_entertainment > amusement_attraction > circus_venue,Recreation & Sport,reviewed_id_match,circus,1,11,,FALSE
condominium,Accommodation & Travel,1,taxonomy,Optional,Optional|Social,"{""Necessary"": 0.213, ""Social"": 0.769, ""Optional"": 0.438}",0.213,0.769,0.438,0,FALSE,12,"da_nang,hanoi,hcmc",FALSE,FALSE,FALSE,services_and_business > housing_or_property_service > condominium,Business & Professional Services,reviewed_same_name,condominium,0.917,12,real_estate_agent,FALSE
prosthetics,Healthcare,1,taxonomy,Necessary,Necessary,"{""Necessary"": 0.512, ""Social"": 0.399, ""Optional"": 0.098}",0.512,0.399,0.098,0,FALSE,12,"can_tho,da_nang,hanoi,hcmc",FALSE,FALSE,FALSE,health_care > outpatient_care_facility > physical_medicine_and_rehabilitation > prosthetics,Healthcare,reviewed_same_name,prosthetics,1,12,,FALSE
cave,Recreation & Sport,1,taxonomy,Social,Social|Optional,"{""Necessary"": 0.009, ""Social"": 0.16, ""Optional"": 0.07}",0.009,0.16,0.07,1,TRUE,11,"can_tho,da_nang,hanoi,hcmc",FALSE,FALSE,FALSE,geographic_entities > land_feature > cave,Recreation & Sport,reviewed_same_name,cave,1,11,,FALSE
automotive_storage_facility,Business & Professional Services,1,taxonomy,Necessary,Necessary,"{""Necessary"": 0.009, ""Social"": 0.007, ""Optional"": 0.005}",0.009,0.007,0.005,0,FALSE,11,"da_nang,hanoi,hcmc",FALSE,FALSE,FALSE,services_and_business > storage_facility > automotive_storage_facility,Business & Professional Services,reviewed_same_name,automotive_storage_facility,1,11,,FALSE
e_commerce_service,Business & Professional Services,1,taxonomy,Necessary,Necessary,"{""Necessary"": 0.49, ""Social"": 0.317, ""Optional"": 0.022}",0.49,0.317,0.022,0,FALSE,11,"hanoi,hcmc",FALSE,FALSE,FALSE,services_and_business > professional_service > e_commerce_service,Business & Professional Services,reviewed_same_name,e_commerce_service,1,11,,FALSE
greek_restaurant,Food & Drink,1,taxonomy,Social,Social,"{""Necessary"": 0.018, ""Social"": 0.486, ""Optional"": 0.009}",0.018,0.486,0.009,1,TRUE,11,"da_nang,hanoi,hcmc",FALSE,FALSE,FALSE,food_and_drink > restaurant > european_restaurant > mediterranean_restaurant > greek_restaurant,Food & Drink,reviewed_same_name,greek_restaurant,1,11,,FALSE
scuba_diving_center,Recreation & Sport,1,taxonomy,Social,Social,"{""Necessary"": 0.009, ""Social"": 0.039, ""Optional"": 0.01}",0.009,0.039,0.01,0,FALSE,11,"da_nang,hanoi,hcmc",FALSE,FALSE,FALSE,sports_and_recreation > sport_or_fitness_facility > diving_center > scuba_diving_center,Recreation & Sport,reviewed_same_name,scuba_diving_center,1,10,,FALSE
race_track,Recreation & Sport,1,taxonomy,Social,Social|Optional,"{""Necessary"": 0.264, ""Social"": 0.703, ""Optional"": 0.504}",0.264,0.703,0.504,1,TRUE,11,"da_nang,hanoi,hcmc",FALSE,FALSE,FALSE,sports_and_recreation > sport_or_fitness_facility > race_track,Recreation & Sport,reviewed_same_name,race_track,1,11,,FALSE
ride_share_service,Business & Professional Services,1,taxonomy,Necessary,Necessary,"{""Necessary"": 0.491, ""Social"": 0.859, ""Optional"": 0.427}",0.491,0.859,0.427,0,FALSE,11,"da_nang,hanoi,hcmc",FALSE,FALSE,FALSE,travel_and_transportation > ground_transport_facility_or_service > taxi_or_ride_share_service > ride_share_service,Automotive & Transport,reviewed_id_match,ride_sharing,1,9,,FALSE
taco_restaurant,Food & Drink,1,taxonomy,Social,Social,"{""Necessary"": 0.024, ""Social"": 0.402, ""Optional"": 0.007}",0.024,0.402,0.007,1,TRUE,11,"da_nang,hanoi,hcmc",FALSE,FALSE,FALSE,food_and_drink > restaurant > latin_american_restaurant > taco_restaurant,Food & Drink,reviewed_same_name,taco_restaurant,0.9,10,restaurant,FALSE
laser_hair_removal,Beauty & Personal Care,1,taxonomy,Optional,Social|Optional,"{""Necessary"": 0.028, ""Social"": 0.453, ""Optional"": 0.058}",0.848,0.453,0.058,0,FALSE,11,"da_nang,hanoi,hcmc",FALSE,FALSE,FALSE,lifestyle_services > personal_or_beauty_service > hair_removal > laser_hair_removal,Beauty & Personal Care,reviewed_same_name,laser_hair_removal,1,11,skin_care,FALSE
home_decor_store,Retail & Shopping,0.115,bart,Necessary,Necessary,"{""Necessary"": 0.124, ""Social"": 0.941, ""Optional"": 0.65}",0.736,0.941,0.65,0,FALSE,11,"hanoi,hcmc",FALSE,FALSE,FALSE,shopping > specialty_store > hardware_home_and_garden_store > home_decor_store,Retail & Shopping,reviewed_id_match,home_decor,1,11,,FALSE
whiskey_bar,Food & Drink,1,taxonomy,Social,Social,"{""Necessary"": 0.019, ""Social"": 0.708, ""Optional"": 0.162}",0.019,0.708,0.162,1,TRUE,11,"da_nang,hanoi,hcmc",FALSE,FALSE,FALSE,food_and_drink > alcoholic_beverage_venue > bar > whiskey_bar,Food & Drink,reviewed_same_name,whiskey_bar,1,11,,FALSE
shooting_range,Recreation & Sport,1,taxonomy,Optional,Optional,"{""Necessary"": 0.008, ""Social"": 0.009, ""Optional"": 0.148}",0.008,0.009,0.148,0,FALSE,10,"can_tho,hanoi,hcmc",FALSE,FALSE,FALSE,sports_and_recreation > sport_or_fitness_facility > shooting_range,Recreation & Sport,reviewed_same_name,shooting_range,1,10,,FALSE
automotive_wheel_polishing_service,Business & Professional Services,1,taxonomy,Necessary,Necessary,"{""Necessary"": 0.698, ""Social"": 0.128, ""Optional"": 0.006}",0.698,0.128,0.006,0,FALSE,10,"can_tho,hanoi,hcmc",FALSE,FALSE,FALSE,travel_and_transportation > vehicle_service > automotive_service > automotive_wheel_polishing_service,Automotive & Transport,reviewed_same_name,automotive_wheel_polishing_service,1,9,,FALSE
freight_forwarding_agency,Business & Professional Services,1,taxonomy,Necessary,Necessary,"{""Necessary"": 0.69, ""Social"": 0.422, ""Optional"": 0.074}",0.69,0.422,0.074,0,FALSE,10,"can_tho,hanoi,hcmc",FALSE,FALSE,FALSE,services_and_business > b2b_service > b2b_transportation_and_storage_service > freight_and_cargo_service > freight_forwarding_agency,Business & Professional Services,reviewed_same_name,freight_forwarding_agency,1,10,,FALSE
rv_rental_service,Business & Professional Services,0.302,bart,Necessary,Necessary,"{""Necessary"": 0.51, ""Social"": 0.654, ""Optional"": 0.277}",0.51,0.654,0.277,0,FALSE,10,"can_tho,da_nang,hanoi,hcmc",FALSE,FALSE,FALSE,services_and_business > rental_service > vehicle_rental_service > rv_rental_service,Business & Professional Services,reviewed_id_match,rv_rentals,1,8,,FALSE
wildlife_sanctuary,Recreation & Sport,1,taxonomy,Social,Social,"{""Necessary"": 0.002, ""Social"": 0.573, ""Optional"": 0.31}",0.002,0.573,0.31,1,TRUE,10,"can_tho,hanoi,hcmc",FALSE,FALSE,FALSE,arts_and_entertainment > animal_attraction > wildlife_sanctuary,Recreation & Sport,reviewed_same_name,wildlife_sanctuary,1,9,,FALSE
disability_services_and_support_organization,Community & Religion,1,taxonomy,Necessary,Necessary,"{""Necessary"": 0.03, ""Social"": 0.163, ""Optional"": 0.004}",0.03,0.163,0.004,0,FALSE,10,"can_tho,da_nang,hanoi,hcmc",FALSE,FALSE,FALSE,community_and_government > social_or_community_service > disability_services_and_support_organization,Community & Religion,reviewed_same_name,disability_services_and_support_organization,1,9,,FALSE
distillery,Food & Drink,1,taxonomy,Social,Social,"{""Necessary"": 0.009, ""Social"": 0.259, ""Optional"": 0.089}",0.009,0.259,0.089,1,TRUE,10,"da_nang,hanoi,hcmc",FALSE,FALSE,FALSE,food_and_drink > alcoholic_beverage_venue > distillery,Food & Drink,reviewed_same_name,distillery,1,9,,FALSE
filipino_restaurant,Food & Drink,1,taxonomy,Social,Social,"{""Necessary"": 0.014, ""Social"": 0.372, ""Optional"": 0.026}",0.014,0.372,0.026,1,TRUE,10,"da_nang,hcmc",FALSE,FALSE,FALSE,food_and_drink > restaurant > asian_restaurant > southeast_asian_restaurant > filipino_restaurant,Food & Drink,reviewed_same_name,filipino_restaurant,1,10,,FALSE
cheese_shop,Daily Needs & Grocery,1,taxonomy,Necessary,Necessary,"{""Necessary"": 0.093, ""Social"": 0.842, ""Optional"": 0.032}",0.093,0.842,0.032,0,FALSE,10,"da_nang,hanoi,hcmc",FALSE,FALSE,FALSE,shopping > food_and_beverage_store > cheese_shop,Daily Needs & Grocery,reviewed_same_name,cheese_shop,1,9,,FALSE
telecommunications_service,Utilities & Infrastructure,1,taxonomy,Necessary,Necessary,"{""Necessary"": 0.631, ""Social"": 0.463, ""Optional"": 0.103}",0.631,0.463,0.103,0,FALSE,10,"da_nang,hanoi,hcmc",FALSE,FALSE,FALSE,services_and_business > telecommunications_service,Utilities & Infrastructure,reviewed_id_match,telecommunications,1,9,,FALSE
blood_and_plasma_donation_center,Healthcare,1,taxonomy,Necessary,Necessary,"{""Necessary"": 0.45, ""Social"": 0.071, ""Optional"": 0.003}",0.45,0.071,0.003,0,FALSE,10,"hanoi,hcmc",FALSE,FALSE,FALSE,health_care > medical_service > blood_and_plasma_donation_center,Healthcare,reviewed_same_name,blood_and_plasma_donation_center,1,9,,FALSE
betting_center,Business & Professional Services,1,taxonomy,Necessary,Necessary,"{""Necessary"": 0.032, ""Social"": 0.491, ""Optional"": 0.011}",0.032,0.491,0.011,0,FALSE,10,"hanoi,hcmc",FALSE,FALSE,FALSE,arts_and_entertainment > gaming_venue > betting_center,Recreation & Sport,reviewed_same_name,betting_center,1,10,,FALSE
waterfall,Recreation & Sport,1,taxonomy,Social,Social,"{""Necessary"": 0.106, ""Social"": 0.717, ""Optional"": 0.481}",0.106,0.717,0.481,1,TRUE,10,"da_nang,hanoi,hcmc",FALSE,FALSE,FALSE,geographic_entities > water_feature > waterfall,Recreation & Sport,reviewed_same_name,waterfall,1,10,,FALSE
watch_store,Retail & Shopping,1,taxonomy,Necessary,Necessary,"{""Necessary"": 0.294, ""Social"": 0.874, ""Optional"": 0.431}",0.736,0.874,0.431,0,FALSE,9,"hanoi,hcmc",FALSE,FALSE,FALSE,shopping > fashion_and_apparel_store > jewelry_store > watch_store,Retail & Shopping,reviewed_same_name,watch_store,1,8,,FALSE
occupational_therapy,Healthcare,1,taxonomy,Necessary,Necessary,"{""Necessary"": 0.331, ""Social"": 0.029, ""Optional"": 0.001}",0.331,0.029,0.001,0,FALSE,9,"hanoi,hcmc",FALSE,FALSE,FALSE,health_care > outpatient_care_facility > physical_medicine_and_rehabilitation > occupational_therapy,Healthcare,reviewed_same_name,occupational_therapy,1,8,,FALSE
sake_bar,Food & Drink,1,taxonomy,Social,Social,"{""Necessary"": 0.119, ""Social"": 0.886, ""Optional"": 0.385}",0.119,0.886,0.385,1,TRUE,9,"hanoi,hcmc",FALSE,FALSE,FALSE,food_and_drink > alcoholic_beverage_venue > bar > sake_bar,Food & Drink,reviewed_same_name,sake_bar,0.875,8,pub,FALSE
periodontics,Healthcare,1,taxonomy,Necessary,Necessary,"{""Necessary"": 0.624, ""Social"": 0.489, ""Optional"": 0.012}",0.624,0.489,0.012,0,FALSE,9,"can_tho,hanoi,hcmc",FALSE,FALSE,FALSE,health_care > outpatient_care_facility > dental_clinic > periodontics,Healthcare,reviewed_id_match,periodontist,1,8,,FALSE
sandblasting_service,Business & Professional Services,1,taxonomy,Necessary,Necessary,"{""Necessary"": 0.117, ""Social"": 0.5, ""Optional"": 0.135}",0.117,0.5,0.135,0,FALSE,9,"can_tho,hanoi,hcmc",FALSE,FALSE,FALSE,services_and_business > industrial_facility_or_service > sandblasting_service,Agriculture & Industry,reviewed_same_name,sandblasting_service,1,8,,FALSE
spanish_restaurant,Food & Drink,1,taxonomy,Social,Social,"{""Necessary"": 0.032, ""Social"": 0.623, ""Optional"": 0.031}",0.032,0.623,0.031,1,TRUE,9,"da_nang,hanoi,hcmc",FALSE,FALSE,FALSE,food_and_drink > restaurant > european_restaurant > iberian_restaurant > spanish_restaurant,Food & Drink,reviewed_same_name,spanish_restaurant,0.889,9,restaurant,FALSE
guest_house,Accommodation & Travel,1,taxonomy,Social,Social|Optional,"{""Necessary"": 0.025, ""Social"": 0.807, ""Optional"": 0.54}",0.025,0.807,0.54,0,FALSE,9,"can_tho,da_nang,hanoi,hcmc",FALSE,FALSE,FALSE,lodging > private_lodging > guest_house,Accommodation & Travel,reviewed_same_name,guest_house,0.889,9,hotel,FALSE
historic_mission,Community & Religion,1,taxonomy,Necessary,Necessary,"{""Necessary"": 0.875, ""Social"": 0.948, ""Optional"": 0.09}",0.875,0.948,0.09,0,FALSE,9,"hanoi,hcmc",FALSE,FALSE,FALSE,cultural_and_historic > historic_site > historic_mission,Culture & Arts,reviewed_id_match,mission,1,9,,FALSE
family_counseling,Healthcare,1,taxonomy,Necessary,Necessary,"{""Necessary"": 0.041, ""Social"": 0.909, ""Optional"": 0.161}",0.041,0.909,0.161,0,FALSE,8,"hanoi,hcmc",FALSE,FALSE,FALSE,health_care > outpatient_care_facility > behavioral_or_mental_health_clinic > counseling > family_counseling,Healthcare,reviewed_id_match,family_counselor,1,8,,FALSE
visitor_center,Accommodation & Travel,1,taxonomy,Social,Social|Optional,"{""Necessary"": 0.081, ""Social"": 0.902, ""Optional"": 0.712}",0.081,0.902,0.712,0,FALSE,8,"hanoi,hcmc",FALSE,FALSE,FALSE,travel_and_transportation > travel_service > visitor_center,Accommodation & Travel,reviewed_same_name,visitor_center,1,8,,FALSE
pediatric_dentistry,Healthcare,1,taxonomy,Necessary,Necessary,"{""Necessary"": 0.047, ""Social"": 0.6, ""Optional"": 0.037}",0.047,0.6,0.037,0,FALSE,8,"da_nang,hanoi,hcmc",FALSE,FALSE,FALSE,health_care > outpatient_care_facility > dental_clinic > pediatric_dentistry,Healthcare,reviewed_id_match,pediatric_dentist,1,8,dentist,FALSE
mobile_home_dealer,Business & Professional Services,1,taxonomy,Necessary,Necessary,"{""Necessary"": 0.227, ""Social"": 0.749, ""Optional"": 0.453}",0.227,0.749,0.453,0,FALSE,8,"hanoi,hcmc",FALSE,FALSE,FALSE,services_and_business > real_estate_service > mobile_home_dealer,Business & Professional Services,reviewed_same_name,mobile_home_dealer,1,7,,FALSE
gutter_service,Home & Garden Services,1,taxonomy,Necessary,Necessary,"{""Necessary"": 0.133, ""Social"": 0.616, ""Optional"": 0.409}",0.133,0.616,0.409,0,FALSE,8,"hanoi,hcmc",FALSE,FALSE,FALSE,services_and_business > home_service > gutter_service,Home & Garden Services,reviewed_same_name,gutter_service,1,7,,FALSE
poke_restaurant,Food & Drink,1,taxonomy,Social,Social,"{""Necessary"": 0.017, ""Social"": 0.336, ""Optional"": 0.042}",0.017,0.336,0.042,1,TRUE,8,"da_nang,hanoi,hcmc",FALSE,FALSE,FALSE,food_and_drink > restaurant > pacific_rim_restaurant > polynesian_restaurant > hawaiian_restaurant > poke_restaurant,Food & Drink,reviewed_same_name,poke_restaurant,1,8,,FALSE
massage_school,Education,1,taxonomy,Necessary,Necessary,"{""Necessary"": 0.51, ""Social"": 0.311, ""Optional"": 0.001}",0.51,0.311,0.001,0,FALSE,8,"hanoi,hcmc",FALSE,FALSE,FALSE,education > place_of_learning > specialty_school > massage_school,Education,reviewed_same_name,massage_school,1,7,,FALSE
community_museum,Culture & Arts,1,taxonomy,Social,Social|Optional,"{""Necessary"": 0.027, ""Social"": 0.907, ""Optional"": 0.712}",0.027,0.907,0.712,1,TRUE,8,"hanoi,hcmc",FALSE,FALSE,FALSE,arts_and_entertainment > museum > history_museum > community_museum,Culture & Arts,reviewed_same_name,community_museum,1,8,,FALSE
island,Recreation & Sport,1,taxonomy,Social,Social|Optional,"{""Necessary"": 0.141, ""Social"": 0.918, ""Optional"": 0.733}",0.141,0.918,0.733,1,TRUE,8,"da_nang,hanoi,hcmc",FALSE,FALSE,FALSE,geographic_entities > land_feature > island,Recreation & Sport,reviewed_same_name,island,1,8,,FALSE
theatrical_production,Business & Professional Services,1,taxonomy,Necessary,Necessary,"{""Necessary"": 0.032, ""Social"": 0.02, ""Optional"": 0.015}",0.032,0.02,0.015,0,FALSE,8,"da_nang,hanoi,hcmc",FALSE,FALSE,FALSE,services_and_business > media_service > theatrical_production,Business & Professional Services,reviewed_id_match,theatrical_productions,1,7,,FALSE
kids_recreation_and_party,Business & Professional Services,1,taxonomy,Necessary,Necessary,"{""Necessary"": 0.0, ""Social"": 0.984, ""Optional"": 0.423}",0,0.984,0.423,0,FALSE,8,"can_tho,hanoi,hcmc",FALSE,FALSE,FALSE,services_and_business > event_or_party_service > kids_recreation_and_party,Business & Professional Services,reviewed_same_name,kids_recreation_and_party,1,6,,FALSE
cardiology,Healthcare,1,taxonomy,Necessary,Necessary,"{""Necessary"": 0.078, ""Social"": 0.801, ""Optional"": 0.255}",0.078,0.801,0.255,0,FALSE,8,"da_nang,hanoi,hcmc",FALSE,FALSE,FALSE,health_care > outpatient_care_facility > specialized_health_care > cardiovascular_and_vascular_medicine > cardiology,Healthcare,reviewed_id_match,cardiologist,1,8,,FALSE
religious_school,Education,1,taxonomy,Necessary,Necessary,"{""Necessary"": 0.002, ""Social"": 0.313, ""Optional"": 0.001}",0.002,0.313,0.001,0,FALSE,8,"da_nang,hanoi,hcmc",FALSE,FALSE,FALSE,education > place_of_learning > school > religious_school,Education,reviewed_same_name,religious_school,1,7,,FALSE
design_museum,Culture & Arts,1,taxonomy,Optional,Optional,"{""Necessary"": 0.018, ""Social"": 0.455, ""Optional"": 0.794}",0.018,0.455,0.794,1,TRUE,8,"hanoi,hcmc",FALSE,FALSE,FALSE,arts_and_entertainment > museum > art_museum > design_museum,Culture & Arts,reviewed_same_name,design_museum,0.875,8,pharmaceutical_companies,FALSE
endocrinology,Healthcare,1,taxonomy,Necessary,Necessary,"{""Necessary"": 0.118, ""Social"": 0.889, ""Optional"": 0.341}",0.118,0.889,0.341,0,FALSE,8,"hanoi,hcmc",FALSE,FALSE,FALSE,health_care > outpatient_care_facility > specialized_health_care > endocrinology,Healthcare,reviewed_id_match,endocrinologist,1,6,,FALSE
gay_bar,Food & Drink,1,taxonomy,Social,Social,"{""Necessary"": 0.017, ""Social"": 0.928, ""Optional"": 0.303}",0.017,0.928,0.303,1,TRUE,8,"da_nang,hanoi,hcmc",FALSE,FALSE,FALSE,food_and_drink > alcoholic_beverage_venue > bar > gay_bar,Food & Drink,reviewed_same_name,gay_bar,1,8,,FALSE
animation_studio,Business & Professional Services,1,taxonomy,Necessary,Necessary,"{""Necessary"": 0.047, ""Social"": 0.707, ""Optional"": 0.288}",0.047,0.707,0.288,0,FALSE,8,"hanoi,hcmc",FALSE,FALSE,FALSE,services_and_business > media_service > media_news_company > animation_studio,Business & Professional Services,reviewed_same_name,animation_studio,1,8,,FALSE
paintball,Recreation & Sport,1,taxonomy,Optional,Optional|Social,"{""Necessary"": 0.013, ""Social"": 0.511, ""Optional"": 0.623}",0.013,0.511,0.623,1,TRUE,7,"da_nang,hanoi,hcmc",FALSE,FALSE,FALSE,sports_and_recreation > sport_or_fitness_facility > paintball,Recreation & Sport,reviewed_same_name,paintball,1,7,,FALSE
tobacco_company,Business & Professional Services,1,taxonomy,Necessary,Necessary,"{""Necessary"": 0.009, ""Social"": 0.604, ""Optional"": 0.114}",0.009,0.604,0.114,0,FALSE,7,"da_nang,hanoi,hcmc",FALSE,FALSE,FALSE,services_and_business > corporate_or_business_office > tobacco_company,Business & Professional Services,reviewed_same_name,tobacco_company,1,6,,FALSE
dive_bar,Food & Drink,1,taxonomy,Social,Social,"{""Necessary"": 0.083, ""Social"": 0.776, ""Optional"": 0.306}",0.083,0.776,0.306,1,TRUE,7,"da_nang,hanoi,hcmc",FALSE,FALSE,FALSE,food_and_drink > alcoholic_beverage_venue > bar > dive_bar,Food & Drink,reviewed_same_name,dive_bar,1,7,,FALSE
logging_contractor,Business & Professional Services,1,taxonomy,Necessary,Necessary,"{""Necessary"": 0.254, ""Social"": 0.578, ""Optional"": 0.302}",0.254,0.578,0.302,0,FALSE,7,"hanoi,hcmc",FALSE,FALSE,FALSE,services_and_business > b2b_service > b2b_environmental_service > logging_contractor,Business & Professional Services,reviewed_same_name,logging_contractor,1,7,,FALSE
collection_agency,Business & Professional Services,1,taxonomy,Necessary,Necessary,"{""Necessary"": 0.157, ""Social"": 0.89, ""Optional"": 0.339}",0.157,0.89,0.339,0,FALSE,7,"hanoi,hcmc",FALSE,FALSE,FALSE,services_and_business > financial_service > collection_agency,Business & Professional Services,reviewed_id_match,collection_agencies,1,7,,FALSE
duty_free_store,Retail & Shopping,0.146,bart,Necessary,Necessary,"{""Necessary"": 0.005, ""Social"": 0.301, ""Optional"": 0.152}",0.736,0.301,0.152,0,FALSE,7,"da_nang,hanoi,hcmc",FALSE,FALSE,FALSE,shopping > specialty_store > duty_free_store,Retail & Shopping,reviewed_id_match,duty_free_shop,1,7,,FALSE
go_kart_club,Recreation & Sport,1,taxonomy,Social,Social,"{""Necessary"": 0.138, ""Social"": 0.829, ""Optional"": 0.354}",0.138,0.829,0.354,1,TRUE,7,"hanoi,hcmc",FALSE,FALSE,FALSE,sports_and_recreation > sport_or_recreation_club > go_kart_club,Recreation & Sport,reviewed_same_name,go_kart_club,1,7,,FALSE
canoe_and_kayak_hire_service,Recreation & Sport,1,taxonomy,Social,Social,"{""Necessary"": 0.088, ""Social"": 0.604, ""Optional"": 0.09}",0.088,0.604,0.09,0,FALSE,7,"can_tho,da_nang,hanoi,hcmc",FALSE,FALSE,FALSE,sports_and_recreation > recreational_equipment_rental > canoe_and_kayak_hire_service,Recreation & Sport,reviewed_same_name,canoe_and_kayak_hire_service,1,6,,FALSE
canal,Recreation & Sport,1,taxonomy,Social,Social|Optional,"{""Necessary"": 0.355, ""Social"": 0.924, ""Optional"": 0.778}",0.355,0.924,0.778,1,TRUE,7,"hanoi,hcmc",FALSE,FALSE,FALSE,geographic_entities > water_feature > canal,Recreation & Sport,reviewed_same_name,canal,1,6,,FALSE
furniture_manufacturer,Business & Professional Services,1,taxonomy,Necessary,Necessary,"{""Necessary"": 0.066, ""Social"": 0.587, ""Optional"": 0.2}",0.066,0.587,0.2,0,FALSE,7,"hanoi,hcmc",FALSE,FALSE,FALSE,services_and_business > b2b_service > manufacturer > furniture_manufacturer,Business & Professional Services,reviewed_id_match,furniture_manufacturers,1,7,,FALSE
british_restaurant,Food & Drink,1,taxonomy,Social,Social,"{""Necessary"": 0.028, ""Social"": 0.505, ""Optional"": 0.046}",0.028,0.505,0.046,1,TRUE,7,"hanoi,hcmc",FALSE,FALSE,FALSE,food_and_drink > restaurant > european_restaurant > western_european_restaurant > british_restaurant,Food & Drink,reviewed_same_name,british_restaurant,1,7,,FALSE
tax_law,Business & Professional Services,1,taxonomy,Necessary,Necessary,"{""Necessary"": 0.163, ""Social"": 0.774, ""Optional"": 0.037}",0.163,0.774,0.037,0,FALSE,7,"hanoi,hcmc",FALSE,FALSE,FALSE,services_and_business > legal_service > attorney_or_law_firm > tax_law,Business & Professional Services,reviewed_same_name,tax_law,1,6,,FALSE
fireplace_service,Home & Garden Services,1,taxonomy,Necessary,Necessary,"{""Necessary"": 0.077, ""Social"": 0.759, ""Optional"": 0.354}",0.077,0.759,0.354,0,FALSE,7,"da_nang,hanoi,hcmc",FALSE,FALSE,FALSE,services_and_business > home_service > fireplace_service,Home & Garden Services,reviewed_same_name,fireplace_service,1,7,,FALSE
kitchen_supply_store,Retail & Shopping,1,taxonomy,Necessary,Necessary,"{""Necessary"": 0.076, ""Social"": 0.057, ""Optional"": 0.003}",0.736,0.057,0.003,0,FALSE,7,"hanoi,hcmc",FALSE,FALSE,FALSE,shopping > specialty_store > hardware_home_and_garden_store > kitchen_and_bath_store > kitchen_supply_store,Retail & Shopping,reviewed_same_name,kitchen_supply_store,1,7,,FALSE
tailor,Business & Professional Services,0.154,bart,Necessary,Necessary,"{""Necessary"": 0.313, ""Social"": 0.866, ""Optional"": 0.62}",0.313,0.866,0.62,0,FALSE,7,"da_nang,hanoi",FALSE,FALSE,FALSE,services_and_business > home_service > sewing_and_alterations > tailor,Home & Garden Services,reviewed_id_match,gents_tailor,0.857,7,mens_clothing_store,FALSE
surfing,Recreation & Sport,1,taxonomy,Social,Social,"{""Necessary"": 0.001, ""Social"": 0.765, ""Optional"": 0.489}",0.001,0.765,0.489,0,FALSE,7,"da_nang,hanoi,hcmc",FALSE,FALSE,FALSE,sports_and_recreation > sport_or_fitness_facility > water_sport > surfing,Recreation & Sport,reviewed_same_name,surfing,1,7,,FALSE
hawaiian_restaurant,Food & Drink,1,taxonomy,Social,Social,"{""Necessary"": 0.016, ""Social"": 0.505, ""Optional"": 0.028}",0.016,0.505,0.028,1,TRUE,7,"da_nang,hcmc",FALSE,FALSE,FALSE,food_and_drink > restaurant > pacific_rim_restaurant > polynesian_restaurant > hawaiian_restaurant,Food & Drink,reviewed_same_name,hawaiian_restaurant,1,7,,FALSE
fort,Culture & Arts,1,taxonomy,Necessary,Necessary|Optional,"{""Necessary"": 0.671, ""Social"": 0.404, ""Optional"": 0.566}",0.671,0.404,0.566,1,TRUE,6,"can_tho,da_nang,hanoi,hcmc",FALSE,FALSE,FALSE,cultural_and_historic > historic_site > fort,Culture & Arts,reviewed_same_name,fort,1,5,,FALSE
equestrian_facility,Recreation & Sport,1,taxonomy,Social,Social|Optional,"{""Necessary"": 0.277, ""Social"": 0.803, ""Optional"": 0.608}",0.277,0.803,0.608,0,FALSE,6,"da_nang,hanoi,hcmc",FALSE,FALSE,FALSE,sports_and_recreation > sport_or_fitness_facility > horse_riding > equestrian_facility,Recreation & Sport,reviewed_same_name,equestrian_facility,1,6,,FALSE
personal_or_beauty_service,Beauty & Personal Care,1,taxonomy,Optional,Social|Optional,"{""Necessary"": 0.074, ""Social"": 0.333, ""Optional"": 0.004}",0.848,0.333,0.004,0,FALSE,6,"hanoi,hcmc",FALSE,FALSE,FALSE,lifestyle_services > personal_or_beauty_service,Beauty & Personal Care,reviewed_id_match,personal_care_service,1,6,,FALSE
cajun_and_creole_restaurant,Food & Drink,1,taxonomy,Social,Social,"{""Necessary"": 0.004, ""Social"": 0.067, ""Optional"": 0.002}",0.004,0.067,0.002,1,TRUE,6,"da_nang,hanoi,hcmc",FALSE,FALSE,FALSE,food_and_drink > restaurant > north_american_restaurant > american_restaurant > cajun_and_creole_restaurant,Food & Drink,reviewed_same_name,cajun_and_creole_restaurant,0.833,6,restaurant,FALSE
mediterranean_restaurant,Food & Drink,1,taxonomy,Social,Social,"{""Necessary"": 0.027, ""Social"": 0.439, ""Optional"": 0.016}",0.027,0.439,0.016,1,TRUE,6,"hanoi,hcmc",FALSE,FALSE,FALSE,food_and_drink > restaurant > european_restaurant > mediterranean_restaurant,Food & Drink,reviewed_same_name,mediterranean_restaurant,1,5,european_restaurant,FALSE
event_venue,Culture & Arts,0.425,bart,Social,Social,"{""Necessary"": 0.025, ""Social"": 0.569, ""Optional"": 0.103}",0.025,0.569,0.103,1,TRUE,6,"hanoi,hcmc",FALSE,FALSE,FALSE,arts_and_entertainment > event_venue,Culture & Arts,reviewed_id_match,venue_and_event_space,1,6,,FALSE
nicaraguan_restaurant,Food & Drink,1,taxonomy,Social,Social,"{""Necessary"": 0.015, ""Social"": 0.301, ""Optional"": 0.019}",0.015,0.301,0.019,1,TRUE,6,"hanoi,hcmc",FALSE,FALSE,FALSE,food_and_drink > restaurant > latin_american_restaurant > central_american_restaurant > nicaraguan_restaurant,Food & Drink,reviewed_same_name,nicaraguan_restaurant,1,6,,FALSE
tennis_stadium,Recreation & Sport,1,taxonomy,Optional,Optional,"{""Necessary"": 0.038, ""Social"": 0.025, ""Optional"": 0.355}",0.038,0.025,0.355,1,TRUE,6,"da_nang,hanoi,hcmc",FALSE,FALSE,FALSE,arts_and_entertainment > stadium_arena > stadium > tennis_stadium,Recreation & Sport,reviewed_same_name,tennis_stadium,1,6,,FALSE
ski_resort,Accommodation & Travel,1,taxonomy,Social,Social,"{""Necessary"": 0.004, ""Social"": 0.882, ""Optional"": 0.454}",0.004,0.882,0.454,0,FALSE,6,"hanoi,hcmc",FALSE,FALSE,FALSE,lodging > resort > ski_resort,Accommodation & Travel,reviewed_same_name,ski_resort,1,6,,FALSE
mountain_bike_trail,Recreation & Sport,1,taxonomy,Social,Social|Optional,"{""Necessary"": 0.35, ""Social"": 0.795, ""Optional"": 0.542}",0.35,0.795,0.542,1,TRUE,6,"da_nang,hanoi,hcmc",FALSE,FALSE,FALSE,sports_and_recreation > recreational_trail_or_path > mountain_bike_trail,Recreation & Sport,reviewed_id_match,mountain_bike_trails,1,5,,FALSE
horse_riding,Recreation & Sport,1,taxonomy,Social,Social,"{""Necessary"": 0.077, ""Social"": 0.711, ""Optional"": 0.368}",0.077,0.711,0.368,0,FALSE,6,"hanoi,hcmc",FALSE,FALSE,FALSE,sports_and_recreation > sport_or_fitness_facility > horse_riding,Recreation & Sport,reviewed_same_name,horse_riding,1,6,,FALSE
recreation_vehicle_repair,Business & Professional Services,1,taxonomy,Necessary,Necessary,"{""Necessary"": 0.073, ""Social"": 0.954, ""Optional"": 0.225}",0.073,0.954,0.225,0,FALSE,6,"hanoi,hcmc",FALSE,FALSE,FALSE,travel_and_transportation > vehicle_service > recreation_vehicle_service > recreation_vehicle_repair,Automotive & Transport,reviewed_same_name,recreation_vehicle_repair,1,6,,FALSE
belgian_restaurant,Food & Drink,1,taxonomy,Social,Social,"{""Necessary"": 0.02, ""Social"": 0.544, ""Optional"": 0.028}",0.02,0.544,0.028,1,TRUE,6,"da_nang,hanoi,hcmc",FALSE,FALSE,FALSE,food_and_drink > restaurant > european_restaurant > western_european_restaurant > belgian_restaurant,Food & Drink,reviewed_same_name,belgian_restaurant,1,6,beer_bar,FALSE
dui_law,Business & Professional Services,1,taxonomy,Necessary,Necessary,"{""Necessary"": 0.262, ""Social"": 0.859, ""Optional"": 0.609}",0.262,0.859,0.609,0,FALSE,6,"hanoi,hcmc",FALSE,FALSE,FALSE,services_and_business > legal_service > attorney_or_law_firm > dui_law,Business & Professional Services,reviewed_same_name,dui_law,1,4,,FALSE
salsa_club,Food & Drink,1,taxonomy,Social,Social,"{""Necessary"": 0.056, ""Social"": 0.934, ""Optional"": 0.192}",0.056,0.934,0.192,1,TRUE,6,"hanoi,hcmc",FALSE,FALSE,FALSE,arts_and_entertainment > nightlife_venue > dance_club > salsa_club,Food & Drink,reviewed_same_name,salsa_club,1,6,,FALSE
tile_store,Retail & Shopping,1,taxonomy,Necessary,Necessary,"{""Necessary"": 0.414, ""Social"": 0.825, ""Optional"": 0.517}",0.736,0.825,0.517,0,FALSE,6,"da_nang,hcmc",FALSE,FALSE,FALSE,shopping > specialty_store > hardware_home_and_garden_store > tile_store,Retail & Shopping,reviewed_same_name,tile_store,1,6,,FALSE
irish_pub,Food & Drink,1,taxonomy,Social,Social|Optional,"{""Necessary"": 0.325, ""Social"": 0.953, ""Optional"": 0.714}",0.325,0.953,0.714,1,TRUE,6,"can_tho,da_nang,hcmc",FALSE,FALSE,FALSE,food_and_drink > alcoholic_beverage_venue > bar > pub > irish_pub,Food & Drink,reviewed_same_name,irish_pub,1,6,,FALSE
rheumatology,Healthcare,1,taxonomy,Necessary,Necessary,"{""Necessary"": 0.141, ""Social"": 0.876, ""Optional"": 0.29}",0.141,0.876,0.29,0,FALSE,6,"hanoi,hcmc",FALSE,FALSE,FALSE,health_care > outpatient_care_facility > specialized_health_care > internal_medicine > rheumatology,Healthcare,reviewed_id_match,rheumatologist,1,5,,FALSE
radiology,Healthcare,1,taxonomy,Necessary,Necessary,"{""Necessary"": 0.216, ""Social"": 0.926, ""Optional"": 0.492}",0.216,0.926,0.492,0,FALSE,6,"da_nang,hanoi,hcmc",FALSE,FALSE,FALSE,health_care > outpatient_care_facility > diagnostics_imaging_or_lab_service > radiology,Healthcare,reviewed_id_match,radiologist,1,5,,FALSE
b2b_human_resource_service,Business & Professional Services,1,taxonomy,Necessary,Necessary,"{""Necessary"": 0.123, ""Social"": 0.868, ""Optional"": 0.074}",0.123,0.868,0.074,0,FALSE,6,"da_nang,hanoi,hcmc",FALSE,FALSE,FALSE,services_and_business > b2b_service > b2b_office_and_professional_service > b2b_human_resource_service,Business & Professional Services,reviewed_id_match,human_resource_services,1,6,,FALSE
ice_skating_rink,Recreation & Sport,1,taxonomy,Social,Social|Optional,"{""Necessary"": 0.061, ""Social"": 0.824, ""Optional"": 0.617}",0.061,0.824,0.617,0,FALSE,6,"can_tho,hcmc",FALSE,FALSE,FALSE,sports_and_recreation > sport_or_fitness_facility > skating_rink > ice_skating_rink,Recreation & Sport,reviewed_same_name,ice_skating_rink,1,5,,FALSE
audiovisual_equipment_rental,Business & Professional Services,1,taxonomy,Necessary,Necessary,"{""Necessary"": 0.056, ""Social"": 0.389, ""Optional"": 0.028}",0.056,0.389,0.028,0,FALSE,6,"hanoi,hcmc",FALSE,FALSE,FALSE,services_and_business > event_or_party_service > audiovisual_equipment_rental,Business & Professional Services,reviewed_same_name,audiovisual_equipment_rental,1,6,,FALSE
aviation_museum,Culture & Arts,1,taxonomy,Optional,Optional,"{""Necessary"": 0.007, ""Social"": 0.075, ""Optional"": 0.632}",0.007,0.075,0.632,1,TRUE,6,"hanoi,hcmc",FALSE,FALSE,FALSE,arts_and_entertainment > museum > aviation_museum,Culture & Arts,reviewed_same_name,aviation_museum,1,6,,FALSE
animal_rescue_service,Pet Services,1,taxonomy,Necessary,Necessary,"{""Necessary"": 0.008, ""Social"": 0.517, ""Optional"": 0.004}",0.008,0.517,0.004,0,FALSE,6,"can_tho,hanoi,hcmc",FALSE,FALSE,FALSE,lifestyle_services > animal_or_pet_service > animal_adoption_or_rescue > animal_rescue_service,Pet Services,reviewed_same_name,animal_rescue_service,1,6,,FALSE
surf_store,Retail & Shopping,0.15,bart,Necessary,Necessary,"{""Necessary"": 0.005, ""Social"": 0.701, ""Optional"": 0.112}",0.736,0.701,0.112,0,FALSE,6,da_nang,FALSE,FALSE,FALSE,shopping > specialty_store > sporting_goods_store > surf_store,Retail & Shopping,reviewed_id_match,surf_shop,1,6,,FALSE
burmese_restaurant,Food & Drink,1,taxonomy,Social,Social,"{""Necessary"": 0.019, ""Social"": 0.451, ""Optional"": 0.018}",0.019,0.451,0.018,1,TRUE,6,"da_nang,hanoi",FALSE,FALSE,FALSE,food_and_drink > restaurant > asian_restaurant > southeast_asian_restaurant > burmese_restaurant,Food & Drink,reviewed_same_name,burmese_restaurant,1,6,,FALSE
builder,Business & Professional Services,1,taxonomy,Necessary,Necessary,"{""Necessary"": 0.303, ""Social"": 0.883, ""Optional"": 0.593}",0.303,0.883,0.593,0,FALSE,6,"can_tho,hanoi,hcmc",FALSE,FALSE,FALSE,services_and_business > real_estate_service > builder,Business & Professional Services,reviewed_id_match,builders,1,6,,FALSE
health_market,Daily Needs & Grocery,1,taxonomy,Necessary,Necessary,"{""Necessary"": 0.475, ""Social"": 0.942, ""Optional"": 0.085}",0.475,0.942,0.085,0,FALSE,6,"hanoi,hcmc",FALSE,FALSE,FALSE,shopping > market > health_market,Daily Needs & Grocery,reviewed_same_name,health_market,1,6,,FALSE
baptist_place_of_worship,Community & Religion,0.763,bart,Social,Social,"{""Necessary"": 0.03, ""Social"": 0.88, ""Optional"": 0.277}",0.03,0.88,0.277,1,TRUE,5,"hanoi,hcmc",FALSE,FALSE,FALSE,cultural_and_historic > place_of_worship > christian_place_of_worship > protestant_place_of_worship > baptist_place_of_worship,Community & Religion,reviewed_id_match,baptist_church,1,5,,FALSE
medical_law,Business & Professional Services,1,taxonomy,Necessary,Necessary,"{""Necessary"": 0.228, ""Social"": 0.882, ""Optional"": 0.094}",0.228,0.882,0.094,0,FALSE,5,"da_nang,hanoi,hcmc",FALSE,FALSE,FALSE,services_and_business > legal_service > attorney_or_law_firm > medical_law,Business & Professional Services,reviewed_same_name,medical_law,1,5,,FALSE
cards_and_stationery_store,Retail & Shopping,1,taxonomy,Necessary,Necessary,"{""Necessary"": 0.025, ""Social"": 0.295, ""Optional"": 0.022}",0.736,0.295,0.022,0,FALSE,5,"hanoi,hcmc",FALSE,FALSE,FALSE,shopping > specialty_store > cards_and_stationery_store,Retail & Shopping,reviewed_same_name,cards_and_stationery_store,1,5,,FALSE
session_photography_service,Business & Professional Services,1,taxonomy,Necessary,Necessary,"{""Necessary"": 0.16, ""Social"": 0.868, ""Optional"": 0.282}",0.16,0.868,0.282,0,FALSE,5,"hanoi,hcmc",FALSE,FALSE,FALSE,services_and_business > media_service > photography_service > session_photography_service,Business & Professional Services,reviewed_id_match,session_photography,1,5,,FALSE
childrens_museum,Culture & Arts,1,taxonomy,Optional,Optional,"{""Necessary"": 0.004, ""Social"": 0.458, ""Optional"": 0.721}",0.004,0.458,0.721,1,TRUE,5,"hanoi,hcmc",FALSE,FALSE,FALSE,arts_and_entertainment > museum > childrens_museum,Culture & Arts,reviewed_same_name,childrens_museum,1,5,,FALSE
media_restoration_service,Business & Professional Services,1,taxonomy,Necessary,Necessary,"{""Necessary"": 0.155, ""Social"": 0.87, ""Optional"": 0.398}",0.155,0.87,0.398,0,FALSE,5,"hanoi,hcmc",FALSE,FALSE,FALSE,services_and_business > media_service > media_restoration_service,Business & Professional Services,reviewed_same_name,media_restoration_service,1,5,,FALSE
geological_service,Business & Professional Services,1,taxonomy,Necessary,Necessary,"{""Necessary"": 0.058, ""Social"": 0.66, ""Optional"": 0.062}",0.058,0.66,0.062,0,FALSE,5,"hanoi,hcmc",FALSE,FALSE,FALSE,services_and_business > b2b_service > b2b_environmental_service > geological_service,Business & Professional Services,reviewed_id_match,geological_services,1,5,construction_services,FALSE
hospice,Healthcare,1,taxonomy,Necessary,Necessary,"{""Necessary"": 0.402, ""Social"": 0.212, ""Optional"": 0.0}",0.402,0.212,0,0,FALSE,5,"da_nang,hanoi,hcmc",FALSE,FALSE,FALSE,health_care > medical_service > hospice,Healthcare,reviewed_same_name,hospice,1,5,,FALSE
architect,Business & Professional Services,1,taxonomy,Necessary,Necessary,"{""Necessary"": 0.272, ""Social"": 0.786, ""Optional"": 0.475}",0.272,0.786,0.475,0,FALSE,5,"hanoi,hcmc",FALSE,FALSE,FALSE,services_and_business > design_service > architect,Business & Professional Services,reviewed_same_name,architect,1,4,architectural_designer,FALSE
distribution_service,Business & Professional Services,1,taxonomy,Necessary,Necessary,"{""Necessary"": 0.323, ""Social"": 0.762, ""Optional"": 0.087}",0.323,0.762,0.087,0,FALSE,5,hanoi,FALSE,FALSE,FALSE,services_and_business > b2b_service > b2b_transportation_and_storage_service > freight_and_cargo_service > distribution_service,Business & Professional Services,reviewed_id_match,distribution_services,1,5,,FALSE
bistro,Food & Drink,1,taxonomy,Social,Social,"{""Necessary"": 0.039, ""Social"": 0.881, ""Optional"": 0.037}",0.039,0.881,0.037,1,TRUE,5,"da_nang,hcmc",FALSE,FALSE,FALSE,food_and_drink > casual_eatery > bistro,Food & Drink,reviewed_same_name,bistro,1,5,,FALSE
pulmonology,Healthcare,1,taxonomy,Necessary,Necessary,"{""Necessary"": 0.166, ""Social"": 0.914, ""Optional"": 0.437}",0.166,0.914,0.437,0,FALSE,5,"hanoi,hcmc",FALSE,FALSE,FALSE,health_care > outpatient_care_facility > specialized_health_care > pulmonology,Healthcare,reviewed_id_match,pulmonologist,1,5,,FALSE
observatory,Culture & Arts,1,taxonomy,Social,Social,"{""Necessary"": 0.006, ""Social"": 0.138, ""Optional"": 0.047}",0.006,0.138,0.047,1,TRUE,5,"da_nang,hanoi,hcmc",FALSE,FALSE,FALSE,arts_and_entertainment > science_attraction > observatory,Culture & Arts,reviewed_same_name,observatory,1,5,,FALSE
marriage_or_relationship_counseling,Business & Professional Services,1,taxonomy,Necessary,Necessary,"{""Necessary"": 0.306, ""Social"": 0.189, ""Optional"": 0.001}",0.306,0.189,0.001,0,FALSE,5,"hanoi,hcmc",FALSE,FALSE,FALSE,health_care > outpatient_care_facility > behavioral_or_mental_health_clinic > counseling > marriage_or_relationship_counseling,Healthcare,reviewed_id_match,marriage_or_relationship_counselor,1,4,,FALSE
fondue_restaurant,Food & Drink,1,taxonomy,Social,Social,"{""Necessary"": 0.01, ""Social"": 0.407, ""Optional"": 0.007}",0.01,0.407,0.007,0,FALSE,5,hanoi,FALSE,FALSE,FALSE,food_and_drink > casual_eatery > fondue_restaurant,Food & Drink,reviewed_same_name,fondue_restaurant,1,5,,FALSE
recreational_vehicle_dealer,Business & Professional Services,1,taxonomy,Necessary,Necessary,"{""Necessary"": 0.001, ""Social"": 0.18, ""Optional"": 0.752}",0.001,0.18,0.752,0,FALSE,5,"da_nang,hanoi,hcmc",FALSE,FALSE,FALSE,shopping > vehicle_dealer > recreational_vehicle_dealer,Automotive & Transport,reviewed_same_name,recreational_vehicle_dealer,1,5,,FALSE
esports_team,Business & Professional Services,1,taxonomy,Necessary,Necessary,"{""Necessary"": 0.033, ""Social"": 0.653, ""Optional"": 0.748}",0.033,0.653,0.748,0,FALSE,5,hcmc,FALSE,FALSE,FALSE,sports_and_recreation > sport_team > esports_team,Recreation & Sport,reviewed_same_name,esports_team,1,5,,FALSE
historical_tour,Accommodation & Travel,1,taxonomy,Optional,Optional,"{""Necessary"": 0.006, ""Social"": 0.017, ""Optional"": 0.072}",0.006,0.017,0.072,0,FALSE,5,"hanoi,hcmc",FALSE,FALSE,FALSE,travel_and_transportation > travel_service > tour_operator > historical_tour,Accommodation & Travel,reviewed_id_match,historical_tours,1,5,,FALSE
audiology,Healthcare,1,taxonomy,Necessary,Necessary,"{""Necessary"": 0.121, ""Social"": 0.945, ""Optional"": 0.536}",0.121,0.945,0.536,0,FALSE,5,"can_tho,da_nang,hanoi,hcmc,pleiku",FALSE,FALSE,FALSE,health_care > outpatient_care_facility > specialized_health_care > ear_nose_and_throat > audiology,Healthcare,reviewed_id_match,audiologist,1,5,,FALSE
sky_diving,Recreation & Sport,1,taxonomy,Social,Social,"{""Necessary"": 0.015, ""Social"": 0.553, ""Optional"": 0.112}",0.015,0.553,0.112,0,FALSE,5,"da_nang,hanoi,hcmc",FALSE,FALSE,FALSE,sports_and_recreation > sport_or_fitness_facility > sky_diving,Recreation & Sport,reviewed_same_name,sky_diving,1,5,,FALSE
safe_store,Retail & Shopping,1,taxonomy,Necessary,Necessary,"{""Necessary"": 0.249, ""Social"": 0.581, ""Optional"": 0.179}",0.736,0.581,0.179,0,FALSE,4,"hanoi,hcmc",FALSE,FALSE,FALSE,shopping > specialty_store > safe_store,Retail & Shopping,reviewed_same_name,safe_store,1,4,,FALSE
homeless_shelter,Community & Religion,1,taxonomy,Necessary,Necessary,"{""Necessary"": 0.002, ""Social"": 0.247, ""Optional"": 0.005}",0.002,0.247,0.005,0,FALSE,4,hcmc,FALSE,FALSE,FALSE,community_and_government > social_or_community_service > homeless_shelter,Community & Religion,reviewed_same_name,homeless_shelter,1,4,,FALSE
generator_installation_repair,Business & Professional Services,1,taxonomy,Necessary,Necessary,"{""Necessary"": 0.62, ""Social"": 0.423, ""Optional"": 0.007}",0.62,0.423,0.007,0,FALSE,4,"hanoi,hcmc",FALSE,FALSE,FALSE,services_and_business > technical_service > generator_installation_repair,Business & Professional Services,reviewed_same_name,generator_installation_repair,1,4,,FALSE
airline_ticket_agency,Business & Professional Services,1,taxonomy,Necessary,Necessary,"{""Necessary"": 0.63, ""Social"": 0.25, ""Optional"": 0.086}",0.63,0.25,0.086,0,FALSE,4,"hanoi,hcmc",FALSE,FALSE,FALSE,travel_and_transportation > air_transport_facility_or_service > airline_ticket_agency,Automotive & Transport,reviewed_same_name,airline_ticket_agency,1,4,,FALSE
hot_springs,Recreation & Sport,1,taxonomy,Social,Social|Optional,"{""Necessary"": 0.153, ""Social"": 0.932, ""Optional"": 0.754}",0.153,0.932,0.754,1,TRUE,4,"da_nang,hcmc",FALSE,FALSE,FALSE,geographic_entities > water_feature > hot_springs,Recreation & Sport,reviewed_same_name,hot_springs,1,4,,FALSE
beach_bar,Food & Drink,1,taxonomy,Social,Social,"{""Necessary"": 0.009, ""Social"": 0.805, ""Optional"": 0.089}",0.009,0.805,0.089,1,TRUE,4,da_nang,FALSE,FALSE,FALSE,food_and_drink > alcoholic_beverage_venue > bar > beach_bar,Food & Drink,reviewed_same_name,beach_bar,1,4,,FALSE
psychiatry,Healthcare,1,taxonomy,Necessary,Necessary,"{""Necessary"": 0.061, ""Social"": 0.866, ""Optional"": 0.186}",0.061,0.866,0.186,0,FALSE,4,"hanoi,hcmc",FALSE,FALSE,FALSE,health_care > outpatient_care_facility > behavioral_or_mental_health_clinic > psychiatry_or_psychology_service > psychiatry,Healthcare,reviewed_id_match,psychiatrist,1,4,hospital,FALSE
archery_range,Recreation & Sport,1,taxonomy,Social,Social|Optional,"{""Necessary"": 0.034, ""Social"": 0.67, ""Optional"": 0.541}",0.034,0.67,0.541,0,FALSE,4,"hanoi,hcmc",FALSE,FALSE,FALSE,sports_and_recreation > sport_or_fitness_facility > shooting_range > archery_range,Recreation & Sport,reviewed_same_name,archery_range,1,4,,FALSE
nephrology,Healthcare,1,taxonomy,Necessary,Necessary,"{""Necessary"": 0.11, ""Social"": 0.917, ""Optional"": 0.455}",0.11,0.917,0.455,0,FALSE,4,"can_tho,hanoi",FALSE,FALSE,FALSE,health_care > outpatient_care_facility > specialized_health_care > nephrology,Healthcare,reviewed_id_match,nephrologist,1,4,health_and_medical,FALSE
general_litigation,Business & Professional Services,1,taxonomy,Necessary,Necessary,"{""Necessary"": 0.024, ""Social"": 0.538, ""Optional"": 0.011}",0.024,0.538,0.011,0,FALSE,4,"da_nang,hanoi,hcmc",FALSE,FALSE,FALSE,services_and_business > legal_service > attorney_or_law_firm > general_litigation,Business & Professional Services,reviewed_same_name,general_litigation,1,4,,FALSE
money_transfer_service,Business & Professional Services,1,taxonomy,Necessary,Necessary,"{""Necessary"": 0.589, ""Social"": 0.333, ""Optional"": 0.024}",0.589,0.333,0.024,0,FALSE,4,"can_tho,da_nang,hanoi,hcmc",FALSE,FALSE,FALSE,services_and_business > financial_service > money_transfer_service,Business & Professional Services,reviewed_id_match,money_transfer_services,1,2,,FALSE
latin_american_restaurant,Food & Drink,1,taxonomy,Social,Social,"{""Necessary"": 0.02, ""Social"": 0.228, ""Optional"": 0.024}",0.02,0.228,0.024,1,TRUE,4,"hanoi,hcmc",FALSE,FALSE,FALSE,food_and_drink > restaurant > latin_american_restaurant,Food & Drink,reviewed_same_name,latin_american_restaurant,1,4,,FALSE
hotel_bar,Food & Drink,1,taxonomy,Social,Social,"{""Necessary"": 0.029, ""Social"": 0.633, ""Optional"": 0.15}",0.029,0.633,0.15,1,TRUE,4,"hanoi,hcmc",FALSE,FALSE,FALSE,food_and_drink > alcoholic_beverage_venue > bar > hotel_bar,Food & Drink,reviewed_same_name,hotel_bar,1,4,,FALSE
balloon_port,Business & Professional Services,1,taxonomy,Necessary,Necessary,"{""Necessary"": 0.193, ""Social"": 0.914, ""Optional"": 0.523}",0.193,0.914,0.523,0,FALSE,4,"hanoi,hcmc",FALSE,FALSE,FALSE,travel_and_transportation > air_transport_facility_or_service > airport > balloon_port,Automotive & Transport,reviewed_id_match,balloon_ports,1,4,,FALSE
computer_wholesaler,Business & Professional Services,1,taxonomy,Necessary,Necessary,"{""Necessary"": 0.105, ""Social"": 0.597, ""Optional"": 0.35}",0.105,0.597,0.35,0,FALSE,4,"da_nang,hcmc",FALSE,FALSE,FALSE,services_and_business > b2b_service > wholesaler > computer_wholesaler,Business & Professional Services,reviewed_same_name,computer_wholesaler,1,3,real_estate_service,FALSE
opera_and_ballet,Culture & Arts,1,taxonomy,Social,Social,"{""Necessary"": 0.038, ""Social"": 0.287, ""Optional"": 0.039}",0.038,0.287,0.039,1,TRUE,4,"hanoi,hcmc",FALSE,FALSE,FALSE,arts_and_entertainment > performing_arts_venue > music_venue > opera_and_ballet,Culture & Arts,reviewed_same_name,opera_and_ballet,1,4,,FALSE
costume_museum,Culture & Arts,1,taxonomy,Optional,Optional,"{""Necessary"": 0.015, ""Social"": 0.274, ""Optional"": 0.674}",0.015,0.274,0.674,1,TRUE,4,"hanoi,hcmc",FALSE,FALSE,FALSE,arts_and_entertainment > museum > art_museum > costume_museum,Culture & Arts,reviewed_same_name,costume_museum,1,4,,FALSE
gastroenterology,Healthcare,1,taxonomy,Necessary,Necessary,"{""Necessary"": 0.517, ""Social"": 0.399, ""Optional"": 0.009}",0.517,0.399,0.009,0,FALSE,4,hanoi,FALSE,FALSE,FALSE,health_care > outpatient_care_facility > specialized_health_care > gastroenterology,Healthcare,reviewed_id_match,gastroenterologist,1,4,,FALSE
hungarian_restaurant,Food & Drink,1,taxonomy,Social,Social,"{""Necessary"": 0.014, ""Social"": 0.653, ""Optional"": 0.027}",0.014,0.653,0.027,1,TRUE,4,"hanoi,hcmc",FALSE,FALSE,FALSE,food_and_drink > restaurant > european_restaurant > central_european_restaurant > hungarian_restaurant,Food & Drink,reviewed_same_name,hungarian_restaurant,1,4,,FALSE
heliport,Automotive & Transport,1,taxonomy,Necessary,Necessary,"{""Necessary"": 0.437, ""Social"": 0.182, ""Optional"": 0.075}",0.437,0.182,0.075,0,FALSE,4,"hanoi,hcmc",FALSE,FALSE,FALSE,travel_and_transportation > air_transport_facility_or_service > airport > heliport,Automotive & Transport,reviewed_id_match,heliports,1,4,,FALSE
bingo_hall,Recreation & Sport,1,taxonomy,Social,Social,"{""Necessary"": 0.178, ""Social"": 0.884, ""Optional"": 0.095}",0.178,0.884,0.095,1,TRUE,4,"da_nang,hanoi,hcmc",FALSE,FALSE,FALSE,arts_and_entertainment > gaming_venue > bingo_hall,Recreation & Sport,reviewed_same_name,bingo_hall,1,2,,FALSE
wills_trusts_and_probate,Business & Professional Services,1,taxonomy,Necessary,Necessary,"{""Necessary"": 0.021, ""Social"": 0.39, ""Optional"": 0.013}",0.021,0.39,0.013,0,FALSE,4,"hanoi,hcmc",FALSE,FALSE,FALSE,services_and_business > legal_service > attorney_or_law_firm > wills_trusts_and_probate,Business & Professional Services,reviewed_same_name,wills_trusts_and_probate,1,3,,FALSE
onsen,Beauty & Personal Care,1,taxonomy,Optional,Social|Optional,"{""Necessary"": 0.401, ""Social"": 0.903, ""Optional"": 0.697}",0.848,0.903,0.697,0,FALSE,4,"hanoi,hcmc",FALSE,FALSE,FALSE,lifestyle_services > wellness_service > public_bath_house > onsen,Beauty & Personal Care,reviewed_same_name,onsen,1,3,,FALSE
process_server,Business & Professional Services,1,taxonomy,Necessary,Necessary,"{""Necessary"": 0.221, ""Social"": 0.808, ""Optional"": 0.229}",0.221,0.808,0.229,0,FALSE,4,"hanoi,hcmc",FALSE,FALSE,FALSE,services_and_business > legal_service > process_server,Business & Professional Services,reviewed_id_match,process_servers,1,4,,FALSE
b2b_equipment_maintenance_and_repair,Business & Professional Services,1,taxonomy,Necessary,Necessary,"{""Necessary"": 0.583, ""Social"": 0.206, ""Optional"": 0.001}",0.583,0.206,0.001,0,FALSE,4,"hanoi,hcmc",FALSE,FALSE,FALSE,services_and_business > b2b_service > b2b_industrial_and_machine_service > b2b_equipment_maintenance_and_repair,Business & Professional Services,reviewed_same_name,b2b_equipment_maintenance_and_repair,1,4,,FALSE
bail_bonds_service,Business & Professional Services,1,taxonomy,Necessary,Necessary,"{""Necessary"": 0.534, ""Social"": 0.427, ""Optional"": 0.014}",0.534,0.427,0.014,0,FALSE,4,"hanoi,hcmc",FALSE,FALSE,FALSE,services_and_business > legal_service > bail_bonds_service,Business & Professional Services,reviewed_same_name,bail_bonds_service,1,3,,FALSE
egyptian_restaurant,Food & Drink,1,taxonomy,Social,Social,"{""Necessary"": 0.021, ""Social"": 0.449, ""Optional"": 0.022}",0.021,0.449,0.022,1,TRUE,4,hanoi,FALSE,FALSE,FALSE,food_and_drink > restaurant > african_restaurant > north_african_restaurant > egyptian_restaurant,Food & Drink,reviewed_same_name,egyptian_restaurant,1,4,,FALSE
speech_therapy,Healthcare,1,taxonomy,Necessary,Necessary,"{""Necessary"": 0.043, ""Social"": 0.897, ""Optional"": 0.062}",0.043,0.897,0.062,0,FALSE,4,"hanoi,hcmc",FALSE,FALSE,FALSE,health_care > outpatient_care_facility > physical_medicine_and_rehabilitation > speech_therapy,Healthcare,reviewed_id_match,speech_therapist,1,4,,FALSE
leather_goods_store,Retail & Shopping,0.12,bart,Necessary,Necessary,"{""Necessary"": 0.149, ""Social"": 0.813, ""Optional"": 0.305}",0.736,0.813,0.305,0,FALSE,4,"hanoi,hcmc",FALSE,FALSE,FALSE,shopping > fashion_and_apparel_store > leather_goods_store,Retail & Shopping,reviewed_id_match,leather_goods,1,4,,FALSE
gluten_free_restaurant,Food & Drink,1,taxonomy,Social,Social,"{""Necessary"": 0.004, ""Social"": 0.188, ""Optional"": 0.01}",0.004,0.188,0.01,1,TRUE,4,"hanoi,hcmc",FALSE,FALSE,FALSE,food_and_drink > restaurant > special_diet_restaurant > gluten_free_restaurant,Food & Drink,reviewed_same_name,gluten_free_restaurant,1,4,,FALSE
shades_and_blinds,Home & Garden Services,1,taxonomy,Necessary,Necessary,"{""Necessary"": 0.029, ""Social"": 0.744, ""Optional"": 0.424}",0.029,0.744,0.424,0,FALSE,4,"da_nang,hanoi,hcmc",FALSE,FALSE,FALSE,services_and_business > home_service > shades_and_blinds,Home & Garden Services,reviewed_same_name,shades_and_blinds,1,4,,FALSE
laser_tag,Recreation & Sport,1,taxonomy,Social,Social|Optional,"{""Necessary"": 0.352, ""Social"": 0.916, ""Optional"": 0.722}",0.352,0.916,0.722,0,FALSE,4,"hanoi,hcmc",FALSE,FALSE,FALSE,sports_and_recreation > sport_or_fitness_facility > laser_tag,Recreation & Sport,reviewed_same_name,laser_tag,1,3,,FALSE
paint_store,Retail & Shopping,1,taxonomy,Necessary,Necessary,"{""Necessary"": 0.153, ""Social"": 0.611, ""Optional"": 0.231}",0.736,0.611,0.231,0,FALSE,4,hcmc,FALSE,FALSE,FALSE,shopping > specialty_store > hardware_home_and_garden_store > paint_store,Retail & Shopping,reviewed_same_name,paint_store,1,4,,FALSE
chimney_sweep,Home & Garden Services,1,taxonomy,Necessary,Necessary,"{""Necessary"": 0.381, ""Social"": 0.598, ""Optional"": 0.469}",0.381,0.598,0.469,0,FALSE,4,"hanoi,hcmc",FALSE,FALSE,FALSE,services_and_business > home_service > chimney_service > chimney_sweep,Home & Garden Services,reviewed_same_name,chimney_sweep,1,4,,FALSE
electrical_supply_store,Retail & Shopping,1,taxonomy,Necessary,Necessary,"{""Necessary"": 0.076, ""Social"": 0.047, ""Optional"": 0.007}",0.736,0.047,0.007,0,FALSE,4,"hanoi,hcmc",FALSE,FALSE,FALSE,shopping > specialty_store > hardware_home_and_garden_store > electrical_supply_store,Retail & Shopping,reviewed_same_name,electrical_supply_store,1,4,,FALSE
jet_skis_rental,Business & Professional Services,1,taxonomy,Necessary,Necessary,"{""Necessary"": 0.099, ""Social"": 0.732, ""Optional"": 0.646}",0.099,0.732,0.646,0,FALSE,4,"da_nang,hcmc",FALSE,FALSE,FALSE,sports_and_recreation > recreational_equipment_rental > jet_skis_rental,Recreation & Sport,reviewed_same_name,jet_skis_rental,1,3,,FALSE
emergency_department,Healthcare,1,taxonomy,Necessary,Necessary,"{""Necessary"": 0.301, ""Social"": 0.016, ""Optional"": 0.0}",0.301,0.016,0,0,FALSE,4,"da_nang,hanoi,hcmc",FALSE,FALSE,FALSE,health_care > emergency_or_urgent_care_facility > emergency_department,Healthcare,reviewed_id_match,emergency_room,1,3,hospital,FALSE
architectural_tour,Accommodation & Travel,1,taxonomy,Optional,Optional,"{""Necessary"": 0.016, ""Social"": 0.091, ""Optional"": 0.353}",0.016,0.091,0.353,0,FALSE,4,"da_nang,hanoi,hcmc",FALSE,FALSE,FALSE,travel_and_transportation > travel_service > tour_operator > architectural_tour,Accommodation & Travel,reviewed_id_match,architectural_tours,1,3,,FALSE
textile_museum,Culture & Arts,1,taxonomy,Optional,Optional,"{""Necessary"": 0.018, ""Social"": 0.395, ""Optional"": 0.678}",0.018,0.395,0.678,1,TRUE,4,"hanoi,hcmc",FALSE,FALSE,FALSE,arts_and_entertainment > museum > art_museum > textile_museum,Culture & Arts,reviewed_same_name,textile_museum,1,4,,FALSE
petting_zoo,Recreation & Sport,1,taxonomy,Social,Social,"{""Necessary"": 0.016, ""Social"": 0.721, ""Optional"": 0.207}",0.016,0.721,0.207,1,TRUE,4,"hanoi,hcmc",FALSE,FALSE,FALSE,arts_and_entertainment > animal_attraction > zoo > petting_zoo,Recreation & Sport,reviewed_same_name,petting_zoo,1,4,,FALSE
tiki_bar,Food & Drink,1,taxonomy,Social,Social,"{""Necessary"": 0.031, ""Social"": 0.909, ""Optional"": 0.198}",0.031,0.909,0.198,1,TRUE,3,hanoi,FALSE,FALSE,FALSE,food_and_drink > alcoholic_beverage_venue > bar > tiki_bar,Food & Drink,reviewed_same_name,tiki_bar,1,3,,FALSE
guatemalan_restaurant,Food & Drink,1,taxonomy,Social,Social,"{""Necessary"": 0.021, ""Social"": 0.387, ""Optional"": 0.023}",0.021,0.387,0.023,1,TRUE,3,"hanoi,hcmc",FALSE,FALSE,FALSE,food_and_drink > restaurant > latin_american_restaurant > central_american_restaurant > guatemalan_restaurant,Food & Drink,reviewed_same_name,guatemalan_restaurant,1,2,,FALSE
shredding_service,Business & Professional Services,1,taxonomy,Necessary,Necessary,"{""Necessary"": 0.59, ""Social"": 0.416, ""Optional"": 0.136}",0.59,0.416,0.136,0,FALSE,3,"can_tho,hanoi",FALSE,FALSE,FALSE,services_and_business > professional_service > shredding_service,Business & Professional Services,reviewed_id_match,shredding_services,1,3,,FALSE
ice_supplier,Business & Professional Services,1,taxonomy,Necessary,Necessary,"{""Necessary"": 0.328, ""Social"": 0.926, ""Optional"": 0.759}",0.328,0.926,0.759,0,FALSE,3,hcmc,FALSE,FALSE,FALSE,services_and_business > b2b_service > supplier_or_distributor > ice_supplier,Business & Professional Services,reviewed_same_name,ice_supplier,1,3,,FALSE
cricket_ground,Recreation & Sport,1,taxonomy,Social,Social|Optional,"{""Necessary"": 0.193, ""Social"": 0.957, ""Optional"": 0.539}",0.193,0.957,0.539,0,FALSE,3,"hanoi,hcmc",FALSE,FALSE,FALSE,arts_and_entertainment > stadium_arena > stadium > cricket_ground,Recreation & Sport,reviewed_same_name,cricket_ground,1,3,,FALSE
coworking_space,Business & Professional Services,1,taxonomy,Necessary,Necessary,"{""Necessary"": 0.523, ""Social"": 0.034, ""Optional"": 0.001}",0.523,0.034,0.001,0,FALSE,3,"da_nang,hanoi,hcmc",FALSE,FALSE,FALSE,services_and_business > professional_service > coworking_space,Business & Professional Services,reviewed_same_name,coworking_space,1,3,,FALSE
squash_court,Recreation & Sport,1,taxonomy,Social,Social,"{""Necessary"": 0.111, ""Social"": 0.942, ""Optional"": 0.369}",0.111,0.942,0.369,0,FALSE,3,"da_nang,hcmc",FALSE,FALSE,FALSE,sports_and_recreation > sport_or_fitness_facility > sport_court > squash_court,Recreation & Sport,reviewed_same_name,squash_court,1,2,,FALSE
texmex_restaurant,Food & Drink,1,taxonomy,Social,Social,"{""Necessary"": 0.023, ""Social"": 0.483, ""Optional"": 0.031}",0.023,0.483,0.031,1,TRUE,3,"hanoi,hcmc",FALSE,FALSE,FALSE,food_and_drink > restaurant > latin_american_restaurant > texmex_restaurant,Food & Drink,reviewed_same_name,texmex_restaurant,1,3,,FALSE
soul_food,Food & Drink,1,taxonomy,Social,Social,"{""Necessary"": 0.144, ""Social"": 0.948, ""Optional"": 0.155}",0.144,0.948,0.155,1,TRUE,3,"hanoi,hcmc",FALSE,FALSE,FALSE,food_and_drink > restaurant > soul_food,Food & Drink,reviewed_same_name,soul_food,1,3,,FALSE
b2b_scientific_equipment,Business & Professional Services,1,taxonomy,Necessary,Necessary,"{""Necessary"": 0.428, ""Social"": 0.029, ""Optional"": 0.002}",0.428,0.029,0.002,0,FALSE,3,hcmc,FALSE,FALSE,FALSE,services_and_business > b2b_service > b2b_science_and_technology_service > b2b_scientific_equipment,Business & Professional Services,reviewed_same_name,b2b_scientific_equipment,1,3,,FALSE
skate_park,Recreation & Sport,1,taxonomy,Social,Social|Optional,"{""Necessary"": 0.105, ""Social"": 0.977, ""Optional"": 0.88}",0.105,0.977,0.88,1,TRUE,3,"can_tho,hanoi,hcmc",FALSE,FALSE,FALSE,sports_and_recreation > sport_or_fitness_facility > skate_park,Recreation & Sport,reviewed_same_name,skate_park,1,3,,FALSE
courier_and_delivery_service,Business & Professional Services,1,taxonomy,Necessary,Necessary,"{""Necessary"": 0.47, ""Social"": 0.353, ""Optional"": 0.018}",0.47,0.353,0.018,0,FALSE,3,"hanoi,hcmc",FALSE,FALSE,FALSE,services_and_business > shipping_or_delivery_service > courier_and_delivery_service,Automotive & Transport,reviewed_id_match,courier_and_delivery_services,1,2,,FALSE
lighthouse,Culture & Arts,1,taxonomy,Social,Social,"{""Necessary"": 0.136, ""Social"": 0.732, ""Optional"": 0.297}",0.136,0.732,0.297,1,TRUE,3,"da_nang,hcmc",FALSE,FALSE,FALSE,cultural_and_historic > historic_site > lighthouse,Culture & Arts,reviewed_same_name,lighthouse,1,3,,FALSE
snorkeling,Recreation & Sport,1,taxonomy,Social,Social|Optional,"{""Necessary"": 0.037, ""Social"": 0.75, ""Optional"": 0.583}",0.037,0.75,0.583,0,FALSE,3,"da_nang,hanoi",FALSE,FALSE,FALSE,sports_and_recreation > sport_or_fitness_facility > water_sport > snorkeling,Recreation & Sport,reviewed_same_name,snorkeling,1,3,,FALSE
tattoo,Beauty & Personal Care,1,taxonomy,Optional,Social|Optional,"{""Necessary"": 0.033, ""Social"": 0.692, ""Optional"": 0.131}",0.848,0.692,0.131,0,FALSE,3,hanoi,FALSE,FALSE,FALSE,lifestyle_services > personal_or_beauty_service > body_modification > tattoo_and_piercing > tattoo,Beauty & Personal Care,reviewed_same_name,tattoo,1,3,,FALSE
research_institute,Education,1,taxonomy,Necessary,Necessary,"{""Necessary"": 0.031, ""Social"": 0.689, ""Optional"": 0.042}",0.031,0.689,0.042,0,FALSE,3,"hanoi,hcmc",FALSE,FALSE,FALSE,education > research_institute,Education,reviewed_same_name,research_institute,1,3,,FALSE
aircraft_service,Automotive & Transport,1,taxonomy,Necessary,Necessary,"{""Necessary"": 0.071, ""Social"": 0.554, ""Optional"": 0.026}",0.071,0.554,0.026,0,FALSE,3,"hanoi,hcmc",FALSE,FALSE,FALSE,travel_and_transportation > vehicle_service > aircraft_service,Automotive & Transport,reviewed_id_match,aircraft_repair,1,3,,FALSE
glass_blowing_venue,Accommodation & Travel,0.131,bart,Social,Social|Optional,"{""Necessary"": 0.176, ""Social"": 0.833, ""Optional"": 0.502}",0.176,0.833,0.502,0,FALSE,3,hanoi,FALSE,FALSE,FALSE,arts_and_entertainment > arts_and_crafts_space > glass_blowing_venue,Culture & Arts,reviewed_id_match,glass_blowing,1,3,,FALSE
science_museum,Culture & Arts,1,taxonomy,Optional,Optional,"{""Necessary"": 0.011, ""Social"": 0.02, ""Optional"": 0.445}",0.011,0.02,0.445,1,TRUE,3,"hanoi,hcmc",FALSE,FALSE,FALSE,arts_and_entertainment > museum > science_museum,Culture & Arts,reviewed_same_name,science_museum,1,3,,FALSE
basketball_stadium,Recreation & Sport,1,taxonomy,Optional,Optional,"{""Necessary"": 0.05, ""Social"": 0.004, ""Optional"": 0.484}",0.05,0.004,0.484,0,FALSE,3,"hanoi,hcmc",FALSE,FALSE,FALSE,arts_and_entertainment > stadium_arena > stadium > basketball_stadium,Recreation & Sport,reviewed_same_name,basketball_stadium,1,2,,FALSE
security_service,Business & Professional Services,1,taxonomy,Necessary,Necessary,"{""Necessary"": 0.077, ""Social"": 0.554, ""Optional"": 0.046}",0.077,0.554,0.046,0,FALSE,3,"hanoi,hcmc",FALSE,FALSE,FALSE,services_and_business > security_service,Business & Professional Services,reviewed_id_match,security_services,1,3,,FALSE
afghani_restaurant,Food & Drink,0.497,bart,Social,Social,"{""Necessary"": 0.011, ""Social"": 0.426, ""Optional"": 0.024}",0.011,0.426,0.024,1,TRUE,3,"hanoi,hcmc",FALSE,FALSE,FALSE,food_and_drink > restaurant > asian_restaurant > central_asian_restaurant > afghani_restaurant,Food & Drink,reviewed_id_match,afghan_restaurant,1,3,,FALSE
beer_wine_spirits_store,Food & Drink,0.272,bart,Social,Social,"{""Necessary"": 0.017, ""Social"": 0.832, ""Optional"": 0.058}",0.017,0.832,0.058,0,FALSE,3,"hanoi,hcmc",FALSE,FALSE,FALSE,shopping > food_and_beverage_store > beer_wine_spirits_store,Daily Needs & Grocery,reviewed_id_match,beer_wine_and_spirits,1,3,,FALSE
web_hosting_service,Business & Professional Services,1,taxonomy,Necessary,Necessary,"{""Necessary"": 0.08, ""Social"": 0.711, ""Optional"": 0.142}",0.08,0.711,0.142,0,FALSE,3,"hanoi,hcmc",FALSE,FALSE,FALSE,services_and_business > technical_service > internet_service_provider > web_hosting_service,Business & Professional Services,reviewed_same_name,web_hosting_service,1,3,,FALSE
choir,Culture & Arts,1,taxonomy,Social,Social,"{""Necessary"": 0.176, ""Social"": 0.877, ""Optional"": 0.368}",0.176,0.877,0.368,1,TRUE,3,hcmc,FALSE,FALSE,FALSE,arts_and_entertainment > performing_arts_venue > music_venue > choir,Culture & Arts,reviewed_same_name,choir,1,2,,FALSE
nanny_service,Education,1,taxonomy,Necessary,Necessary,"{""Necessary"": 0.703, ""Social"": 0.66, ""Optional"": 0.004}",0.703,0.66,0.004,0,FALSE,3,"hanoi,hcmc",FALSE,FALSE,FALSE,services_and_business > family_service > nanny_service,Community & Religion,reviewed_id_match,education,0.5,2,nanny_services,FALSE
school_sport_league,Recreation & Sport,1,taxonomy,Optional,Optional,"{""Necessary"": 0.013, ""Social"": 0.468, ""Optional"": 0.531}",0.013,0.468,0.531,0,FALSE,3,hcmc,FALSE,FALSE,FALSE,sports_and_recreation > sport_league > school_sport_league,Recreation & Sport,reviewed_id_match,school_sports_league,1,3,,FALSE
forest,Recreation & Sport,1,taxonomy,Social,Social|Optional,"{""Necessary"": 0.176, ""Social"": 0.848, ""Optional"": 0.613}",0.176,0.848,0.613,1,TRUE,3,"hanoi,hcmc",FALSE,FALSE,FALSE,geographic_entities > land_feature > forest,Recreation & Sport,reviewed_same_name,forest,1,3,,FALSE
weather_station,Business & Professional Services,1,taxonomy,Necessary,Necessary,"{""Necessary"": 0.119, ""Social"": 0.805, ""Optional"": 0.443}",0.119,0.805,0.443,0,FALSE,3,"da_nang,hanoi,hcmc",FALSE,FALSE,FALSE,services_and_business > media_service > weather_station,Business & Professional Services,reviewed_same_name,weather_station,1,3,,FALSE
herb_and_spice_store,Retail & Shopping,0.096,bart,Necessary,Necessary,"{""Necessary"": 0.055, ""Social"": 0.485, ""Optional"": 0.019}",0.736,0.485,0.019,0,FALSE,3,hanoi,FALSE,FALSE,FALSE,shopping > food_and_beverage_store > herb_and_spice_store,Daily Needs & Grocery,reviewed_id_match,herb_and_spice_shop,1,3,,FALSE
product_design,Business & Professional Services,1,taxonomy,Necessary,Necessary,"{""Necessary"": 0.271, ""Social"": 0.913, ""Optional"": 0.516}",0.271,0.913,0.516,0,FALSE,3,hcmc,FALSE,FALSE,FALSE,services_and_business > design_service > product_design,Business & Professional Services,reviewed_same_name,product_design,1,3,,FALSE
mechanical_engineer,Business & Professional Services,1,taxonomy,Necessary,Necessary,"{""Necessary"": 0.108, ""Social"": 0.352, ""Optional"": 0.05}",0.108,0.352,0.05,0,FALSE,3,"hanoi,hcmc",FALSE,FALSE,FALSE,services_and_business > building_or_construction_service > mechanical_engineer,Home & Garden Services,reviewed_id_match,mechanical_engineers,1,3,,FALSE
proctology,Healthcare,1,taxonomy,Necessary,Necessary,"{""Necessary"": 0.021, ""Social"": 0.546, ""Optional"": 0.034}",0.021,0.546,0.034,0,FALSE,3,"da_nang,hanoi",FALSE,FALSE,FALSE,health_care > outpatient_care_facility > specialized_health_care > gastroenterology > proctology,Healthcare,reviewed_id_match,proctologist,1,2,,FALSE
place_of_worship,Community & Religion,0.704,bart,Optional,Social|Optional,"{""Necessary"": 0.015, ""Social"": 0.063, ""Optional"": 0.102}",0.015,0.063,0.102,1,TRUE,3,"hanoi,hcmc",FALSE,FALSE,FALSE,cultural_and_historic > place_of_worship,Community & Religion,reviewed_id_match,temple,1,3,,FALSE
packing_service,Business & Professional Services,1,taxonomy,Necessary,Necessary,"{""Necessary"": 0.713, ""Social"": 0.421, ""Optional"": 0.515}",0.713,0.421,0.515,0,FALSE,3,hcmc,FALSE,FALSE,FALSE,services_and_business > home_service > packing_service,Home & Garden Services,reviewed_id_match,packing_services,1,3,,FALSE
mobile_phone_accessory_store,Retail & Shopping,0.324,bart,Necessary,Necessary,"{""Necessary"": 0.448, ""Social"": 0.91, ""Optional"": 0.556}",0.736,0.91,0.556,0,FALSE,3,"da_nang,hcmc",FALSE,FALSE,FALSE,shopping > specialty_store > electronics_store > mobile_phone_accessory_store,Retail & Shopping,reviewed_id_match,mobile_phone_accessories,1,3,,FALSE
exhibition_and_trade_fair_venue,Culture & Arts,0.544,bart,Necessary,Necessary,"{""Necessary"": 0.027, ""Social"": 0.005, ""Optional"": 0.004}",0.027,0.005,0.004,0,FALSE,3,"hanoi,hcmc",FALSE,FALSE,FALSE,arts_and_entertainment > event_venue > exhibition_and_trade_fair_venue,Culture & Arts,reviewed_id_match,exhibition_and_trade_center,1,3,,FALSE
tai_chi_studio,Recreation & Sport,1,taxonomy,Social,Social,"{""Necessary"": 0.062, ""Social"": 0.908, ""Optional"": 0.296}",0.062,0.908,0.296,0,FALSE,3,"hanoi,hcmc",FALSE,FALSE,FALSE,sports_and_recreation > sport_or_fitness_facility > fitness_studio > tai_chi_studio,Recreation & Sport,reviewed_same_name,tai_chi_studio,1,3,,FALSE
translation_service,Business & Professional Services,1,taxonomy,Necessary,Necessary,"{""Necessary"": 0.198, ""Social"": 0.911, ""Optional"": 0.482}",0.198,0.911,0.482,0,FALSE,3,"hanoi,hcmc",FALSE,FALSE,FALSE,services_and_business > professional_service > translation_service,Business & Professional Services,reviewed_id_match,translation_services,1,3,,FALSE
b2b_food_products,Business & Professional Services,1,taxonomy,Necessary,Necessary,"{""Necessary"": 0.223, ""Social"": 0.839, ""Optional"": 0.146}",0.223,0.839,0.146,0,FALSE,3,"hanoi,hcmc",FALSE,FALSE,FALSE,services_and_business > b2b_service > b2b_agriculture_service > b2b_food_products,Business & Professional Services,reviewed_same_name,b2b_food_products,1,3,,FALSE
argentine_restaurant,Food & Drink,1,taxonomy,Social,Social,"{""Necessary"": 0.017, ""Social"": 0.329, ""Optional"": 0.045}",0.017,0.329,0.045,1,TRUE,3,"hanoi,hcmc",FALSE,FALSE,FALSE,food_and_drink > restaurant > latin_american_restaurant > south_american_restaurant > argentine_restaurant,Food & Drink,reviewed_same_name,argentine_restaurant,1,1,,FALSE
emissions_inspection,Civic & Government,1,taxonomy,Necessary,Necessary,"{""Necessary"": 0.106, ""Social"": 0.696, ""Optional"": 0.038}",0.106,0.696,0.038,0,FALSE,3,"hanoi,hcmc",FALSE,FALSE,FALSE,travel_and_transportation > vehicle_service > automotive_service > emissions_inspection,Automotive & Transport,reviewed_same_name,emissions_inspection,1,3,,FALSE
home_inspector,Home & Garden Services,1,taxonomy,Necessary,Necessary,"{""Necessary"": 0.166, ""Social"": 0.879, ""Optional"": 0.597}",0.166,0.879,0.597,0,FALSE,3,"da_nang,hanoi,hcmc",FALSE,FALSE,FALSE,services_and_business > home_service > home_inspector,Home & Garden Services,reviewed_same_name,home_inspector,1,3,,FALSE
escrow_service,Business & Professional Services,1,taxonomy,Necessary,Necessary,"{""Necessary"": 0.15, ""Social"": 0.845, ""Optional"": 0.377}",0.15,0.845,0.377,0,FALSE,3,"can_tho,hanoi,hcmc",FALSE,FALSE,FALSE,services_and_business > real_estate_service > escrow_service,Business & Professional Services,reviewed_id_match,escrow_services,1,3,,FALSE
public_transit_facility_or_service,Automotive & Transport,0.346,bart,Necessary,Necessary,"{""Necessary"": 0.811, ""Social"": 0.702, ""Optional"": 0.034}",0.811,0.702,0.034,0,FALSE,3,"hanoi,hcmc",FALSE,FALSE,FALSE,travel_and_transportation > ground_transport_facility_or_service > public_transit_facility_or_service,Automotive & Transport,reviewed_id_match,public_transportation,1,3,,FALSE
horse_boarding,Pet Services,1,taxonomy,Necessary,Necessary,"{""Necessary"": 0.149, ""Social"": 0.734, ""Optional"": 0.682}",0.149,0.734,0.682,0,FALSE,3,hanoi,FALSE,FALSE,FALSE,lifestyle_services > animal_or_pet_service > equine_service > horse_boarding,Pet Services,reviewed_same_name,horse_boarding,1,3,,FALSE
farm_equipment_and_supply,Business & Professional Services,1,taxonomy,Necessary,Necessary,"{""Necessary"": 0.407, ""Social"": 0.072, ""Optional"": 0.001}",0.407,0.072,0.001,0,FALSE,3,hcmc,FALSE,FALSE,FALSE,services_and_business > b2b_service > b2b_agriculture_service > b2b_farming > farm_equipment_and_supply,Business & Professional Services,reviewed_same_name,farm_equipment_and_supply,1,3,,FALSE
nursing_school,Education,1,taxonomy,Necessary,Necessary,"{""Necessary"": 0.409, ""Social"": 0.372, ""Optional"": 0.001}",0.409,0.372,0.001,0,FALSE,3,"hanoi,hcmc",FALSE,FALSE,FALSE,education > place_of_learning > specialty_school > nursing_school,Education,reviewed_same_name,nursing_school,1,2,,FALSE
asian_art_museum,Culture & Arts,1,taxonomy,Optional,Optional,"{""Necessary"": 0.011, ""Social"": 0.215, ""Optional"": 0.627}",0.011,0.215,0.627,1,TRUE,3,"hanoi,hcmc",FALSE,FALSE,FALSE,arts_and_entertainment > museum > art_museum > asian_art_museum,Culture & Arts,reviewed_same_name,asian_art_museum,1,3,,FALSE
paving_contractor,Home & Garden Services,1,taxonomy,Necessary,Necessary,"{""Necessary"": 0.201, ""Social"": 0.444, ""Optional"": 0.149}",0.201,0.444,0.149,0,FALSE,3,"da_nang,hcmc",FALSE,FALSE,FALSE,services_and_business > home_service > contractor > paving_contractor,Home & Garden Services,reviewed_same_name,paving_contractor,1,3,,FALSE
atv_recreation_park,Recreation & Sport,1,taxonomy,Social,Social|Optional,"{""Necessary"": 0.03, ""Social"": 0.986, ""Optional"": 0.864}",0.03,0.986,0.864,1,TRUE,3,"da_nang,hcmc",FALSE,FALSE,FALSE,sports_and_recreation > sport_or_fitness_facility > atv_recreation_park,Recreation & Sport,reviewed_same_name,atv_recreation_park,1,3,,FALSE
apartment,Accommodation & Travel,1,taxonomy,Social,Social,"{""Necessary"": 0.141, ""Social"": 0.366, ""Optional"": 0.169}",0.141,0.366,0.169,0,FALSE,3,hcmc,FALSE,FALSE,FALSE,services_and_business > housing_or_property_service > apartment,Business & Professional Services,reviewed_id_match,apartments,1,3,,FALSE
food_and_beverage_consultant,Business & Professional Services,1,taxonomy,Necessary,Necessary,"{""Necessary"": 0.093, ""Social"": 0.712, ""Optional"": 0.027}",0.093,0.712,0.027,0,FALSE,3,da_nang,FALSE,FALSE,FALSE,services_and_business > professional_service > food_and_beverage_consultant,Business & Professional Services,reviewed_same_name,food_and_beverage_consultant,1,3,,FALSE
woodworking_supply_store,Retail & Shopping,1,taxonomy,Necessary,Necessary,"{""Necessary"": 0.011, ""Social"": 0.188, ""Optional"": 0.006}",0.736,0.188,0.006,0,FALSE,2,hcmc,FALSE,FALSE,FALSE,shopping > specialty_store > hardware_home_and_garden_store > woodworking_supply_store,Retail & Shopping,reviewed_same_name,woodworking_supply_store,1,2,,FALSE
sri_lankan_restaurant,Food & Drink,1,taxonomy,Social,Social,"{""Necessary"": 0.017, ""Social"": 0.218, ""Optional"": 0.009}",0.017,0.218,0.009,1,TRUE,2,"hanoi,hcmc",FALSE,FALSE,FALSE,food_and_drink > restaurant > asian_restaurant > south_asian_restaurant > sri_lankan_restaurant,Food & Drink,reviewed_same_name,sri_lankan_restaurant,1,2,,FALSE
feng_shui,Home & Garden Services,1,taxonomy,Necessary,Necessary,"{""Necessary"": 0.124, ""Social"": 0.917, ""Optional"": 0.538}",0.124,0.917,0.538,0,FALSE,2,da_nang,FALSE,FALSE,FALSE,services_and_business > home_service > feng_shui,Home & Garden Services,reviewed_same_name,feng_shui,1,2,,FALSE
shaved_ice_shop,Food & Drink,1,taxonomy,Social,Social,"{""Necessary"": 0.045, ""Social"": 0.695, ""Optional"": 0.098}",0.045,0.695,0.098,0,FALSE,2,"hanoi,hcmc",FALSE,FALSE,FALSE,food_and_drink > casual_eatery > dessert_shop > shaved_ice_shop,Food & Drink,reviewed_same_name,shaved_ice_shop,1,2,,FALSE
honduran_restaurant,Food & Drink,1,taxonomy,Social,Social,"{""Necessary"": 0.02, ""Social"": 0.448, ""Optional"": 0.03}",0.02,0.448,0.03,1,TRUE,2,"hanoi,hcmc",FALSE,FALSE,FALSE,food_and_drink > restaurant > latin_american_restaurant > central_american_restaurant > honduran_restaurant,Food & Drink,reviewed_same_name,honduran_restaurant,1,2,,FALSE
planetarium,Culture & Arts,1,taxonomy,Social,Social,"{""Necessary"": 0.012, ""Social"": 0.256, ""Optional"": 0.087}",0.012,0.256,0.087,1,TRUE,2,"hanoi,hcmc",FALSE,FALSE,FALSE,arts_and_entertainment > science_attraction > planetarium,Culture & Arts,reviewed_same_name,planetarium,1,2,,FALSE
child_care_and_day_care,Education,1,taxonomy,Necessary,Necessary,"{""Necessary"": 0.129, ""Social"": 0.046, ""Optional"": 0.002}",0.129,0.046,0.002,0,FALSE,2,"da_nang,hcmc",FALSE,FALSE,FALSE,services_and_business > family_service > child_care_and_day_care,Community & Religion,reviewed_same_name,child_care_and_day_care,1,2,,FALSE
emergency_pet_hospital,Pet Services,1,taxonomy,Necessary,Necessary,"{""Necessary"": 0.205, ""Social"": 0.047, ""Optional"": 0.0}",0.205,0.047,0,0,FALSE,2,"hanoi,hcmc",FALSE,FALSE,FALSE,lifestyle_services > animal_or_pet_service > veterinary_care > emergency_pet_hospital,Pet Services,reviewed_same_name,emergency_pet_hospital,1,2,,FALSE
health_and_wellness_club,Beauty & Personal Care,1,taxonomy,Optional,Social|Optional,"{""Necessary"": 0.171, ""Social"": 0.656, ""Optional"": 0.014}",0.848,0.656,0.014,0,FALSE,2,"hanoi,pleiku",FALSE,FALSE,FALSE,lifestyle_services > wellness_service > health_and_wellness_club,Beauty & Personal Care,reviewed_same_name,health_and_wellness_club,0.5,2,gym,FALSE
textile_mill,Agriculture & Industry,1,taxonomy,Necessary,Necessary,"{""Necessary"": 0.161, ""Social"": 0.815, ""Optional"": 0.339}",0.161,0.815,0.339,0,FALSE,2,hcmc,FALSE,FALSE,FALSE,services_and_business > b2b_service > manufacturer > mill > textile_mill,Business & Professional Services,reviewed_same_name,textile_mill,1,2,,FALSE
food_safety_training,Education,1,taxonomy,Necessary,Necessary,"{""Necessary"": 0.309, ""Social"": 0.032, ""Optional"": 0.0}",0.309,0.032,0,0,FALSE,2,hcmc,FALSE,FALSE,FALSE,education > place_of_learning > specialty_school > food_safety_training,Education,reviewed_same_name,food_safety_training,1,1,,FALSE
ukrainian_restaurant,Food & Drink,1,taxonomy,Social,Social,"{""Necessary"": 0.019, ""Social"": 0.495, ""Optional"": 0.055}",0.019,0.495,0.055,1,TRUE,2,hanoi,FALSE,FALSE,FALSE,food_and_drink > restaurant > european_restaurant > eastern_european_restaurant > ukrainian_restaurant,Food & Drink,reviewed_same_name,ukrainian_restaurant,1,2,,FALSE
photography_service,Business & Professional Services,1,taxonomy,Necessary,Necessary,"{""Necessary"": 0.298, ""Social"": 0.932, ""Optional"": 0.641}",0.298,0.932,0.641,0,FALSE,2,hanoi,FALSE,FALSE,FALSE,services_and_business > media_service > photography_service,Business & Professional Services,reviewed_id_match,photographer,1,2,,FALSE
knitting_supply_store,Retail & Shopping,0.277,bart,Necessary,Necessary,"{""Necessary"": 0.197, ""Social"": 0.904, ""Optional"": 0.195}",0.736,0.904,0.195,0,FALSE,2,"can_tho,hcmc",FALSE,FALSE,FALSE,shopping > specialty_store > arts_crafts_and_hobby_store > craft_store > knitting_supply_store,Retail & Shopping,reviewed_id_match,knitting_supply,1,1,,FALSE
hearing_aid_store,Healthcare,0.227,bart,Necessary,Necessary,"{""Necessary"": 0.839, ""Social"": 0.742, ""Optional"": 0.077}",0.839,0.742,0.077,0,FALSE,2,hcmc,FALSE,FALSE,FALSE,shopping > specialty_store > medical_supply_store > hearing_aid_store,Retail & Shopping,reviewed_id_match,hearing_aid_provider,1,2,,FALSE
speakeasy,Food & Drink,1,taxonomy,Social,Social,"{""Necessary"": 0.001, ""Social"": 0.722, ""Optional"": 0.013}",0.001,0.722,0.013,1,TRUE,2,hcmc,FALSE,FALSE,FALSE,food_and_drink > alcoholic_beverage_venue > bar > speakeasy,Food & Drink,reviewed_same_name,speakeasy,1,2,,FALSE
aluminum_supplier,Business & Professional Services,1,taxonomy,Necessary,Necessary,"{""Necessary"": 0.146, ""Social"": 0.8, ""Optional"": 0.446}",0.146,0.8,0.446,0,FALSE,2,hcmc,FALSE,FALSE,FALSE,services_and_business > b2b_service > supplier_or_distributor > aluminum_supplier,Business & Professional Services,reviewed_same_name,aluminum_supplier,1,2,,FALSE
adoption_service,Community & Religion,1,taxonomy,Necessary,Necessary,"{""Necessary"": 0.054, ""Social"": 0.867, ""Optional"": 0.106}",0.054,0.867,0.106,0,FALSE,2,"hanoi,hcmc",FALSE,FALSE,FALSE,services_and_business > family_service > adoption_service,Community & Religion,reviewed_id_match,adoption_services,1,1,,FALSE
patisserie_cake_shop,Daily Needs & Grocery,1,taxonomy,Necessary,Necessary,"{""Necessary"": 0.022, ""Social"": 0.859, ""Optional"": 0.012}",0.022,0.859,0.012,0,FALSE,2,hcmc,FALSE,FALSE,FALSE,shopping > food_and_beverage_store > patisserie_cake_shop,Daily Needs & Grocery,reviewed_same_name,patisserie_cake_shop,1,2,,FALSE
frozen_foods_store,Daily Needs & Grocery,0.164,bart,Necessary,Necessary,"{""Necessary"": 0.639, ""Social"": 0.34, ""Optional"": 0.101}",0.639,0.34,0.101,0,FALSE,2,"hanoi,hcmc",FALSE,FALSE,FALSE,shopping > food_and_beverage_store > specialty_foods_store > frozen_foods_store,Daily Needs & Grocery,reviewed_id_match,frozen_foods,1,2,,FALSE
taxidermist,Business & Professional Services,1,taxonomy,Necessary,Necessary,"{""Necessary"": 0.407, ""Social"": 0.164, ""Optional"": 0.022}",0.407,0.164,0.022,0,FALSE,2,hanoi,FALSE,FALSE,FALSE,services_and_business > technical_service > taxidermist,Business & Professional Services,reviewed_same_name,taxidermist,1,2,,FALSE
bankruptcy_law,Business & Professional Services,1,taxonomy,Necessary,Necessary,"{""Necessary"": 0.021, ""Social"": 0.622, ""Optional"": 0.124}",0.021,0.622,0.124,0,FALSE,2,"hanoi,hcmc",FALSE,FALSE,FALSE,services_and_business > legal_service > attorney_or_law_firm > bankruptcy_law,Business & Professional Services,reviewed_same_name,bankruptcy_law,1,2,,FALSE
adult_education_center,Education,1,taxonomy,Necessary,Necessary,"{""Necessary"": 0.039, ""Social"": 0.865, ""Optional"": 0.106}",0.039,0.865,0.106,0,FALSE,2,hcmc,FALSE,FALSE,FALSE,education > place_of_learning > adult_education_center,Education,reviewed_id_match,adult_education,1,2,,FALSE
altering_and_remodeling_contractor,Home & Garden Services,1,taxonomy,Necessary,Necessary,"{""Necessary"": 0.32, ""Social"": 0.09, ""Optional"": 0.004}",0.32,0.09,0.004,0,FALSE,2,"hanoi,hcmc",FALSE,FALSE,FALSE,services_and_business > home_service > contractor > altering_and_remodeling_contractor,Home & Garden Services,reviewed_same_name,altering_and_remodeling_contractor,1,2,,FALSE
peruvian_restaurant,Food & Drink,1,taxonomy,Social,Social,"{""Necessary"": 0.02, ""Social"": 0.435, ""Optional"": 0.016}",0.02,0.435,0.016,1,TRUE,2,hcmc,FALSE,FALSE,FALSE,food_and_drink > restaurant > latin_american_restaurant > south_american_restaurant > peruvian_restaurant,Food & Drink,reviewed_same_name,peruvian_restaurant,1,2,,FALSE
exporter,Business & Professional Services,1,taxonomy,Necessary,Necessary,"{""Necessary"": 0.282, ""Social"": 0.885, ""Optional"": 0.646}",0.282,0.885,0.646,0,FALSE,2,hanoi,FALSE,FALSE,FALSE,services_and_business > b2b_service > supplier_or_distributor > import_export_service > exporter,Business & Professional Services,reviewed_id_match,exporters,1,2,,FALSE
medical_transportation,Healthcare,1,taxonomy,Necessary,Necessary,"{""Necessary"": 0.811, ""Social"": 0.116, ""Optional"": 0.001}",0.811,0.116,0.001,0,FALSE,2,hcmc,FALSE,FALSE,FALSE,health_care > medical_service > medical_transportation,Healthcare,reviewed_same_name,medical_transportation,1,2,,FALSE
polynesian_restaurant,Food & Drink,1,taxonomy,Social,Social,"{""Necessary"": 0.015, ""Social"": 0.606, ""Optional"": 0.03}",0.015,0.606,0.03,1,TRUE,2,"hanoi,hcmc",FALSE,FALSE,FALSE,food_and_drink > restaurant > pacific_rim_restaurant > polynesian_restaurant,Food & Drink,reviewed_same_name,polynesian_restaurant,1,2,,FALSE
sports_museum,Culture & Arts,1,taxonomy,Optional,Optional,"{""Necessary"": 0.006, ""Social"": 0.12, ""Optional"": 0.854}",0.006,0.12,0.854,1,TRUE,2,"hanoi,hcmc",FALSE,FALSE,FALSE,arts_and_entertainment > museum > sports_museum,Culture & Arts,reviewed_same_name,sports_museum,1,1,,FALSE
baby_gear_and_nursery_store,Retail & Shopping,0.151,bart,Necessary,Necessary,"{""Necessary"": 0.032, ""Social"": 0.744, ""Optional"": 0.202}",0.736,0.744,0.202,0,FALSE,2,"can_tho,da_nang",FALSE,FALSE,FALSE,shopping > fashion_and_apparel_store > baby_gear_and_nursery_store,Retail & Shopping,reviewed_id_match,baby_gear_and_furniture,1,2,,FALSE
junk_removal_and_hauling,Home & Garden Services,1,taxonomy,Necessary,Necessary,"{""Necessary"": 0.057, ""Social"": 0.019, ""Optional"": 0.005}",0.057,0.019,0.005,0,FALSE,2,hcmc,FALSE,FALSE,FALSE,services_and_business > home_service > junk_removal_and_hauling,Home & Garden Services,reviewed_same_name,junk_removal_and_hauling,1,2,,FALSE
seafood_wholesaler,Business & Professional Services,1,taxonomy,Necessary,Necessary,"{""Necessary"": 0.529, ""Social"": 0.412, ""Optional"": 0.04}",0.529,0.412,0.04,0,FALSE,2,"can_tho,hcmc",FALSE,FALSE,FALSE,services_and_business > b2b_service > wholesaler > seafood_wholesaler,Business & Professional Services,reviewed_same_name,seafood_wholesaler,1,2,,FALSE
first_aid_class,Education,1,taxonomy,Necessary,Necessary,"{""Necessary"": 0.052, ""Social"": 0.766, ""Optional"": 0.108}",0.052,0.766,0.108,0,FALSE,2,"da_nang,hcmc",FALSE,FALSE,FALSE,education > place_of_learning > specialty_school > first_aid_class,Education,reviewed_same_name,first_aid_class,1,2,,FALSE
food_court,Food & Drink,1,taxonomy,Social,Social,"{""Necessary"": 0.147, ""Social"": 0.931, ""Optional"": 0.005}",0.147,0.931,0.005,1,TRUE,2,"hanoi,hcmc",FALSE,FALSE,FALSE,food_and_drink > casual_eatery > food_court,Food & Drink,reviewed_same_name,food_court,1,2,,FALSE
commercial_printer,Business & Professional Services,1,taxonomy,Necessary,Necessary,"{""Necessary"": 0.278, ""Social"": 0.87, ""Optional"": 0.538}",0.278,0.87,0.538,0,FALSE,2,hcmc,FALSE,FALSE,FALSE,services_and_business > printing_service > commercial_printer,Business & Professional Services,reviewed_same_name,commercial_printer,1,2,,FALSE
abortion_clinic,Healthcare,1,taxonomy,Necessary,Necessary,"{""Necessary"": 0.503, ""Social"": 0.009, ""Optional"": 0.0}",0.503,0.009,0,0,FALSE,2,hanoi,FALSE,FALSE,FALSE,health_care > specialized_medical_facility > abortion_clinic,Healthcare,reviewed_same_name,abortion_clinic,1,2,,FALSE
neurology,Healthcare,1,taxonomy,Necessary,Necessary,"{""Necessary"": 0.058, ""Social"": 0.846, ""Optional"": 0.26}",0.058,0.846,0.26,0,FALSE,2,"can_tho,hcmc",FALSE,FALSE,FALSE,health_care > outpatient_care_facility > specialized_health_care > neurology,Healthcare,reviewed_id_match,neurologist,1,1,,FALSE
archery_store,Retail & Shopping,0.122,bart,Necessary,Necessary,"{""Necessary"": 0.048, ""Social"": 0.69, ""Optional"": 0.234}",0.736,0.69,0.234,0,FALSE,2,"hanoi,hcmc",FALSE,FALSE,FALSE,shopping > specialty_store > sporting_goods_store > archery_store,Retail & Shopping,reviewed_id_match,archery_shop,1,1,,FALSE
b2b_hospital_equipment_and_supplies,Business & Professional Services,1,taxonomy,Necessary,Necessary,"{""Necessary"": 0.244, ""Social"": 0.047, ""Optional"": 0.002}",0.244,0.047,0.002,0,FALSE,2,hcmc,FALSE,FALSE,FALSE,services_and_business > b2b_service > b2b_medical_support_service > b2b_hospital_equipment_and_supplies,Business & Professional Services,reviewed_id_match,hospital_equipment_and_supplies,1,2,,FALSE
b2b_promotional_products_and_services,Business & Professional Services,1,taxonomy,Necessary,Necessary,"{""Necessary"": 0.521, ""Social"": 0.411, ""Optional"": 0.112}",0.521,0.411,0.112,0,FALSE,2,hcmc,FALSE,FALSE,FALSE,services_and_business > b2b_service > b2b_office_and_professional_service > b2b_advertising_and_marketing_service > b2b_promotional_products_and_services,Business & Professional Services,reviewed_id_match,promotional_products_and_services,1,2,,FALSE
gun_and_ammo_store,Civic & Government,0.165,bart,Necessary,Necessary,"{""Necessary"": 0.43, ""Social"": 0.744, ""Optional"": 0.343}",0.43,0.744,0.343,0,FALSE,2,hanoi,FALSE,FALSE,FALSE,shopping > specialty_store > gun_and_ammo_store,Retail & Shopping,reviewed_id_match,gun_and_ammo,1,1,,FALSE
inventory_control_service,Business & Professional Services,1,taxonomy,Necessary,Necessary,"{""Necessary"": 0.177, ""Social"": 0.782, ""Optional"": 0.033}",0.177,0.782,0.033,0,FALSE,2,"hanoi,hcmc",FALSE,FALSE,FALSE,services_and_business > b2b_service > b2b_industrial_and_machine_service > inventory_control_service,Business & Professional Services,reviewed_same_name,inventory_control_service,1,2,,FALSE
bearing_supplier,Business & Professional Services,1,taxonomy,Necessary,Necessary,"{""Necessary"": 0.592, ""Social"": 0.9, ""Optional"": 0.42}",0.592,0.9,0.42,0,FALSE,2,hcmc,FALSE,FALSE,FALSE,services_and_business > b2b_service > supplier_or_distributor > bearing_supplier,Business & Professional Services,reviewed_same_name,bearing_supplier,1,2,,FALSE
b2b_executive_search_consultants,Business & Professional Services,1,taxonomy,Necessary,Necessary,"{""Necessary"": 0.083, ""Social"": 0.749, ""Optional"": 0.479}",0.083,0.749,0.479,0,FALSE,2,"hanoi,hcmc",FALSE,FALSE,FALSE,services_and_business > b2b_service > b2b_office_and_professional_service > b2b_business_management_service > b2b_executive_search_consultants,Business & Professional Services,reviewed_id_match,executive_search_consultants,1,2,,FALSE
house_sitting,Home & Garden Services,1,taxonomy,Necessary,Necessary,"{""Necessary"": 0.005, ""Social"": 0.886, ""Optional"": 0.105}",0.005,0.886,0.105,0,FALSE,2,hanoi,FALSE,FALSE,FALSE,services_and_business > home_service > house_sitting,Home & Garden Services,reviewed_same_name,house_sitting,1,2,,FALSE
trailer_rental_service,Business & Professional Services,0.264,bart,Necessary,Necessary,"{""Necessary"": 0.74, ""Social"": 0.626, ""Optional"": 0.176}",0.74,0.626,0.176,0,FALSE,2,"da_nang,hcmc",FALSE,FALSE,FALSE,services_and_business > rental_service > vehicle_rental_service > trailer_rental_service,Business & Professional Services,reviewed_id_match,trailer_rentals,1,2,,FALSE
dairy_store,Daily Needs & Grocery,1,taxonomy,Necessary,Necessary,"{""Necessary"": 0.094, ""Social"": 0.661, ""Optional"": 0.026}",0.094,0.661,0.026,0,FALSE,2,hcmc,FALSE,FALSE,FALSE,shopping > food_and_beverage_store > specialty_foods_store > dairy_store,Daily Needs & Grocery,reviewed_id_match,dairy_stores,1,2,,FALSE
track_stadium,Recreation & Sport,1,taxonomy,Optional,Optional,"{""Necessary"": 0.104, ""Social"": 0.037, ""Optional"": 0.446}",0.104,0.037,0.446,1,TRUE,2,"can_tho,hcmc",FALSE,FALSE,FALSE,arts_and_entertainment > stadium_arena > stadium > track_stadium,Recreation & Sport,reviewed_same_name,track_stadium,1,2,,FALSE
religious_and_spiritual_goods_store,Community & Religion,0.547,bart,Social,Social,"{""Necessary"": 0.014, ""Social"": 0.822, ""Optional"": 0.007}",0.014,0.822,0.007,0,FALSE,2,hcmc,FALSE,FALSE,FALSE,shopping > specialty_store > religious_and_spiritual_goods_store,Retail & Shopping,reviewed_id_match,religious_items,1,2,,FALSE
refractive_surgery_or_lasik,Healthcare,1,taxonomy,Necessary,Necessary,"{""Necessary"": 0.544, ""Social"": 0.218, ""Optional"": 0.004}",0.544,0.218,0.004,0,FALSE,2,hanoi,FALSE,FALSE,FALSE,health_care > outpatient_care_facility > vision_or_eye_care_clinic > ophthalmology > refractive_surgery_or_lasik,Healthcare,reviewed_id_match,laser_eye_surgery_lasik,1,2,,FALSE
syrian_restaurant,Food & Drink,1,taxonomy,Social,Social,"{""Necessary"": 0.016, ""Social"": 0.357, ""Optional"": 0.02}",0.016,0.357,0.02,1,TRUE,2,hcmc,FALSE,FALSE,FALSE,food_and_drink > restaurant > middle_eastern_restaurant > syrian_restaurant,Food & Drink,reviewed_same_name,syrian_restaurant,1,2,,FALSE
cuban_restaurant,Food & Drink,1,taxonomy,Social,Social,"{""Necessary"": 0.019, ""Social"": 0.535, ""Optional"": 0.024}",0.019,0.535,0.024,1,TRUE,2,hanoi,FALSE,FALSE,FALSE,food_and_drink > restaurant > latin_american_restaurant > caribbean_restaurant > cuban_restaurant,Food & Drink,reviewed_same_name,cuban_restaurant,1,2,,FALSE
rugby_stadium,Recreation & Sport,1,taxonomy,Optional,Optional,"{""Necessary"": 0.038, ""Social"": 0.022, ""Optional"": 0.558}",0.038,0.022,0.558,1,TRUE,2,"hanoi,hcmc",FALSE,FALSE,FALSE,arts_and_entertainment > stadium_arena > stadium > rugby_stadium,Recreation & Sport,reviewed_same_name,rugby_stadium,1,2,,FALSE
rubber_and_plastics_manufacturer,Business & Professional Services,1,taxonomy,Necessary,Necessary,"{""Necessary"": 0.039, ""Social"": 0.579, ""Optional"": 0.241}",0.039,0.579,0.241,0,FALSE,2,"hanoi,hcmc",FALSE,FALSE,FALSE,services_and_business > b2b_service > manufacturer > rubber_and_plastics_manufacturer,Business & Professional Services,reviewed_id_match,b2b_rubber_and_plastics,1,2,,FALSE
it_consultant,Business & Professional Services,1,taxonomy,Necessary,Necessary,"{""Necessary"": 0.399, ""Social"": 0.913, ""Optional"": 0.536}",0.399,0.913,0.536,0,FALSE,2,hcmc,FALSE,FALSE,FALSE,services_and_business > technical_service > it_service_and_computer_repair > it_consultant,Business & Professional Services,reviewed_same_name,it_consultant,1,2,,FALSE
cleaning_service,Business & Professional Services,1,taxonomy,Necessary,Necessary,"{""Necessary"": 0.537, ""Social"": 0.335, ""Optional"": 0.016}",0.537,0.335,0.016,0,FALSE,2,"da_nang,hcmc",FALSE,FALSE,FALSE,services_and_business > professional_service > cleaning_service,Business & Professional Services,reviewed_id_match,cleaning_services,1,2,,FALSE
seaplane_base,Business & Professional Services,1,taxonomy,Necessary,Necessary,"{""Necessary"": 0.045, ""Social"": 0.553, ""Optional"": 0.275}",0.045,0.553,0.275,0,FALSE,2,"hanoi,hcmc",FALSE,FALSE,FALSE,travel_and_transportation > air_transport_facility_or_service > airport > seaplane_base,Automotive & Transport,reviewed_id_match,seaplane_bases,1,2,,FALSE
books_music_and_video_store,Culture & Arts,0.36,bart,Social,Social,"{""Necessary"": 0.018, ""Social"": 0.65, ""Optional"": 0.063}",0.018,0.65,0.063,1,TRUE,2,hcmc,FALSE,FALSE,FALSE,shopping > specialty_store > books_music_and_video_store,Retail & Shopping,reviewed_id_match,books_mags_music_and_video,1,2,,FALSE
portuguese_restaurant,Food & Drink,1,taxonomy,Social,Social,"{""Necessary"": 0.042, ""Social"": 0.559, ""Optional"": 0.03}",0.042,0.559,0.03,1,TRUE,2,"hanoi,hcmc",FALSE,FALSE,FALSE,food_and_drink > restaurant > european_restaurant > iberian_restaurant > portuguese_restaurant,Food & Drink,reviewed_same_name,portuguese_restaurant,1,2,,FALSE
bike_tour,Accommodation & Travel,1,taxonomy,Optional,Optional|Social,"{""Necessary"": 0.355, ""Social"": 0.803, ""Optional"": 0.848}",0.355,0.803,0.848,0,FALSE,2,"hanoi,hcmc",FALSE,FALSE,FALSE,travel_and_transportation > travel_service > tour_operator > bike_tour,Accommodation & Travel,reviewed_id_match,bike_tours,1,2,,FALSE
jehovahs_witness_place_of_worship,Community & Religion,0.436,bart,Social,Social,"{""Necessary"": 0.009, ""Social"": 0.531, ""Optional"": 0.218}",0.009,0.531,0.218,1,TRUE,2,hanoi,FALSE,FALSE,FALSE,cultural_and_historic > place_of_worship > christian_place_of_worship > restorationist_place_of_worship > jehovahs_witness_place_of_worship,Community & Religion,reviewed_id_match,jehovahs_witness_kingdom_hall,1,2,,FALSE
student_union,Education,1,taxonomy,Social,Social|Optional,"{""Necessary"": 0.256, ""Social"": 0.935, ""Optional"": 0.688}",0.256,0.935,0.688,0,FALSE,2,hcmc,FALSE,FALSE,FALSE,education > educational_facility > campus_building > student_union,Education,reviewed_same_name,student_union,1,2,,FALSE
eastern_european_restaurant,Food & Drink,1,taxonomy,Social,Social,"{""Necessary"": 0.014, ""Social"": 0.133, ""Optional"": 0.016}",0.014,0.133,0.016,1,TRUE,2,hanoi,FALSE,FALSE,FALSE,food_and_drink > restaurant > european_restaurant > eastern_european_restaurant,Food & Drink,reviewed_same_name,eastern_european_restaurant,1,2,,FALSE
civilization_museum,Culture & Arts,1,taxonomy,Optional,Optional,"{""Necessary"": 0.013, ""Social"": 0.226, ""Optional"": 0.634}",0.013,0.226,0.634,1,TRUE,2,hcmc,FALSE,FALSE,FALSE,arts_and_entertainment > museum > history_museum > civilization_museum,Culture & Arts,reviewed_same_name,civilization_museum,1,2,,FALSE
professional_sport_league,Business & Professional Services,1,taxonomy,Necessary,Necessary,"{""Necessary"": 0.014, ""Social"": 0.058, ""Optional"": 0.567}",0.014,0.058,0.567,0,FALSE,2,hcmc,FALSE,FALSE,FALSE,sports_and_recreation > sport_league > professional_sport_league,Recreation & Sport,reviewed_id_match,professional_sports_league,1,2,,FALSE
horse_trainer,Pet Services,1,taxonomy,Necessary,Necessary,"{""Necessary"": 0.157, ""Social"": 0.87, ""Optional"": 0.453}",0.157,0.87,0.453,0,FALSE,2,hanoi,FALSE,FALSE,FALSE,lifestyle_services > animal_or_pet_service > equine_service > horse_trainer,Pet Services,reviewed_same_name,horse_trainer,1,2,,FALSE
gerontology,Healthcare,1,taxonomy,Necessary,Necessary,"{""Necessary"": 0.074, ""Social"": 0.911, ""Optional"": 0.152}",0.074,0.911,0.152,0,FALSE,2,"can_tho,hanoi",FALSE,FALSE,FALSE,health_care > outpatient_care_facility > specialized_health_care > genetics > gerontology,Healthcare,reviewed_id_match,gerontologist,1,2,,FALSE
coffee_and_tea_supplies,Daily Needs & Grocery,1,taxonomy,Necessary,Necessary,"{""Necessary"": 0.2, ""Social"": 0.904, ""Optional"": 0.055}",0.2,0.904,0.055,0,FALSE,2,"hanoi,hcmc",FALSE,FALSE,FALSE,shopping > food_and_beverage_store > coffee_and_tea_supplies,Daily Needs & Grocery,reviewed_same_name,coffee_and_tea_supplies,1,2,,FALSE
salvadoran_restaurant,Food & Drink,1,taxonomy,Social,Social,"{""Necessary"": 0.024, ""Social"": 0.362, ""Optional"": 0.039}",0.024,0.362,0.039,1,TRUE,2,hanoi,FALSE,FALSE,FALSE,food_and_drink > restaurant > latin_american_restaurant > central_american_restaurant > salvadoran_restaurant,Food & Drink,reviewed_same_name,salvadoran_restaurant,1,1,,FALSE
supplier_or_distributor,Business & Professional Services,1,taxonomy,Necessary,Necessary,"{""Necessary"": 0.057, ""Social"": 0.01, ""Optional"": 0.001}",0.057,0.01,0.001,0,FALSE,2,"hanoi,hcmc",FALSE,FALSE,FALSE,services_and_business > b2b_service > supplier_or_distributor,Business & Professional Services,reviewed_id_match,business_equipment_and_supply,1,2,,FALSE
handyman,Home & Garden Services,1,taxonomy,Necessary,Necessary,"{""Necessary"": 0.447, ""Social"": 0.71, ""Optional"": 0.13}",0.447,0.71,0.13,0,FALSE,2,hcmc,FALSE,FALSE,FALSE,services_and_business > home_service > handyman,Home & Garden Services,reviewed_same_name,handyman,1,2,,FALSE
laundry_service,Home & Garden Services,1,taxonomy,Necessary,Necessary,"{""Necessary"": 0.486, ""Social"": 0.253, ""Optional"": 0.015}",0.486,0.253,0.015,0,FALSE,2,"da_nang,hcmc",FALSE,FALSE,FALSE,services_and_business > laundry_service,Home & Garden Services,reviewed_id_match,laundry_services,1,2,,FALSE
batting_cage,Recreation & Sport,1,taxonomy,Social,Social,"{""Necessary"": 0.081, ""Social"": 0.75, ""Optional"": 0.382}",0.081,0.75,0.382,0,FALSE,1,hcmc,FALSE,FALSE,FALSE,sports_and_recreation > sport_or_fitness_facility > batting_cage,Recreation & Sport,reviewed_same_name,batting_cage,1,1,,FALSE
visa_agent,Business & Professional Services,1,taxonomy,Necessary,Necessary,"{""Necessary"": 0.362, ""Social"": 0.883, ""Optional"": 0.689}",0.362,0.883,0.689,0,FALSE,1,hanoi,FALSE,FALSE,FALSE,travel_and_transportation > travel_service > passport_and_visa_service > visa_agent,Accommodation & Travel,reviewed_same_name,visa_agent,1,1,,FALSE
wheel_and_rim_repair,Business & Professional Services,1,taxonomy,Necessary,Necessary,"{""Necessary"": 0.38, ""Social"": 0.83, ""Optional"": 0.091}",0.38,0.83,0.091,0,FALSE,1,hanoi,FALSE,FALSE,FALSE,travel_and_transportation > vehicle_service > automotive_service > automotive_repair > wheel_and_rim_repair,Automotive & Transport,reviewed_same_name,wheel_and_rim_repair,1,1,,FALSE
bathroom_fixture_store,Retail & Shopping,1,taxonomy,Necessary,Necessary,"{""Necessary"": 0.049, ""Social"": 0.113, ""Optional"": 0.014}",0.736,0.113,0.014,0,FALSE,1,hanoi,FALSE,FALSE,FALSE,shopping > specialty_store > hardware_home_and_garden_store > kitchen_and_bath_store > bathroom_fixture_store,Retail & Shopping,reviewed_id_match,bathroom_fixture_stores,1,1,,FALSE
addiction_rehabilitation_center,Healthcare,1,taxonomy,Necessary,Necessary,"{""Necessary"": 0.501, ""Social"": 0.012, ""Optional"": 0.0}",0.501,0.012,0,0,FALSE,1,hcmc,FALSE,FALSE,FALSE,health_care > outpatient_care_facility > physical_medicine_and_rehabilitation > rehabilitation_center > addiction_rehabilitation_center,Healthcare,reviewed_same_name,addiction_rehabilitation_center,1,1,,FALSE
washer_and_dryer_repair_service,Home & Garden Services,1,taxonomy,Necessary,Necessary,"{""Necessary"": 0.05, ""Social"": 0.16, ""Optional"": 0.001}",0.05,0.16,0.001,0,FALSE,1,hcmc,FALSE,FALSE,FALSE,services_and_business > home_service > washer_and_dryer_repair_service,Home & Garden Services,reviewed_same_name,washer_and_dryer_repair_service,1,1,,FALSE
battery_store,Retail & Shopping,1,taxonomy,Necessary,Necessary,"{""Necessary"": 0.265, ""Social"": 0.726, ""Optional"": 0.321}",0.736,0.726,0.321,0,FALSE,1,hcmc,FALSE,FALSE,FALSE,shopping > specialty_store > electronics_store > battery_store,Retail & Shopping,reviewed_same_name,battery_store,1,1,,FALSE
b2b_transportation_and_storage_service,Business & Professional Services,1,taxonomy,Necessary,Necessary,"{""Necessary"": 0.648, ""Social"": 0.012, ""Optional"": 0.001}",0.648,0.012,0.001,0,FALSE,1,hanoi,FALSE,FALSE,FALSE,services_and_business > b2b_service > b2b_transportation_and_storage_service,Business & Professional Services,reviewed_id_match,business_storage_and_transportation,1,1,,FALSE
bangladeshi_restaurant,Food & Drink,1,taxonomy,Social,Social,"{""Necessary"": 0.018, ""Social"": 0.517, ""Optional"": 0.04}",0.018,0.517,0.04,1,TRUE,1,hanoi,FALSE,FALSE,FALSE,food_and_drink > restaurant > asian_restaurant > south_asian_restaurant > bangladeshi_restaurant,Food & Drink,reviewed_same_name,bangladeshi_restaurant,1,1,,FALSE
b2b_medical_support_service,Business & Professional Services,1,taxonomy,Necessary,Necessary,"{""Necessary"": 0.55, ""Social"": 0.161, ""Optional"": 0.003}",0.55,0.161,0.003,0,FALSE,1,hanoi,FALSE,FALSE,FALSE,services_and_business > b2b_service > b2b_medical_support_service,Business & Professional Services,reviewed_id_match,b2b_medical_support_services,1,1,,FALSE
b2b_industrial_and_machine_service,Business & Professional Services,1,taxonomy,Necessary,Necessary,"{""Necessary"": 0.049, ""Social"": 0.748, ""Optional"": 0.355}",0.049,0.748,0.355,0,FALSE,1,hcmc,FALSE,FALSE,FALSE,services_and_business > b2b_service > b2b_industrial_and_machine_service,Business & Professional Services,reviewed_id_match,scrap_metals,1,1,,FALSE
window_supplier,Business & Professional Services,1,taxonomy,Necessary,Necessary,"{""Necessary"": 0.31, ""Social"": 0.888, ""Optional"": 0.774}",0.31,0.888,0.774,0,FALSE,1,hcmc,FALSE,FALSE,FALSE,services_and_business > b2b_service > supplier_or_distributor > window_supplier,Business & Professional Services,reviewed_same_name,window_supplier,1,1,,FALSE
trailer_repair,Business & Professional Services,1,taxonomy,Necessary,Necessary,"{""Necessary"": 0.093, ""Social"": 0.598, ""Optional"": 0.065}",0.093,0.598,0.065,0,FALSE,1,hcmc,FALSE,FALSE,FALSE,travel_and_transportation > vehicle_service > automotive_service > automotive_repair > trailer_repair,Automotive & Transport,reviewed_same_name,trailer_repair,1,1,,FALSE
window_treatment_store,Retail & Shopping,1,taxonomy,Necessary,Necessary,"{""Necessary"": 0.104, ""Social"": 0.494, ""Optional"": 0.222}",0.736,0.494,0.222,0,FALSE,1,hcmc,FALSE,FALSE,FALSE,shopping > specialty_store > hardware_home_and_garden_store > window_treatment_store,Retail & Shopping,reviewed_same_name,window_treatment_store,1,1,,FALSE
train,Automotive & Transport,1,taxonomy,Necessary,Necessary,"{""Necessary"": 0.247, ""Social"": 0.235, ""Optional"": 0.078}",0.247,0.235,0.078,0,FALSE,1,hanoi,FALSE,FALSE,FALSE,travel_and_transportation > ground_transport_facility_or_service > rail_facility_or_service > train,Automotive & Transport,reviewed_id_match,trains,1,1,,FALSE
b2b_radio_and_television_commercials,Business & Professional Services,1,taxonomy,Necessary,Necessary,"{""Necessary"": 0.024, ""Social"": 0.02, ""Optional"": 0.012}",0.024,0.02,0.012,0,FALSE,1,hanoi,FALSE,FALSE,FALSE,services_and_business > b2b_service > b2b_office_and_professional_service > b2b_advertising_and_marketing_service > b2b_radio_and_television_commercials,Business & Professional Services,reviewed_id_match,radio_and_television_commercials,1,1,,FALSE
b2b_farming,Business & Professional Services,1,taxonomy,Necessary,Necessary,"{""Necessary"": 0.514, ""Social"": 0.321, ""Optional"": 0.02}",0.514,0.321,0.02,0,FALSE,1,hanoi,FALSE,FALSE,FALSE,services_and_business > b2b_service > b2b_agriculture_service > b2b_farming,Business & Professional Services,reviewed_same_name,b2b_farming,1,1,,FALSE
b2b_dental_lab,Healthcare,0.78,bart,Necessary,Necessary,"{""Necessary"": 0.548, ""Social"": 0.082, ""Optional"": 0.002}",0.548,0.082,0.002,0,FALSE,1,hanoi,FALSE,FALSE,FALSE,services_and_business > b2b_service > b2b_medical_support_service > b2b_dental_lab,Business & Professional Services,reviewed_id_match,dental_laboratories,1,1,,FALSE
welder,Home & Garden Services,1,taxonomy,Necessary,Necessary,"{""Necessary"": 0.252, ""Social"": 0.748, ""Optional"": 0.364}",0.252,0.748,0.364,0,FALSE,1,hcmc,FALSE,FALSE,FALSE,services_and_business > building_or_construction_service > welder,Home & Garden Services,reviewed_id_match,welders,1,1,,FALSE
b2b_coal_and_coke,Food & Drink,1,taxonomy,Social,Social,"{""Necessary"": 0.013, ""Social"": 0.142, ""Optional"": 0.014}",0.013,0.142,0.014,0,FALSE,1,hcmc,FALSE,FALSE,FALSE,services_and_business > b2b_service > b2b_energy_and_utility_service > b2b_mining > b2b_coal_and_coke,Business & Professional Services,reviewed_id_match,coal_and_coke,1,1,,FALSE
b2b_secretarial_service,Business & Professional Services,1,taxonomy,Necessary,Necessary,"{""Necessary"": 0.034, ""Social"": 0.792, ""Optional"": 0.338}",0.034,0.792,0.338,0,FALSE,1,hcmc,FALSE,FALSE,FALSE,services_and_business > b2b_service > b2b_office_and_professional_service > b2b_business_management_service > b2b_secretarial_service,Business & Professional Services,reviewed_id_match,secretarial_services,1,1,,FALSE
adult_store,Retail & Shopping,1,taxonomy,Necessary,Necessary,"{""Necessary"": 0.162, ""Social"": 0.695, ""Optional"": 0.477}",0.736,0.695,0.477,0,FALSE,1,hcmc,FALSE,FALSE,FALSE,shopping > specialty_store > adult_store,Retail & Shopping,reviewed_same_name,adult_store,1,1,,FALSE
truck_and_industrial_vehicle_services,Agriculture & Industry,0.412,bart,Necessary,Necessary,"{""Necessary"": 0.066, ""Social"": 0.008, ""Optional"": 0.007}",0.066,0.008,0.007,0,FALSE,1,hcmc,FALSE,FALSE,FALSE,services_and_business > b2b_service > b2b_transportation_and_storage_service > truck_and_industrial_vehicle_services,Business & Professional Services,reviewed_id_match,trucks_and_industrial_vehicles,1,1,,FALSE
b2b_audio_visual_production,Business & Professional Services,1,taxonomy,Necessary,Necessary,"{""Necessary"": 0.08, ""Social"": 0.817, ""Optional"": 0.29}",0.08,0.817,0.29,0,FALSE,1,hcmc,FALSE,FALSE,FALSE,services_and_business > b2b_service > b2b_media_service > b2b_audio_visual_production,Business & Professional Services,reviewed_id_match,audio_visual_production_and_design,1,1,,FALSE
truck_gas_station,Automotive & Transport,1,taxonomy,Necessary,Necessary,"{""Necessary"": 0.552, ""Social"": 0.259, ""Optional"": 0.08}",0.552,0.259,0.08,0,FALSE,1,hcmc,FALSE,FALSE,FALSE,travel_and_transportation > fueling_station > gas_station > truck_gas_station,Automotive & Transport,reviewed_same_name,truck_gas_station,1,1,,FALSE
truck_parts_and_accessories,Agriculture & Industry,0.14,bart,Necessary,Necessary,"{""Necessary"": 0.312, ""Social"": 0.512, ""Optional"": 0.13}",0.312,0.512,0.13,0,FALSE,1,hcmc,FALSE,FALSE,FALSE,services_and_business > b2b_service > b2b_transportation_and_storage_service > truck_and_industrial_vehicle_services > truck_parts_and_accessories,Business & Professional Services,reviewed_id_match,b2b_truck_equipment_parts_and_accessories,1,1,,FALSE
animal_hospital,Pet Services,1,taxonomy,Necessary,Necessary,"{""Necessary"": 0.015, ""Social"": 0.367, ""Optional"": 0.092}",0.015,0.367,0.092,0,FALSE,1,hcmc,FALSE,FALSE,FALSE,lifestyle_services > animal_or_pet_service > veterinary_care > animal_hospital,Pet Services,reviewed_same_name,animal_hospital,1,1,,FALSE
anesthesiology,Healthcare,1,taxonomy,Necessary,Necessary,"{""Necessary"": 0.154, ""Social"": 0.794, ""Optional"": 0.105}",0.154,0.794,0.105,0,FALSE,1,hanoi,FALSE,FALSE,FALSE,health_care > outpatient_care_facility > specialized_health_care > pain_management > anesthesiology,Healthcare,reviewed_id_match,anesthesiologist,1,1,,FALSE
b2b_oil_and_gas,Utilities & Infrastructure,1,taxonomy,Necessary,Necessary,"{""Necessary"": 0.069, ""Social"": 0.253, ""Optional"": 0.025}",0.069,0.253,0.025,0,FALSE,1,hcmc,FALSE,FALSE,FALSE,services_and_business > b2b_service > b2b_energy_and_utility_service > b2b_oil_and_gas,Business & Professional Services,reviewed_id_match,oil_and_gas,1,1,,FALSE
allergy_and_immunology,Healthcare,1,taxonomy,Necessary,Necessary,"{""Necessary"": 0.034, ""Social"": 0.811, ""Optional"": 0.103}",0.034,0.811,0.103,0,FALSE,1,hanoi,FALSE,FALSE,FALSE,health_care > outpatient_care_facility > specialized_health_care > internal_medicine > allergy_and_immunology,Healthcare,reviewed_id_match,allergist,1,1,,FALSE
auto_upholstery,Business & Professional Services,1,taxonomy,Necessary,Necessary,"{""Necessary"": 0.245, ""Social"": 0.793, ""Optional"": 0.413}",0.245,0.793,0.413,0,FALSE,1,hcmc,FALSE,FALSE,FALSE,travel_and_transportation > vehicle_service > automotive_service > auto_upholstery,Automotive & Transport,reviewed_same_name,auto_upholstery,1,1,,FALSE
auto_insurance,Business & Professional Services,1,taxonomy,Necessary,Necessary,"{""Necessary"": 0.318, ""Social"": 0.88, ""Optional"": 0.297}",0.318,0.88,0.297,0,FALSE,1,hcmc,FALSE,FALSE,FALSE,services_and_business > financial_service > insurance_agency > auto_insurance,Business & Professional Services,reviewed_same_name,auto_insurance,1,1,,FALSE
australian_restaurant,Food & Drink,1,taxonomy,Social,Social,"{""Necessary"": 0.03, ""Social"": 0.449, ""Optional"": 0.06}",0.03,0.449,0.06,1,TRUE,1,hanoi,FALSE,FALSE,FALSE,food_and_drink > restaurant > pacific_rim_restaurant > australian_restaurant,Food & Drink,reviewed_same_name,australian_restaurant,1,1,,FALSE
b2b_newspaper_advertising,Business & Professional Services,1,taxonomy,Necessary,Necessary,"{""Necessary"": 0.176, ""Social"": 0.75, ""Optional"": 0.499}",0.176,0.75,0.499,0,FALSE,1,hcmc,FALSE,FALSE,FALSE,services_and_business > b2b_service > b2b_office_and_professional_service > b2b_advertising_and_marketing_service > b2b_newspaper_advertising,Business & Professional Services,reviewed_id_match,newspaper_advertising,1,1,,FALSE
cycling_class,Recreation & Sport,0.182,bart,Social,Social|Optional,"{""Necessary"": 0.352, ""Social"": 0.854, ""Optional"": 0.541}",0.352,0.854,0.541,0,FALSE,1,hanoi,FALSE,FALSE,FALSE,sports_and_recreation > sport_or_fitness_facility > cycling_class,Recreation & Sport,reviewed_id_match,cycling_classes,1,1,,FALSE
behavioral_or_mental_health_clinic,Healthcare,1,taxonomy,Necessary,Necessary,"{""Necessary"": 0.519, ""Social"": 0.064, ""Optional"": 0.0}",0.519,0.064,0,0,FALSE,1,hanoi,FALSE,FALSE,FALSE,health_care > outpatient_care_facility > behavioral_or_mental_health_clinic,Healthcare,reviewed_id_match,counseling_and_mental_health,1,1,,FALSE
farming_service,Agriculture & Industry,1,taxonomy,Necessary,Necessary,"{""Necessary"": 0.531, ""Social"": 0.151, ""Optional"": 0.006}",0.531,0.151,0.006,0,FALSE,1,hanoi,FALSE,FALSE,FALSE,services_and_business > b2b_service > b2b_agriculture_service > b2b_farming > farming_service,Business & Professional Services,reviewed_id_match,farming_services,1,1,,FALSE
formal_wear_store,Retail & Shopping,1,taxonomy,Necessary,Necessary,"{""Necessary"": 0.072, ""Social"": 0.098, ""Optional"": 0.023}",0.736,0.098,0.023,0,FALSE,1,hcmc,FALSE,FALSE,FALSE,shopping > fashion_and_apparel_store > clothing_store > formal_wear_store,Retail & Shopping,reviewed_same_name,formal_wear_store,1,1,,FALSE
forestry_service,Agriculture & Industry,1,taxonomy,Necessary,Necessary,"{""Necessary"": 0.289, ""Social"": 0.88, ""Optional"": 0.848}",0.289,0.88,0.848,0,FALSE,1,hcmc,FALSE,FALSE,FALSE,services_and_business > environmental_or_ecological_service > forestry_service,Agriculture & Industry,reviewed_same_name,forestry_service,1,1,,FALSE
ophthalmology,Healthcare,1,taxonomy,Necessary,Necessary,"{""Necessary"": 0.158, ""Social"": 0.92, ""Optional"": 0.464}",0.158,0.92,0.464,0,FALSE,1,hcmc,FALSE,FALSE,FALSE,health_care > outpatient_care_facility > vision_or_eye_care_clinic > ophthalmology,Healthcare,reviewed_id_match,ophthalmologist,1,1,,FALSE
food_and_beverage_exporter,Business & Professional Services,1,taxonomy,Necessary,Necessary,"{""Necessary"": 0.619, ""Social"": 0.498, ""Optional"": 0.027}",0.619,0.498,0.027,0,FALSE,1,hcmc,FALSE,FALSE,FALSE,services_and_business > b2b_service > supplier_or_distributor > import_export_service > exporter > food_and_beverage_exporter,Business & Professional Services,reviewed_same_name,food_and_beverage_exporter,1,1,,FALSE
orthotics,Healthcare,1,taxonomy,Necessary,Necessary,"{""Necessary"": 0.093, ""Social"": 0.868, ""Optional"": 0.609}",0.093,0.868,0.609,0,FALSE,1,hcmc,FALSE,FALSE,FALSE,health_care > outpatient_care_facility > physical_medicine_and_rehabilitation > orthotics,Healthcare,reviewed_same_name,orthotics,1,1,,FALSE
floral_designer,Business & Professional Services,1,taxonomy,Necessary,Necessary,"{""Necessary"": 0.352, ""Social"": 0.925, ""Optional"": 0.747}",0.352,0.925,0.747,0,FALSE,1,hanoi,FALSE,FALSE,FALSE,services_and_business > event_or_party_service > floral_designer,Business & Professional Services,reviewed_same_name,floral_designer,1,1,,FALSE
outdoor_furniture_store,Retail & Shopping,1,taxonomy,Necessary,Necessary,"{""Necessary"": 0.032, ""Social"": 0.582, ""Optional"": 0.35}",0.736,0.582,0.35,0,FALSE,1,hanoi,FALSE,FALSE,FALSE,shopping > specialty_store > hardware_home_and_garden_store > outdoor_furniture_store,Retail & Shopping,reviewed_same_name,outdoor_furniture_store,1,1,,FALSE
flooring_contractor,Home & Garden Services,1,taxonomy,Necessary,Necessary,"{""Necessary"": 0.045, ""Social"": 0.675, ""Optional"": 0.194}",0.045,0.675,0.194,0,FALSE,1,hcmc,FALSE,FALSE,FALSE,services_and_business > home_service > contractor > flooring_contractor,Home & Garden Services,reviewed_id_match,flooring_contractors,1,1,,FALSE
pakistani_restaurant,Food & Drink,1,taxonomy,Social,Social,"{""Necessary"": 0.013, ""Social"": 0.508, ""Optional"": 0.018}",0.013,0.508,0.018,1,TRUE,1,da_nang,FALSE,FALSE,FALSE,food_and_drink > restaurant > asian_restaurant > south_asian_restaurant > pakistani_restaurant,Food & Drink,reviewed_same_name,pakistani_restaurant,1,1,,FALSE
paper_mill,Business & Professional Services,1,taxonomy,Necessary,Necessary,"{""Necessary"": 0.043, ""Social"": 0.699, ""Optional"": 0.3}",0.043,0.699,0.3,0,FALSE,1,hcmc,FALSE,FALSE,FALSE,services_and_business > b2b_service > manufacturer > mill > paper_mill,Business & Professional Services,reviewed_same_name,paper_mill,1,1,,FALSE
fertilizer_store,Agriculture & Industry,1,taxonomy,Necessary,Necessary,"{""Necessary"": 0.45, ""Social"": 0.208, ""Optional"": 0.042}",0.45,0.208,0.042,0,FALSE,1,hcmc,FALSE,FALSE,FALSE,services_and_business > b2b_service > b2b_agriculture_service > b2b_farming > farm_equipment_and_supply > fertilizer_store,Business & Professional Services,reviewed_same_name,fertilizer_store,1,1,,FALSE
fencing_club,Recreation & Sport,1,taxonomy,Social,Social,"{""Necessary"": 0.035, ""Social"": 0.702, ""Optional"": 0.175}",0.035,0.702,0.175,0,FALSE,1,hcmc,FALSE,FALSE,FALSE,sports_and_recreation > sport_or_recreation_club > fencing_club,Recreation & Sport,reviewed_same_name,fencing_club,1,1,,FALSE
patent_law,Business & Professional Services,1,taxonomy,Necessary,Necessary,"{""Necessary"": 0.113, ""Social"": 0.831, ""Optional"": 0.373}",0.113,0.831,0.373,0,FALSE,1,hanoi,FALSE,FALSE,FALSE,services_and_business > legal_service > patent_law,Business & Professional Services,reviewed_same_name,patent_law,1,1,,FALSE
pipe_supplier,Business & Professional Services,1,taxonomy,Necessary,Necessary,"{""Necessary"": 0.315, ""Social"": 0.914, ""Optional"": 0.687}",0.315,0.914,0.687,0,FALSE,1,hanoi,FALSE,FALSE,FALSE,services_and_business > b2b_service > supplier_or_distributor > pipe_supplier,Business & Professional Services,reviewed_same_name,pipe_supplier,1,1,,FALSE
family_service_center,Community & Religion,1,taxonomy,Necessary,Necessary,"{""Necessary"": 0.062, ""Social"": 0.847, ""Optional"": 0.017}",0.062,0.847,0.017,0,FALSE,1,hcmc,FALSE,FALSE,FALSE,services_and_business > family_service > family_service_center,Community & Religion,reviewed_same_name,family_service_center,1,1,,FALSE
fabric_wholesaler,Business & Professional Services,1,taxonomy,Necessary,Necessary,"{""Necessary"": 0.144, ""Social"": 0.686, ""Optional"": 0.323}",0.144,0.686,0.323,0,FALSE,1,hcmc,FALSE,FALSE,FALSE,services_and_business > b2b_service > wholesaler > fabric_wholesaler,Business & Professional Services,reviewed_same_name,fabric_wholesaler,1,1,,FALSE
pen_store,Retail & Shopping,1,taxonomy,Necessary,Necessary,"{""Necessary"": 0.268, ""Social"": 0.708, ""Optional"": 0.374}",0.736,0.708,0.374,0,FALSE,1,hcmc,FALSE,FALSE,FALSE,shopping > specialty_store > office_supply_store > pen_store,Retail & Shopping,reviewed_same_name,pen_store,1,1,,FALSE
eyelash_service,Beauty & Personal Care,1,taxonomy,Optional,Social|Optional,"{""Necessary"": 0.452, ""Social"": 0.916, ""Optional"": 0.698}",0.848,0.916,0.698,0,FALSE,1,hcmc,FALSE,FALSE,FALSE,lifestyle_services > personal_or_beauty_service > eyelash_service,Beauty & Personal Care,reviewed_same_name,eyelash_service,1,1,,FALSE
eyebrow_service,Beauty & Personal Care,1,taxonomy,Optional,Social|Optional,"{""Necessary"": 0.259, ""Social"": 0.891, ""Optional"": 0.663}",0.848,0.891,0.663,0,FALSE,1,hcmc,FALSE,FALSE,FALSE,lifestyle_services > personal_or_beauty_service > eyebrow_service,Beauty & Personal Care,reviewed_same_name,eyebrow_service,1,1,,FALSE
persian_restaurant,Food & Drink,0.497,bart,Social,Social,"{""Necessary"": 0.013, ""Social"": 0.167, ""Optional"": 0.013}",0.013,0.167,0.013,1,TRUE,1,hanoi,FALSE,FALSE,FALSE,food_and_drink > restaurant > middle_eastern_restaurant > persian_restaurant,Food & Drink,reviewed_id_match,persian_iranian_restaurant,1,1,,FALSE
personal_injury_law,Business & Professional Services,1,taxonomy,Necessary,Necessary,"{""Necessary"": 0.021, ""Social"": 0.615, ""Optional"": 0.04}",0.021,0.615,0.04,0,FALSE,1,hcmc,FALSE,FALSE,FALSE,services_and_business > legal_service > attorney_or_law_firm > personal_injury_law,Business & Professional Services,reviewed_same_name,personal_injury_law,1,1,,FALSE
event_technology_service,Business & Professional Services,1,taxonomy,Necessary,Necessary,"{""Necessary"": 0.486, ""Social"": 0.457, ""Optional"": 0.029}",0.486,0.457,0.029,0,FALSE,1,da_nang,FALSE,FALSE,FALSE,services_and_business > event_or_party_service > event_technology_service,Business & Professional Services,reviewed_same_name,event_technology_service,1,1,,FALSE
ethical_grocery_store,Retail & Shopping,0.187,bart,Necessary,Necessary,"{""Necessary"": 0.227, ""Social"": 0.583, ""Optional"": 0.01}",0.736,0.583,0.01,0,FALSE,1,hanoi,FALSE,FALSE,FALSE,shopping > food_and_beverage_store > grocery_store > ethical_grocery_store,Daily Needs & Grocery,reviewed_id_match,ethical_grocery,1,1,,FALSE
pharmaceutical_products_wholesaler,Business & Professional Services,1,taxonomy,Necessary,Necessary,"{""Necessary"": 0.147, ""Social"": 0.126, ""Optional"": 0.027}",0.147,0.126,0.027,0,FALSE,1,hcmc,FALSE,FALSE,FALSE,services_and_business > b2b_service > wholesaler > pharmaceutical_products_wholesaler,Business & Professional Services,reviewed_same_name,pharmaceutical_products_wholesaler,1,1,,FALSE
fur_clothing,Retail & Shopping,1,taxonomy,Necessary,Necessary,"{""Necessary"": 0.439, ""Social"": 0.949, ""Optional"": 0.688}",0.736,0.949,0.688,0,FALSE,1,hcmc,FALSE,FALSE,FALSE,shopping > fashion_and_apparel_store > clothing_store > fur_clothing,Retail & Shopping,reviewed_same_name,fur_clothing,1,1,,FALSE
furniture_accessory_store,Retail & Shopping,1,taxonomy,Necessary,Necessary,"{""Necessary"": 0.027, ""Social"": 0.196, ""Optional"": 0.025}",0.736,0.196,0.025,0,FALSE,1,hanoi,FALSE,FALSE,FALSE,shopping > specialty_store > hardware_home_and_garden_store > furniture_accessory_store,Retail & Shopping,reviewed_same_name,furniture_accessory_store,1,1,,FALSE
furniture_reupholstery,Home & Garden Services,1,taxonomy,Necessary,Necessary,"{""Necessary"": 0.533, ""Social"": 0.436, ""Optional"": 0.057}",0.533,0.436,0.057,0,FALSE,1,hanoi,FALSE,FALSE,FALSE,services_and_business > home_service > furniture_reupholstery,Home & Garden Services,reviewed_same_name,furniture_reupholstery,1,1,,FALSE
neuropathology,Healthcare,1,taxonomy,Necessary,Necessary,"{""Necessary"": 0.107, ""Social"": 0.866, ""Optional"": 0.267}",0.107,0.866,0.267,0,FALSE,1,hcmc,FALSE,FALSE,FALSE,health_care > outpatient_care_facility > specialized_health_care > neurology > neuropathology,Healthcare,reviewed_id_match,neuropathologist,1,1,,FALSE
kosher_restaurant,Food & Drink,1,taxonomy,Social,Social,"{""Necessary"": 0.019, ""Social"": 0.33, ""Optional"": 0.017}",0.019,0.33,0.017,1,TRUE,1,hcmc,FALSE,FALSE,FALSE,food_and_drink > restaurant > special_diet_restaurant > kosher_restaurant,Food & Drink,reviewed_same_name,kosher_restaurant,1,1,,FALSE
leather_products_manufacturer,Business & Professional Services,1,taxonomy,Necessary,Necessary,"{""Necessary"": 0.539, ""Social"": 0.46, ""Optional"": 0.075}",0.539,0.46,0.075,0,FALSE,1,hanoi,FALSE,FALSE,FALSE,services_and_business > b2b_service > manufacturer > leather_products_manufacturer,Business & Professional Services,reviewed_same_name,leather_products_manufacturer,1,1,,FALSE
kiteboarding,Recreation & Sport,1,taxonomy,Social,Social|Optional,"{""Necessary"": 0.031, ""Social"": 0.828, ""Optional"": 0.823}",0.031,0.828,0.823,0,FALSE,1,hcmc,FALSE,FALSE,FALSE,sports_and_recreation > sport_or_fitness_facility > kiteboarding,Recreation & Sport,reviewed_same_name,kiteboarding,1,1,,FALSE
life_insurance,Business & Professional Services,1,taxonomy,Necessary,Necessary,"{""Necessary"": 0.223, ""Social"": 0.93, ""Optional"": 0.321}",0.223,0.93,0.321,0,FALSE,1,hcmc,FALSE,FALSE,FALSE,services_and_business > financial_service > insurance_agency > life_insurance,Business & Professional Services,reviewed_same_name,life_insurance,1,1,,FALSE
jamaican_restaurant,Food & Drink,1,taxonomy,Social,Social,"{""Necessary"": 0.018, ""Social"": 0.497, ""Optional"": 0.023}",0.018,0.497,0.023,1,TRUE,1,hcmc,FALSE,FALSE,FALSE,food_and_drink > restaurant > latin_american_restaurant > caribbean_restaurant > jamaican_restaurant,Food & Drink,reviewed_same_name,jamaican_restaurant,1,1,,FALSE
irish_restaurant,Food & Drink,1,taxonomy,Social,Social,"{""Necessary"": 0.029, ""Social"": 0.627, ""Optional"": 0.058}",0.029,0.627,0.058,1,TRUE,1,hanoi,FALSE,FALSE,FALSE,food_and_drink > restaurant > european_restaurant > western_european_restaurant > irish_restaurant,Food & Drink,reviewed_same_name,irish_restaurant,1,1,,FALSE
machine_and_tool_rental,Business & Professional Services,1,taxonomy,Necessary,Necessary,"{""Necessary"": 0.545, ""Social"": 0.097, ""Optional"": 0.003}",0.545,0.097,0.003,0,FALSE,1,hanoi,FALSE,FALSE,FALSE,services_and_business > rental_service > machine_and_tool_rental,Business & Professional Services,reviewed_id_match,machine_and_tool_rentals,1,1,,FALSE
industrial_spares_and_products_wholesaler,Agriculture & Industry,1,taxonomy,Necessary,Necessary,"{""Necessary"": 0.412, ""Social"": 0.029, ""Optional"": 0.001}",0.412,0.029,0.001,0,FALSE,1,hanoi,FALSE,FALSE,FALSE,services_and_business > b2b_service > wholesaler > industrial_spares_and_products_wholesaler,Business & Professional Services,reviewed_same_name,industrial_spares_and_products_wholesaler,1,1,,FALSE
importer,Business & Professional Services,1,taxonomy,Necessary,Necessary,"{""Necessary"": 0.418, ""Social"": 0.877, ""Optional"": 0.539}",0.418,0.877,0.539,0,FALSE,1,hanoi,FALSE,FALSE,FALSE,services_and_business > b2b_service > supplier_or_distributor > import_export_service > importer,Business & Professional Services,reviewed_id_match,importers,1,1,,FALSE
hvac_supplier,Business & Professional Services,1,taxonomy,Necessary,Necessary,"{""Necessary"": 0.18, ""Social"": 0.786, ""Optional"": 0.139}",0.18,0.786,0.139,0,FALSE,1,hanoi,FALSE,FALSE,FALSE,services_and_business > b2b_service > supplier_or_distributor > hvac_supplier,Business & Professional Services,reviewed_same_name,hvac_supplier,1,1,,FALSE
matchmaker,Beauty & Personal Care,1,taxonomy,Optional,Social|Optional,"{""Necessary"": 0.205, ""Social"": 0.938, ""Optional"": 0.399}",0.848,0.938,0.399,0,FALSE,1,hcmc,FALSE,FALSE,FALSE,lifestyle_services > personal_or_beauty_service > matchmaker,Beauty & Personal Care,reviewed_same_name,matchmaker,1,1,,FALSE
hot_air_balloons_tour,Accommodation & Travel,1,taxonomy,Optional,Optional,"{""Necessary"": 0.016, ""Social"": 0.426, ""Optional"": 0.442}",0.016,0.426,0.442,0,FALSE,1,hanoi,FALSE,FALSE,FALSE,travel_and_transportation > travel_service > tour_operator > hot_air_balloons_tour,Accommodation & Travel,reviewed_same_name,hot_air_balloons_tour,1,1,,FALSE
hockey_field,Recreation & Sport,1,taxonomy,Social,Social|Optional,"{""Necessary"": 0.147, ""Social"": 0.848, ""Optional"": 0.695}",0.147,0.848,0.695,1,TRUE,1,hanoi,FALSE,FALSE,FALSE,sports_and_recreation > sport_or_fitness_facility > sport_field > hockey_field,Recreation & Sport,reviewed_same_name,hockey_field,1,1,,FALSE
hockey_arena,Recreation & Sport,1,taxonomy,Optional,Optional,"{""Necessary"": 0.053, ""Social"": 0.406, ""Optional"": 0.476}",0.053,0.406,0.476,1,TRUE,1,hcmc,FALSE,FALSE,FALSE,arts_and_entertainment > stadium_arena > stadium > hockey_arena,Recreation & Sport,reviewed_same_name,hockey_arena,1,1,,FALSE
mobile_home_park,Business & Professional Services,1,taxonomy,Necessary,Necessary,"{""Necessary"": 0.052, ""Social"": 0.917, ""Optional"": 0.769}",0.052,0.917,0.769,0,FALSE,1,hanoi,FALSE,FALSE,FALSE,services_and_business > housing_or_property_service > mobile_home_park,Business & Professional Services,reviewed_same_name,mobile_home_park,1,1,,FALSE
hang_gliding_center,Recreation & Sport,1,taxonomy,Social,Social|Optional,"{""Necessary"": 0.072, ""Social"": 0.932, ""Optional"": 0.665}",0.072,0.932,0.665,0,FALSE,1,hcmc,FALSE,FALSE,FALSE,sports_and_recreation > sport_or_fitness_facility > hang_gliding_center,Recreation & Sport,reviewed_same_name,hang_gliding_center,1,1,,FALSE
mongolian_restaurant,Food & Drink,1,taxonomy,Social,Social,"{""Necessary"": 0.017, ""Social"": 0.526, ""Optional"": 0.018}",0.017,0.526,0.018,1,TRUE,1,hanoi,FALSE,FALSE,FALSE,food_and_drink > restaurant > asian_restaurant > east_asian_restaurant > mongolian_restaurant,Food & Drink,reviewed_same_name,mongolian_restaurant,1,1,,FALSE
moroccan_restaurant,Food & Drink,1,taxonomy,Social,Social,"{""Necessary"": 0.02, ""Social"": 0.514, ""Optional"": 0.04}",0.02,0.514,0.04,1,TRUE,1,hcmc,FALSE,FALSE,FALSE,food_and_drink > restaurant > african_restaurant > north_african_restaurant > moroccan_restaurant,Food & Drink,reviewed_same_name,moroccan_restaurant,1,1,,FALSE
handbag_store,Retail & Shopping,1,taxonomy,Necessary,Necessary,"{""Necessary"": 0.211, ""Social"": 0.711, ""Optional"": 0.126}",0.736,0.711,0.126,0,FALSE,1,hanoi,FALSE,FALSE,FALSE,shopping > fashion_and_apparel_store > fashion_accessories_store > handbag_store,Retail & Shopping,reviewed_id_match,handbag_stores,1,1,,FALSE
halfway_house,Business & Professional Services,1,taxonomy,Necessary,Necessary,"{""Necessary"": 0.105, ""Social"": 0.904, ""Optional"": 0.695}",0.105,0.904,0.695,0,FALSE,1,hcmc,FALSE,FALSE,FALSE,services_and_business > housing_or_property_service > halfway_house,Business & Professional Services,reviewed_same_name,halfway_house,1,1,,FALSE
hair_stylist,Beauty & Personal Care,1,taxonomy,Optional,Social|Optional,"{""Necessary"": 0.034, ""Social"": 0.825, ""Optional"": 0.132}",0.848,0.825,0.132,0,FALSE,1,da_nang,FALSE,FALSE,FALSE,lifestyle_services > personal_or_beauty_service > hair_salon > hair_stylist,Beauty & Personal Care,reviewed_same_name,hair_stylist,1,1,,FALSE
grilling_equipment_store,Retail & Shopping,0.116,bart,Necessary,Necessary,"{""Necessary"": 0.023, ""Social"": 0.846, ""Optional"": 0.099}",0.736,0.846,0.099,0,FALSE,1,hcmc,FALSE,FALSE,FALSE,shopping > specialty_store > hardware_home_and_garden_store > grilling_equipment_store,Retail & Shopping,reviewed_id_match,grilling_equipment,1,1,,FALSE
music_production_service,Business & Professional Services,1,taxonomy,Necessary,Necessary,"{""Necessary"": 0.035, ""Social"": 0.771, ""Optional"": 0.07}",0.035,0.771,0.07,0,FALSE,1,hanoi,FALSE,FALSE,FALSE,services_and_business > media_service > music_production_service,Business & Professional Services,reviewed_id_match,music_production_services,1,1,,FALSE
photography_museum,Culture & Arts,1,taxonomy,Optional,Optional,"{""Necessary"": 0.013, ""Social"": 0.267, ""Optional"": 0.661}",0.013,0.267,0.661,1,TRUE,1,hcmc,FALSE,FALSE,FALSE,arts_and_entertainment > museum > art_museum > photography_museum,Culture & Arts,reviewed_same_name,photography_museum,1,1,,FALSE
environmental_testing_service,Business & Professional Services,1,taxonomy,Necessary,Necessary,"{""Necessary"": 0.034, ""Social"": 0.662, ""Optional"": 0.021}",0.034,0.662,0.021,0,FALSE,1,hcmc,FALSE,FALSE,FALSE,services_and_business > environmental_or_ecological_service > environmental_testing_service,Agriculture & Industry,reviewed_id_match,environmental_testing,1,1,,FALSE
sunglasses_store,Retail & Shopping,1,taxonomy,Necessary,Necessary,"{""Necessary"": 0.135, ""Social"": 0.799, ""Optional"": 0.281}",0.736,0.799,0.281,0,FALSE,1,hcmc,FALSE,FALSE,FALSE,shopping > fashion_and_apparel_store > eyewear_store > sunglasses_store,Retail & Shopping,reviewed_same_name,sunglasses_store,1,1,,FALSE
cambodian_restaurant,Food & Drink,1,taxonomy,Social,Social,"{""Necessary"": 0.022, ""Social"": 0.41, ""Optional"": 0.021}",0.022,0.41,0.021,1,TRUE,1,can_tho,FALSE,FALSE,FALSE,food_and_drink > restaurant > asian_restaurant > southeast_asian_restaurant > cambodian_restaurant,Food & Drink,reviewed_same_name,cambodian_restaurant,1,1,,FALSE
rodeo,Recreation & Sport,1,taxonomy,Social,Social|Optional,"{""Necessary"": 0.445, ""Social"": 0.898, ""Optional"": 0.654}",0.445,0.898,0.654,0,FALSE,1,hanoi,FALSE,FALSE,FALSE,arts_and_entertainment > rural_attraction > rodeo,Recreation & Sport,reviewed_same_name,rodeo,1,1,,FALSE
community_garden,Recreation & Sport,1,taxonomy,Social,Social|Optional,"{""Necessary"": 0.08, ""Social"": 0.986, ""Optional"": 0.534}",0.08,0.986,0.534,1,TRUE,1,hcmc,FALSE,FALSE,FALSE,geographic_entities > built_feature > garden > community_garden,Civic & Government,reviewed_id_match,community_gardens,1,1,,FALSE
rugby_pitch,Recreation & Sport,1,taxonomy,Optional,Optional|Social,"{""Necessary"": 0.089, ""Social"": 0.741, ""Optional"": 0.772}",0.089,0.741,0.772,0,FALSE,1,hcmc,FALSE,FALSE,FALSE,sports_and_recreation > sport_or_fitness_facility > sport_field > rugby_pitch,Recreation & Sport,reviewed_same_name,rugby_pitch,1,1,,FALSE
sailing_club,Recreation & Sport,1,taxonomy,Social,Social,"{""Necessary"": 0.075, ""Social"": 0.853, ""Optional"": 0.325}",0.075,0.853,0.325,0,FALSE,1,hcmc,FALSE,FALSE,FALSE,sports_and_recreation > sport_or_recreation_club > sailing_club,Recreation & Sport,reviewed_same_name,sailing_club,1,1,,FALSE
scandinavian_restaurant,Food & Drink,1,taxonomy,Social,Social,"{""Necessary"": 0.026, ""Social"": 0.472, ""Optional"": 0.049}",0.026,0.472,0.049,1,TRUE,1,hcmc,FALSE,FALSE,FALSE,food_and_drink > restaurant > european_restaurant > scandinavian_restaurant,Food & Drink,reviewed_same_name,scandinavian_restaurant,1,1,,FALSE
school_district_office,Civic & Government,1,taxonomy,Necessary,Necessary,"{""Necessary"": 0.044, ""Social"": 0.701, ""Optional"": 0.093}",0.044,0.701,0.093,0,FALSE,1,da_nang,FALSE,FALSE,FALSE,education > education_office > school_district_office,Education,reviewed_id_match,school_district_offices,1,1,,FALSE
scout_hall,Community & Religion,1,taxonomy,Necessary,Necessary,"{""Necessary"": 0.24, ""Social"": 0.928, ""Optional"": 0.8}",0.24,0.928,0.8,0,FALSE,1,hanoi,FALSE,FALSE,FALSE,community_and_government > social_or_community_service > scout_hall,Community & Religion,reviewed_same_name,scout_hall,1,1,,FALSE
civic_organization,Civic & Government,1,taxonomy,Necessary,Necessary,"{""Necessary"": 0.074, ""Social"": 0.039, ""Optional"": 0.005}",0.074,0.039,0.005,0,FALSE,1,hanoi,FALSE,FALSE,FALSE,community_and_government > civic_organization,Civic & Government,reviewed_id_match,organization,1,1,,FALSE
chilean_restaurant,Food & Drink,1,taxonomy,Social,Social,"{""Necessary"": 0.028, ""Social"": 0.497, ""Optional"": 0.053}",0.028,0.497,0.053,1,TRUE,1,can_tho,FALSE,FALSE,FALSE,food_and_drink > restaurant > latin_american_restaurant > south_american_restaurant > chilean_restaurant,Food & Drink,reviewed_same_name,chilean_restaurant,1,1,,FALSE
shipping_collection_service,Business & Professional Services,1,taxonomy,Necessary,Necessary,"{""Necessary"": 0.522, ""Social"": 0.325, ""Optional"": 0.018}",0.522,0.325,0.018,0,FALSE,1,hcmc,FALSE,FALSE,FALSE,services_and_business > shipping_or_delivery_service > shipping_collection_service,Automotive & Transport,reviewed_id_match,shipping_collection_services,1,1,,FALSE
candle_store,Retail & Shopping,1,taxonomy,Necessary,Necessary,"{""Necessary"": 0.055, ""Social"": 0.801, ""Optional"": 0.299}",0.736,0.801,0.299,0,FALSE,1,hcmc,FALSE,FALSE,FALSE,shopping > specialty_store > hardware_home_and_garden_store > candle_store,Retail & Shopping,reviewed_same_name,candle_store,1,1,,FALSE
ski_and_snowboard_store,Retail & Shopping,0.376,bart,Necessary,Necessary,"{""Necessary"": 0.035, ""Social"": 0.221, ""Optional"": 0.359}",0.736,0.221,0.359,0,FALSE,1,hcmc,FALSE,FALSE,FALSE,shopping > specialty_store > sporting_goods_store > ski_and_snowboard_store,Retail & Shopping,reviewed_id_match,ski_and_snowboard_shop,1,1,,FALSE
slovakian_restaurant,Food & Drink,1,taxonomy,Social,Social,"{""Necessary"": 0.028, ""Social"": 0.48, ""Optional"": 0.05}",0.028,0.48,0.05,1,TRUE,1,hanoi,FALSE,FALSE,FALSE,food_and_drink > restaurant > european_restaurant > central_european_restaurant > slovakian_restaurant,Food & Drink,reviewed_same_name,slovakian_restaurant,1,1,,FALSE
entertainment_law,Business & Professional Services,1,taxonomy,Necessary,Necessary,"{""Necessary"": 0.002, ""Social"": 0.937, ""Optional"": 0.943}",0.002,0.937,0.943,0,FALSE,1,can_tho,FALSE,FALSE,FALSE,services_and_business > legal_service > attorney_or_law_firm > entertainment_law,Business & Professional Services,reviewed_same_name,entertainment_law,1,1,,FALSE
cafeteria,Food & Drink,1,taxonomy,Social,Social,"{""Necessary"": 0.085, ""Social"": 0.978, ""Optional"": 0.005}",0.085,0.978,0.005,1,TRUE,1,hcmc,FALSE,FALSE,FALSE,food_and_drink > restaurant > cafeteria,Food & Drink,reviewed_same_name,cafeteria,1,1,,FALSE
business_school,Education,1,taxonomy,Necessary,Necessary,"{""Necessary"": 0.501, ""Social"": 0.249, ""Optional"": 0.003}",0.501,0.249,0.003,0,FALSE,1,hcmc,FALSE,FALSE,FALSE,education > place_of_learning > college_university > business_school,Education,reviewed_id_match,business_schools,1,1,,FALSE
business_office_supplies_and_stationery,Business & Professional Services,1,taxonomy,Necessary,Necessary,"{""Necessary"": 0.206, ""Social"": 0.01, ""Optional"": 0.001}",0.206,0.01,0.001,0,FALSE,1,hcmc,FALSE,FALSE,FALSE,services_and_business > b2b_service > supplier_or_distributor > business_office_supplies_and_stationery,Business & Professional Services,reviewed_same_name,business_office_supplies_and_stationery,1,1,,FALSE
business_law,Business & Professional Services,1,taxonomy,Necessary,Necessary,"{""Necessary"": 0.231, ""Social"": 0.824, ""Optional"": 0.243}",0.231,0.824,0.243,0,FALSE,1,hcmc,FALSE,FALSE,FALSE,services_and_business > legal_service > attorney_or_law_firm > business_law,Business & Professional Services,reviewed_same_name,business_law,1,1,,FALSE
bulgarian_restaurant,Food & Drink,1,taxonomy,Social,Social,"{""Necessary"": 0.021, ""Social"": 0.544, ""Optional"": 0.024}",0.021,0.544,0.024,1,TRUE,1,hanoi,FALSE,FALSE,FALSE,food_and_drink > restaurant > european_restaurant > eastern_european_restaurant > bulgarian_restaurant,Food & Drink,reviewed_same_name,bulgarian_restaurant,1,1,,FALSE
building_contractor,Home & Garden Services,1,taxonomy,Necessary,Necessary,"{""Necessary"": 0.245, ""Social"": 0.922, ""Optional"": 0.544}",0.245,0.922,0.544,0,FALSE,1,hcmc,FALSE,FALSE,FALSE,services_and_business > home_service > contractor > building_contractor,Home & Garden Services,reviewed_same_name,building_contractor,1,1,,FALSE
brake_service_and_repair,Retail & Shopping,1,taxonomy,Necessary,Necessary,"{""Necessary"": 0.79, ""Social"": 0.424, ""Optional"": 0.003}",0.736,0.424,0.003,0,FALSE,1,hanoi,FALSE,FALSE,FALSE,travel_and_transportation > vehicle_service > automotive_service > automotive_repair > brake_service_and_repair,Automotive & Transport,reviewed_same_name,brake_service_and_repair,1,1,,FALSE
bookkeeper,Business & Professional Services,1,taxonomy,Necessary,Necessary,"{""Necessary"": 0.245, ""Social"": 0.808, ""Optional"": 0.379}",0.245,0.808,0.379,0,FALSE,1,da_nang,FALSE,FALSE,FALSE,services_and_business > professional_service > bookkeeper,Business & Professional Services,reviewed_same_name,bookkeeper,1,1,,FALSE
body_contouring,Beauty & Personal Care,1,taxonomy,Optional,Social|Optional,"{""Necessary"": 0.163, ""Social"": 0.913, ""Optional"": 0.235}",0.848,0.913,0.235,0,FALSE,1,hcmc,FALSE,FALSE,FALSE,health_care > outpatient_care_facility > specialized_health_care > medical_skin_care > body_contouring,Healthcare,reviewed_same_name,body_contouring,1,1,,FALSE
sports_psychology,Healthcare,1,taxonomy,Necessary,Necessary,"{""Necessary"": 0.053, ""Social"": 0.899, ""Optional"": 0.737}",0.053,0.899,0.737,0,FALSE,1,hanoi,FALSE,FALSE,FALSE,health_care > outpatient_care_facility > behavioral_or_mental_health_clinic > psychiatry_or_psychology_service > psychology > sports_psychology,Healthcare,reviewed_id_match,sports_psychologist,1,1,,FALSE
street_art,Culture & Arts,1,taxonomy,Social,Social|Optional,"{""Necessary"": 0.346, ""Social"": 0.939, ""Optional"": 0.759}",0.346,0.939,0.759,1,TRUE,1,hcmc,FALSE,FALSE,FALSE,arts_and_entertainment > arts_and_crafts_space > street_art,Culture & Arts,reviewed_same_name,street_art,1,1,,FALSE
rock_climbing_gym,Recreation & Sport,1,taxonomy,Social,Social,"{""Necessary"": 0.07, ""Social"": 0.634, ""Optional"": 0.267}",0.07,0.634,0.267,0,FALSE,1,hcmc,FALSE,FALSE,FALSE,sports_and_recreation > sport_or_fitness_facility > rock_climbing_gym,Recreation & Sport,reviewed_same_name,rock_climbing_gym,1,1,,FALSE
rice_store,Retail & Shopping,0.446,bart,Necessary,Necessary,"{""Necessary"": 0.327, ""Social"": 0.901, ""Optional"": 0.4}",0.736,0.901,0.4,0,FALSE,1,hcmc,FALSE,FALSE,FALSE,shopping > food_and_beverage_store > specialty_foods_store > rice_store,Daily Needs & Grocery,reviewed_id_match,rice_shop,1,1,,FALSE
contract_law,Business & Professional Services,1,taxonomy,Necessary,Necessary,"{""Necessary"": 0.215, ""Social"": 0.861, ""Optional"": 0.293}",0.215,0.861,0.293,0,FALSE,1,hcmc,FALSE,FALSE,FALSE,services_and_business > legal_service > attorney_or_law_firm > contract_law,Business & Professional Services,reviewed_same_name,contract_law,1,1,,FALSE
cosmetic_products_manufacturer,Business & Professional Services,1,taxonomy,Necessary,Necessary,"{""Necessary"": 0.525, ""Social"": 0.324, ""Optional"": 0.049}",0.525,0.324,0.049,0,FALSE,1,hanoi,FALSE,FALSE,FALSE,services_and_business > b2b_service > manufacturer > cosmetic_products_manufacturer,Business & Professional Services,reviewed_same_name,cosmetic_products_manufacturer,1,1,,FALSE
engine_repair_service,Business & Professional Services,1,taxonomy,Necessary,Necessary,"{""Necessary"": 0.53, ""Social"": 0.469, ""Optional"": 0.002}",0.53,0.469,0.002,0,FALSE,1,hcmc,FALSE,FALSE,FALSE,travel_and_transportation > vehicle_service > automotive_service > automotive_repair > engine_repair_service,Automotive & Transport,reviewed_same_name,engine_repair_service,1,1,,FALSE
polish_restaurant,Food & Drink,1,taxonomy,Social,Social,"{""Necessary"": 0.017, ""Social"": 0.482, ""Optional"": 0.023}",0.017,0.482,0.023,1,TRUE,1,hanoi,FALSE,FALSE,FALSE,food_and_drink > restaurant > european_restaurant > central_european_restaurant > polish_restaurant,Food & Drink,reviewed_same_name,polish_restaurant,1,1,,FALSE
electronics_repair_shop,Business & Professional Services,1,taxonomy,Necessary,Necessary,"{""Necessary"": 0.067, ""Social"": 0.018, ""Optional"": 0.001}",0.067,0.018,0.001,0,FALSE,1,hcmc,FALSE,FALSE,FALSE,services_and_business > technical_service > electronics_repair_shop,Business & Professional Services,reviewed_same_name,electronics_repair_shop,1,1,,FALSE
electronic_parts_supplier,Business & Professional Services,1,taxonomy,Necessary,Necessary,"{""Necessary"": 0.063, ""Social"": 0.567, ""Optional"": 0.18}",0.063,0.567,0.18,0,FALSE,1,hcmc,FALSE,FALSE,FALSE,services_and_business > b2b_service > supplier_or_distributor > electronic_parts_supplier,Business & Professional Services,reviewed_same_name,electronic_parts_supplier,1,1,,FALSE
electrical_wholesaler,Business & Professional Services,1,taxonomy,Necessary,Necessary,"{""Necessary"": 0.511, ""Social"": 0.42, ""Optional"": 0.15}",0.511,0.42,0.15,0,FALSE,1,hanoi,FALSE,FALSE,FALSE,services_and_business > b2b_service > wholesaler > electrical_wholesaler,Business & Professional Services,reviewed_same_name,electrical_wholesaler,1,1,,FALSE
ecuadorian_restaurant,Food & Drink,1,taxonomy,Social,Social,"{""Necessary"": 0.023, ""Social"": 0.494, ""Optional"": 0.02}",0.023,0.494,0.02,1,TRUE,1,hanoi,FALSE,FALSE,FALSE,food_and_drink > restaurant > latin_american_restaurant > south_american_restaurant > ecuadorian_restaurant,Food & Drink,reviewed_same_name,ecuadorian_restaurant,1,1,,FALSE
dumpster_rental,Business & Professional Services,1,taxonomy,Necessary,Necessary,"{""Necessary"": 0.319, ""Social"": 0.216, ""Optional"": 0.141}",0.319,0.216,0.141,0,FALSE,1,da_nang,FALSE,FALSE,FALSE,services_and_business > rental_service > dumpster_rental,Business & Professional Services,reviewed_id_match,dumpster_rentals,1,1,,FALSE
dumpling_restaurant,Food & Drink,1,taxonomy,Social,Social,"{""Necessary"": 0.024, ""Social"": 0.367, ""Optional"": 0.011}",0.024,0.367,0.011,1,TRUE,1,hanoi,FALSE,FALSE,FALSE,food_and_drink > restaurant > dumpling_restaurant,Food & Drink,reviewed_same_name,dumpling_restaurant,1,1,,FALSE
produce_wholesaler,Business & Professional Services,1,taxonomy,Necessary,Necessary,"{""Necessary"": 0.494, ""Social"": 0.371, ""Optional"": 0.014}",0.494,0.371,0.014,0,FALSE,1,hcmc,FALSE,FALSE,FALSE,services_and_business > b2b_service > wholesaler > produce_wholesaler,Business & Professional Services,reviewed_same_name,produce_wholesaler,1,1,,FALSE
door_sales_service,Home & Garden Services,1,taxonomy,Necessary,Necessary,"{""Necessary"": 0.141, ""Social"": 0.677, ""Optional"": 0.134}",0.141,0.677,0.134,0,FALSE,1,hanoi,FALSE,FALSE,FALSE,services_and_business > home_service > door_sales_service,Home & Garden Services,reviewed_same_name,door_sales_service,1,1,,FALSE
dog_walker,Pet Services,1,taxonomy,Necessary,Necessary,"{""Necessary"": 0.504, ""Social"": 0.967, ""Optional"": 0.883}",0.504,0.967,0.883,0,FALSE,1,hanoi,FALSE,FALSE,FALSE,lifestyle_services > animal_or_pet_service > pet_care_service > dog_walker,Pet Services,reviewed_id_match,dog_walkers,1,1,,FALSE
disability_law,Business & Professional Services,1,taxonomy,Necessary,Necessary,"{""Necessary"": 0.071, ""Social"": 0.877, ""Optional"": 0.247}",0.071,0.877,0.247,0,FALSE,1,hanoi,FALSE,FALSE,FALSE,services_and_business > legal_service > attorney_or_law_firm > disability_law,Business & Professional Services,reviewed_same_name,disability_law,1,1,,FALSE
digitizing_service,Education,1,taxonomy,Necessary,Necessary,"{""Necessary"": 0.606, ""Social"": 0.43, ""Optional"": 0.164}",0.606,0.43,0.164,0,FALSE,1,hanoi,FALSE,FALSE,FALSE,services_and_business > media_service > digitizing_service,Business & Professional Services,reviewed_id_match,college_university,1,1,,FALSE
public_market,Daily Needs & Grocery,1,taxonomy,Necessary,Social|Necessary,"{""Necessary"": 0.542, ""Social"": 0.984, ""Optional"": 0.396}",0.542,0.984,0.396,1,TRUE,1,hanoi,FALSE,FALSE,FALSE,shopping > market > public_market,Daily Needs & Grocery,reviewed_same_name,public_market,1,1,,FALSE
dialysis_clinic,Healthcare,1,taxonomy,Necessary,Necessary,"{""Necessary"": 0.152, ""Social"": 0.032, ""Optional"": 0.001}",0.152,0.032,0.001,0,FALSE,1,hanoi,FALSE,FALSE,FALSE,health_care > specialized_medical_facility > dialysis_clinic,Healthcare,reviewed_same_name,dialysis_clinic,1,1,,FALSE
desert,Recreation & Sport,1,taxonomy,Social,Social|Optional,"{""Necessary"": 0.02, ""Social"": 0.735, ""Optional"": 0.666}",0.02,0.735,0.666,1,TRUE,1,hcmc,FALSE,FALSE,FALSE,geographic_entities > land_feature > desert,Recreation & Sport,reviewed_same_name,desert,1,1,,FALSE
dental_supply_store,Retail & Shopping,1,taxonomy,Necessary,Necessary,"{""Necessary"": 0.137, ""Social"": 0.057, ""Optional"": 0.002}",0.736,0.057,0.002,0,FALSE,1,hcmc,FALSE,FALSE,FALSE,shopping > specialty_store > medical_supply_store > dental_supply_store,Retail & Shopping,reviewed_same_name,dental_supply_store,1,1,,FALSE
racquetball_court,Recreation & Sport,1,taxonomy,Optional,Optional|Social,"{""Necessary"": 0.09, ""Social"": 0.66, ""Optional"": 0.837}",0.09,0.66,0.837,0,FALSE,1,hcmc,FALSE,FALSE,FALSE,sports_and_recreation > sport_or_fitness_facility > sport_court > racquetball_court,Recreation & Sport,reviewed_same_name,racquetball_court,1,1,,FALSE
decorative_arts_museum,Culture & Arts,1,taxonomy,Optional,Optional,"{""Necessary"": 0.003, ""Social"": 0.086, ""Optional"": 0.57}",0.003,0.086,0.57,1,TRUE,1,hcmc,FALSE,FALSE,FALSE,arts_and_entertainment > museum > art_museum > decorative_arts_museum,Culture & Arts,reviewed_same_name,decorative_arts_museum,1,1,,FALSE
rafting_kayaking_area,Recreation & Sport,1,taxonomy,Social,Social,"{""Necessary"": 0.073, ""Social"": 0.824, ""Optional"": 0.499}",0.073,0.824,0.499,0,FALSE,1,da_nang,FALSE,FALSE,FALSE,sports_and_recreation > sport_or_fitness_facility > water_sport > rafting_kayaking_area,Recreation & Sport,reviewed_same_name,rafting_kayaking_area,1,1,,FALSE
ranch,Agriculture & Industry,1,taxonomy,Necessary,Necessary,"{""Necessary"": 0.842, ""Social"": 0.695, ""Optional"": 0.47}",0.842,0.695,0.47,0,FALSE,1,hcmc,FALSE,FALSE,FALSE,services_and_business > agricultural_service > farm > ranch,Agriculture & Industry,reviewed_same_name,ranch,1,1,,FALSE
laboratory_equipment_supplier,Business & Professional Services,1,taxonomy,Necessary,Necessary,"{""Necessary"": 0.411, ""Social"": 0.041, ""Optional"": 0.005}",0.411,0.041,0.005,0,FALSE,1,hcmc,FALSE,FALSE,FALSE,services_and_business > b2b_service > supplier_or_distributor > laboratory_equipment_supplier,Business & Professional Services,reviewed_same_name,laboratory_equipment_supplier,1,1,,FALSE
customized_merchandise_store,Retail & Shopping,0.168,bart,Necessary,Necessary,"{""Necessary"": 0.032, ""Social"": 0.119, ""Optional"": 0.02}",0.736,0.119,0.02,0,FALSE,1,hcmc,FALSE,FALSE,FALSE,shopping > specialty_store > customized_merchandise_store,Retail & Shopping,reviewed_id_match,customized_merchandise,1,1,,FALSE
recording_and_rehearsal_studio,Business & Professional Services,1,taxonomy,Necessary,Necessary,"{""Necessary"": 0.003, ""Social"": 0.001, ""Optional"": 0.0}",0.003,0.001,0,0,FALSE,1,hcmc,FALSE,FALSE,FALSE,services_and_business > media_service > recording_and_rehearsal_studio,Business & Professional Services,reviewed_same_name,recording_and_rehearsal_studio,1,1,,FALSE
recreational_trail_or_path,Recreation & Sport,1,taxonomy,Social,Social|Optional,"{""Necessary"": 0.4, ""Social"": 0.815, ""Optional"": 0.603}",0.4,0.815,0.603,1,TRUE,1,hcmc,FALSE,FALSE,FALSE,sports_and_recreation > recreational_trail_or_path,Recreation & Sport,reviewed_id_match,trail,1,1,,FALSE
3d_printing_service,Business & Professional Services,1,taxonomy,Necessary,Necessary,"{""Necessary"": 0.981, ""Social"": 0.859, ""Optional"": 0.268}",0.981,0.859,0.268,0,FALSE,1,hcmc,FALSE,FALSE,FALSE,services_and_business > printing_service > 3d_printing_service,Business & Professional Services,reviewed_id_match,printing_services,1,1,,FALSE
