new_category,old_category,n_places,method,old_is_reviewed
3d_printing_service,printing_services,1,id_match,True
abortion_clinic,abortion_clinic,2,id_match,True
abuse_and_addiction_treatment_center,abuse_and_addiction_treatment,26,id_match,True
accountant,accountant,347,id_match,True
accountant,professional_services,2,id_match,True
accountant,educational_services,1,id_match,True
accountant,financial_service,1,id_match,True
acupuncture,acupuncture,62,id_match,True
addiction_rehabilitation_center,addiction_rehabilitation_center,1,id_match,True
adoption_service,adoption_services,1,id_match,True
adult_education_center,adult_education,2,id_match,True
adult_entertainment_venue,adult_entertainment,115,id_match,True
adult_entertainment_venue,grocery_store,1,id_match,True
adult_store,adult_store,1,id_match,True
advertising_agency,advertising_agency,1758,id_match,True
advertising_agency,marketing_agency,5,id_match,True
advertising_agency,party_and_event_planning,3,id_match,True
advertising_agency,professional_services,2,id_match,True
advertising_agency,fabric_store,1,id_match,True
advertising_agency,interior_design,1,id_match,True
advertising_agency,makeup_artist,1,id_match,True
advertising_agency,media_agency,1,id_match,True
advertising_agency,public_relations,1,id_match,True
afghani_restaurant,afghan_restaurant,3,id_match,True
african_restaurant,african_restaurant,12,id_match,True
agricultural_cooperative,agricultural_cooperatives,194,id_match,True
agricultural_cooperative,agricultural_service,2,id_match,True
agricultural_cooperative,agriculture,1,id_match,True
agricultural_service,agricultural_service,809,id_match,True
agricultural_service,agriculture,8,id_match,True
agricultural_service,agricultural_cooperatives,1,id_match,True
agriculture,agriculture,1025,id_match,True
agriculture,agricultural_service,6,id_match,True
agriculture,arts_and_entertainment,1,id_match,True
agriculture,b2b_science_and_technology,1,id_match,True
agriculture,real_estate_service,1,id_match,True
agriculture,restaurant,1,id_match,True
aircraft_dealer,aircraft_dealer,79,id_match,True
aircraft_service,aircraft_repair,3,id_match,True
airline,airline,307,id_match,True
airline,tours,1,id_match,True
airline_ticket_agency,airline_ticket_agency,4,id_match,True
airport,airport,248,id_match,True
airport_lounge,airport_lounge,34,id_match,True
airport_lounge,hotel,1,id_match,True
airport_shuttle,airport_shuttles,40,id_match,True
airport_terminal,airport_terminal,34,id_match,True
alcohol_and_drug_treatment_center,alcohol_and_drug_treatment_center,14,id_match,True
alcohol_and_drug_treatment_center,used_vintage_and_consignment,1,id_match,True
allergy_and_immunology,allergist,1,id_match,True
altering_and_remodeling_contractor,altering_and_remodeling_contractor,2,id_match,True
aluminum_supplier,aluminum_supplier,2,id_match,True
amateur_sport_team,amateur_sports_team,71,id_match,True
ambulance_or_ems_service,ambulance_and_ems_services,21,id_match,True
american_restaurant,american_restaurant,84,id_match,True
amusement_park,amusement_park,178,id_match,True
amusement_park,business_manufacturing_and_supply,1,id_match,True
amusement_park,tours,1,id_match,True
anesthesiology,anesthesiologist,1,id_match,True
animal_hospital,animal_hospital,1,id_match,True
animal_or_pet_service,pet_services,1524,id_match,True
animal_or_pet_service,pet_sitting,3,id_match,True
animal_or_pet_service,pet_store,3,id_match,True
animal_or_pet_service,veterinarian,2,id_match,True
animal_or_pet_service,clothing_store,1,id_match,True
animal_or_pet_service,shopping,1,id_match,True
animal_rescue_service,animal_rescue_service,6,id_match,True
animal_shelter,animal_shelter,53,id_match,True
animal_shelter,educational_services,1,id_match,True
animal_shelter,pet_store,1,id_match,True
animation_studio,animation_studio,8,id_match,True
antique_store,antique_store,101,id_match,True
antique_store,furniture_store,1,id_match,True
apartment,apartments,3,id_match,True
apparel_manufacturer,b2b_apparel,233,id_match,True
apparel_manufacturer,clothing_store,1,id_match,True
apparel_manufacturer,fashion_accessories_store,1,id_match,True
apparel_manufacturer,shopping,1,id_match,True
appliance_manufacturer,appliance_manufacturer,278,id_match,True
appliance_manufacturer,shopping,1,id_match,True
appliance_repair_service,appliance_repair_service,1570,id_match,True
appliance_repair_service,professional_services,3,id_match,True
appliance_repair_service,appliance_store,1,id_match,True
appliance_repair_service,commercial_refrigeration,1,id_match,True
appliance_repair_service,computer_store,1,id_match,True
appliance_repair_service,contractor,1,id_match,True
appliance_repair_service,hvac_services,1,id_match,True
appliance_repair_service,shopping,1,id_match,True
appliance_repair_service,tv_mounting,1,id_match,True
appliance_store,appliance_store,379,id_match,True
appliance_store,shopping,2,id_match,True
appliance_store,home_goods_store,1,id_match,True
appliance_store,professional_services,1,id_match,True
appraisal_service,appraisal_services,497,id_match,True
appraisal_service,real_estate_service,8,id_match,True
appraisal_service,real_estate_agent,1,id_match,True
aquarium,aquarium,47,id_match,True
aquatic_pet_store,aquatic_pet_store,934,id_match,True
aquatic_pet_store,aquarium,2,id_match,True
aquatic_pet_store,shopping,2,id_match,True
aquatic_pet_store,boat_parts_and_supply_store,1,id_match,True
aquatic_pet_store,language_school,1,id_match,True
arcade,arcade,244,id_match,True
arcade,construction_services,1,id_match,True
arcade,shopping,1,id_match,True
arcade,sports_and_recreation_venue,1,id_match,True
archery_range,archery_range,4,id_match,True
archery_store,archery_shop,1,id_match,True
architect,architect,3,id_match,True
architect,architectural_designer,1,id_match,True
architectural_designer,architectural_designer,2100,id_match,True
architectural_designer,construction_services,8,id_match,True
architectural_designer,interior_design,3,id_match,True
architectural_designer,professional_services,3,id_match,True
architectural_designer,art_school,1,id_match,True
architectural_designer,department_store,1,id_match,True
architectural_designer,engineering_services,1,id_match,True
architectural_designer,freight_and_cargo_service,1,id_match,True
architectural_designer,furniture_store,1,id_match,True
architectural_designer,home_improvement_store,1,id_match,True
architectural_designer,lighting_store,1,id_match,True
architectural_designer,party_and_event_planning,1,id_match,True
architectural_designer,wholesale_store,1,id_match,True
architectural_tour,architectural_tours,3,id_match,True
argentine_restaurant,argentine_restaurant,1,id_match,True
aromatherapy,aromatherapy,55,id_match,True
aromatherapy,beauty_product_supplier,1,id_match,True
aromatherapy,flowers_and_gifts_shop,1,id_match,True
aromatherapy,grocery_store,1,id_match,True
aromatherapy,shopping,1,id_match,True
art_gallery,art_gallery,732,id_match,True
art_gallery,art_school,2,id_match,True
art_gallery,professional_services,2,id_match,True
art_gallery,automotive_repair,1,id_match,True
art_gallery,boot_camp,1,id_match,True
art_gallery,education,1,id_match,True
art_gallery,spas,1,id_match,True
art_museum,art_museum,40,id_match,True
art_museum,art_gallery,1,id_match,True
art_museum,nature_reserve,1,id_match,True
art_restoration_service,art_restoration_service,12,id_match,True
art_school,art_school,833,id_match,True
art_school,music_school,2,id_match,True
art_school,active_life,1,id_match,True
art_school,dance_school,1,id_match,True
arts_and_entertainment,arts_and_entertainment,2796,id_match,True
arts_and_entertainment,dance_school,2,id_match,True
arts_and_entertainment,shopping,2,id_match,True
arts_and_entertainment,amusement_park,1,id_match,True
arts_and_entertainment,art_gallery,1,id_match,True
arts_and_entertainment,art_school,1,id_match,True
arts_and_entertainment,broadcasting_media_production,1,id_match,True
arts_and_entertainment,education,1,id_match,True
arts_and_entertainment,flowers_and_gifts_shop,1,id_match,True
arts_and_entertainment,holiday_rental_home,1,id_match,True
arts_and_entertainment,music_venue,1,id_match,True
arts_and_entertainment,musical_instrument_store,1,id_match,True
arts_and_entertainment,party_and_event_planning,1,id_match,True
arts_and_entertainment,pool_billiards,1,id_match,True
arts_and_entertainment,professional_services,1,id_match,True
arts_and_entertainment,religious_organization,1,id_match,True
arts_and_entertainment,smoothie_juice_bar,1,id_match,True
arts_and_entertainment,yoga_studio,1,id_match,True
arts_crafts_and_hobby_store,arts_and_crafts,1463,id_match,True
arts_crafts_and_hobby_store,shopping,3,id_match,True
arts_crafts_and_hobby_store,flowers_and_gifts_shop,2,id_match,True
arts_crafts_and_hobby_store,clothing_store,1,id_match,True
arts_crafts_and_hobby_store,fabric_store,1,id_match,True
arts_crafts_and_hobby_store,fashion_accessories_store,1,id_match,True
arts_crafts_and_hobby_store,home_and_garden,1,id_match,True
arts_crafts_and_hobby_store,home_goods_store,1,id_match,True
arts_crafts_and_hobby_store,wholesale_store,1,id_match,True
asian_art_museum,asian_art_museum,3,id_match,True
asian_fusion_restaurant,asian_fusion_restaurant,37,id_match,True
asian_fusion_restaurant,restaurant,1,id_match,True
asian_fusion_restaurant,vietnamese_restaurant,1,id_match,True
asian_restaurant,asian_restaurant,1333,id_match,True
asian_restaurant,restaurant,17,id_match,True
asian_restaurant,vietnamese_restaurant,6,id_match,True
asian_restaurant,korean_restaurant,3,id_match,True
asian_restaurant,chinese_restaurant,1,id_match,True
asian_restaurant,clothing_store,1,id_match,True
asian_restaurant,diner,1,id_match,True
asian_restaurant,eat_and_drink,1,id_match,True
asian_restaurant,japanese_restaurant,1,id_match,True
asian_restaurant,linen,1,id_match,True
asian_restaurant,night_market,1,id_match,True
asian_restaurant,singaporean_restaurant,1,id_match,True
astrological_advising,astrologer,17,id_match,True
atm,atms,512,id_match,True
atm,bank_credit_union,3,id_match,True
attorney_or_law_firm,lawyer,1358,id_match,True
attorney_or_law_firm,legal_services,3,id_match,True
attorney_or_law_firm,party_and_event_planning,2,id_match,True
attorney_or_law_firm,business_management_services,1,id_match,True
attorney_or_law_firm,criminal_defense_law,1,id_match,True
attorney_or_law_firm,divorce_and_family_law,1,id_match,True
attorney_or_law_firm,landmark_and_historical_building,1,id_match,True
atv_recreation_park,atv_recreation_park,3,id_match,True
atv_rental_tour,atv_rentals_and_tours,17,id_match,True
auction_house,auction_house,25,id_match,True
auction_house,shopping,1,id_match,True
audio_visual_equipment_store,audio_visual_equipment_store,526,id_match,True
audio_visual_equipment_store,electronics,2,id_match,True
audio_visual_equipment_store,information_technology_company,1,id_match,True
audiology,audiologist,5,id_match,True
audiovisual_equipment_rental,audiovisual_equipment_rental,6,id_match,True
auditorium,auditorium,15,id_match,True
australian_restaurant,australian_restaurant,1,id_match,True
auto_body_shop,auto_body_shop,26,id_match,True
auto_company,auto_company,303,id_match,True
auto_company,auto_manufacturers_and_distributors,1,id_match,True
auto_company,commercial_vehicle_dealer,1,id_match,True
auto_company,motorcycle_dealer,1,id_match,True
auto_company,professional_services,1,id_match,True
auto_company,shopping,1,id_match,True
auto_company,tire_dealer_and_repair,1,id_match,True
auto_customization,auto_customization,229,id_match,True
auto_customization,automotive_repair,4,id_match,True
auto_customization,auto_company,1,id_match,True
auto_dealer,car_dealer,6871,id_match,True
auto_dealer,automotive_services_and_repair,5,id_match,True
auto_dealer,truck_dealer,5,id_match,True
auto_dealer,automotive_repair,4,id_match,True
auto_dealer,auto_parts_and_supply_store,3,id_match,True
auto_dealer,shopping,3,id_match,True
auto_dealer,real_estate_service,2,id_match,True
auto_dealer,used_car_dealer,2,id_match,True
auto_dealer,bubble_tea,1,id_match,True
auto_dealer,business_advertising,1,id_match,True
auto_dealer,car_rental_agency,1,id_match,True
auto_dealer,motorcycle_dealer,1,id_match,True
auto_dealer,motorcycle_repair,1,id_match,True
auto_dealer,parking,1,id_match,True
auto_dealer,shopping_center,1,id_match,True
auto_dealer,telecommunications_company,1,id_match,True
auto_dealer,vietnamese_restaurant,1,id_match,True
auto_detailing,auto_detailing,813,id_match,True
auto_detailing,car_wash,4,id_match,True
auto_detailing,auto_parts_and_supply_store,1,id_match,True
auto_detailing,automotive_repair,1,id_match,True
auto_detailing,automotive_services_and_repair,1,id_match,True
auto_detailing,motorcycle_repair,1,id_match,True
auto_glass_service,auto_glass_service,52,id_match,True
auto_insurance,auto_insurance,1,id_match,True
auto_leasing,automobile_leasing,109,id_match,True
auto_leasing,party_supply,1,id_match,True
auto_manufacturer,auto_manufacturers_and_distributors,96,id_match,True
auto_parts_store,auto_parts_and_supply_store,2584,id_match,True
auto_parts_store,automotive_repair,4,id_match,True
auto_parts_store,car_dealer,4,id_match,True
auto_parts_store,motorcycle_repair,4,id_match,True
auto_parts_store,auto_customization,2,id_match,True
auto_parts_store,fashion_accessories_store,2,id_match,True
auto_parts_store,auto_body_shop,1,id_match,True
auto_parts_store,auto_detailing,1,id_match,True
auto_parts_store,automotive_services_and_repair,1,id_match,True
auto_parts_store,car_wash,1,id_match,True
auto_parts_store,fast_food_restaurant,1,id_match,True
auto_parts_store,shopping,1,id_match,True
auto_parts_store,tire_dealer_and_repair,1,id_match,True
auto_restoration_service,auto_restoration_services,17,id_match,True
auto_restoration_service,automotive_repair,1,id_match,True
auto_upholstery,auto_upholstery,1,id_match,True
automation_service,automation_services,185,id_match,True
automation_service,industrial_equipment,1,id_match,True
automobile_registration_service,automobile_registration_service,21,id_match,True
automotive_consultant,automotive_consultant,146,id_match,True
automotive_consultant,car_dealer,1,id_match,True
automotive_repair,automotive_repair,3484,id_match,True
automotive_repair,car_dealer,9,id_match,True
automotive_repair,auto_parts_and_supply_store,6,id_match,True
automotive_repair,car_wash,4,id_match,True
automotive_repair,auto_detailing,3,id_match,True
automotive_repair,automotive_services_and_repair,3,id_match,True
automotive_repair,auto_customization,2,id_match,True
automotive_repair,professional_services,2,id_match,True
automotive_repair,auto_manufacturers_and_distributors,1,id_match,True
automotive_repair,car_rental_agency,1,id_match,True
automotive_repair,car_window_tinting,1,id_match,True
automotive_repair,fashion_accessories_store,1,id_match,True
automotive_repair,oil_change_station,1,id_match,True
automotive_repair,shopping,1,id_match,True
automotive_repair,shopping_center,1,id_match,True
automotive_repair,tire_dealer_and_repair,1,id_match,True
automotive_repair,travel_services,1,id_match,True
automotive_service,automotive_services_and_repair,894,id_match,True
automotive_service,car_dealer,5,id_match,True
automotive_service,automotive_repair,3,id_match,True
automotive_service,professional_services,2,id_match,True
automotive_service,aquatic_pet_store,1,id_match,True
automotive_service,auto_detailing,1,id_match,True
automotive_service,auto_parts_and_supply_store,1,id_match,True
automotive_service,fashion_accessories_store,1,id_match,True
automotive_service,used_car_dealer,1,id_match,True
automotive_storage_facility,automotive_storage_facility,11,id_match,True
automotive_wheel_polishing_service,automotive_wheel_polishing_service,9,id_match,True
aviation_museum,aviation_museum,6,id_match,True
avionics_shop,avionics_shop,25,id_match,True
b2b_advertising_and_marketing_service,business_advertising,627,id_match,True
b2b_advertising_and_marketing_service,advertising_agency,3,id_match,True
b2b_advertising_and_marketing_service,internet_marketing_service,1,id_match,True
b2b_advertising_and_marketing_service,printing_services,1,id_match,True
b2b_advertising_and_marketing_service,real_estate_agent,1,id_match,True
b2b_advertising_and_marketing_service,sign_making,1,id_match,True
b2b_audio_visual_production,audio_visual_production_and_design,1,id_match,True
b2b_business_management_service,business_management_services,102,id_match,True
b2b_business_management_service,b2b_apparel,1,id_match,True
b2b_coal_and_coke,coal_and_coke,1,id_match,True
b2b_dental_lab,dental_laboratories,1,id_match,True
b2b_energy_and_utility_service,b2b_energy_and_mining,391,id_match,True
b2b_energy_and_utility_service,solar_installation,4,id_match,True
b2b_environmental_service,wood_and_pulp,107,id_match,True
b2b_equipment_maintenance_and_repair,b2b_equipment_maintenance_and_repair,4,id_match,True
b2b_executive_search_consultants,executive_search_consultants,2,id_match,True
b2b_farming,b2b_farming,1,id_match,True
b2b_food_products,b2b_food_products,3,id_match,True
b2b_hospital_equipment_and_supplies,hospital_equipment_and_supplies,2,id_match,True
b2b_human_resource_service,human_resource_services,6,id_match,True
b2b_industrial_and_machine_service,scrap_metals,1,id_match,True
b2b_marketing_consultant,marketing_consultant,41,id_match,True
b2b_medical_support_service,b2b_medical_support_services,1,id_match,True
b2b_mining,mining,39,id_match,True
b2b_newspaper_advertising,newspaper_advertising,1,id_match,True
b2b_oil_and_gas,oil_and_gas,1,id_match,True
b2b_promotional_products_and_services,promotional_products_and_services,2,id_match,True
b2b_radio_and_television_commercials,radio_and_television_commercials,1,id_match,True
b2b_science_and_technology_service,b2b_science_and_technology,512,id_match,True
b2b_science_and_technology_service,construction_services,1,id_match,True
b2b_science_and_technology_service,furniture_store,1,id_match,True
b2b_science_and_technology_service,shopping_center,1,id_match,True
b2b_scientific_equipment,b2b_scientific_equipment,3,id_match,True
b2b_secretarial_service,secretarial_services,1,id_match,True
b2b_service,business_to_business,52,id_match,True
b2b_surgical_appliances_and_supplies,surgical_appliances_and_supplies,640,id_match,True
b2b_surgical_appliances_and_supplies,medical_supply,2,id_match,True
b2b_surgical_appliances_and_supplies,health_and_medical,1,id_match,True
b2b_surgical_appliances_and_supplies,laboratory_testing,1,id_match,True
b2b_surgical_appliances_and_supplies,party_and_event_planning,1,id_match,True
b2b_telemarketing_service,telemarketing_services,13,id_match,True
b2b_transportation_and_storage_service,business_storage_and_transportation,1,id_match,True
b2b_water_treatment_service,water_treatment_equipment_and_services,350,id_match,True
b2b_water_treatment_service,environmental_and_ecological_services_for_businesses,1,id_match,True
b2b_water_treatment_service,professional_services,1,id_match,True
b2b_water_treatment_service,shopping,1,id_match,True
b2b_water_treatment_service,wholesale_store,1,id_match,True
baby_gear_and_nursery_store,baby_gear_and_furniture,2,id_match,True
badminton_court,badminton_court,238,id_match,True
bagel_shop,bagel_shop,23,id_match,True
bags_luggage_company,bags_luggage_company,53,id_match,True
bags_luggage_company,fashion_accessories_store,1,id_match,True
bail_bonds_service,bail_bonds_service,3,id_match,True
bakery,bakery,6792,id_match,True
bakery,cupcake_shop,5,id_match,True
bakery,restaurant,3,id_match,True
bakery,coffee_shop,2,id_match,True
bakery,fashion_accessories_store,2,id_match,True
bakery,grocery_store,2,id_match,True
bakery,barber,1,id_match,True
bakery,bubble_tea,1,id_match,True
bakery,candy_store,1,id_match,True
bakery,diner,1,id_match,True
bakery,flowers_and_gifts_shop,1,id_match,True
bakery,food_truck,1,id_match,True
bakery,italian_restaurant,1,id_match,True
bakery,korean_restaurant,1,id_match,True
bakery,vietnamese_restaurant,1,id_match,True
balloon_port,balloon_ports,4,id_match,True
bangladeshi_restaurant,bangladeshi_restaurant,1,id_match,True
bank,banks,335,id_match,True
bank,bank_credit_union,4,id_match,True
bank,financial_advising,1,id_match,True
bank,installment_loans,1,id_match,True
bank_equipment_service,bank_equipment_service,18,id_match,True
bank_or_credit_union,bank_credit_union,2331,id_match,True
bank_or_credit_union,banks,7,id_match,True
bank_or_credit_union,atms,5,id_match,True
bank_or_credit_union,party_and_event_planning,4,id_match,True
bank_or_credit_union,credit_union,3,id_match,True
bank_or_credit_union,financial_service,1,id_match,True
bank_or_credit_union,river,1,id_match,True
bankruptcy_law,bankruptcy_law,2,id_match,True
baptist_place_of_worship,baptist_church,5,id_match,True
bar,bar,2377,id_match,True
bar,dance_club,3,id_match,True
bar,party_and_event_planning,3,id_match,True
bar,restaurant,3,id_match,True
bar,coffee_shop,2,id_match,True
bar,eat_and_drink,2,id_match,True
bar,japanese_restaurant,2,id_match,True
bar,karaoke,2,id_match,True
bar,lounge,2,id_match,True
bar,beer_bar,1,id_match,True
bar,boutique,1,id_match,True
bar,cafe,1,id_match,True
bar,cocktail_bar,1,id_match,True
bar,fashion,1,id_match,True
bar,hookah_bar,1,id_match,True
bar,hotel_bar,1,id_match,True
bar,liquor_store,1,id_match,True
bar,pizza_restaurant,1,id_match,True
bar,pub,1,id_match,True
bar,sports_bar,1,id_match,True
bar,vietnamese_restaurant,1,id_match,True
bar_and_grill_restaurant,bar_and_grill_restaurant,260,id_match,True
bar_and_grill_restaurant,restaurant,3,id_match,True
bar_and_grill_restaurant,barbecue_restaurant,1,id_match,True
bar_and_grill_restaurant,coffee_shop,1,id_match,True
bar_and_grill_restaurant,professional_services,1,id_match,True
barbecue_restaurant,barbecue_restaurant,1045,id_match,True
barbecue_restaurant,restaurant,9,id_match,True
barbecue_restaurant,korean_restaurant,4,id_match,True
barbecue_restaurant,diner,3,id_match,True
barbecue_restaurant,bar,1,id_match,True
barbecue_restaurant,chinese_restaurant,1,id_match,True
barbecue_restaurant,coffee_shop,1,id_match,True
barbecue_restaurant,fast_food_restaurant,1,id_match,True
barbecue_restaurant,japanese_restaurant,1,id_match,True
barbecue_restaurant,seafood_restaurant,1,id_match,True
barbecue_restaurant,shopping,1,id_match,True
barber,barber,5023,id_match,True
barber,hair_salon,22,id_match,True
barber,beauty_salon,19,id_match,True
barber,spas,3,id_match,True
barber,health_spa,1,id_match,True
barber,massage_therapy,1,id_match,True
bartender,bartender,86,id_match,True
bartender,vocational_and_technical_school,1,id_match,True
bartending_school,bartending_school,44,id_match,True
baseball_field,baseball_field,20,id_match,True
basketball_court,basketball_court,45,id_match,True
basketball_stadium,basketball_stadium,2,id_match,True
bathroom_fixture_store,bathroom_fixture_stores,1,id_match,True
battery_store,battery_store,1,id_match,True
batting_cage,batting_cage,1,id_match,True
beach,beach,336,id_match,True
beach,real_estate_service,2,id_match,True
beach,resort,1,id_match,True
beach_bar,beach_bar,4,id_match,True
beach_resort,beach_resort,31,id_match,True
bearing_supplier,bearing_supplier,2,id_match,True
beauty_product_supplier,beauty_product_supplier,546,id_match,True
beauty_product_supplier,spas,2,id_match,True
beauty_product_supplier,wholesale_store,1,id_match,True
beauty_salon,beauty_salon,15037,id_match,True
beauty_salon,spas,66,id_match,True
beauty_salon,hair_salon,43,id_match,True
beauty_salon,nail_salon,24,id_match,True
beauty_salon,barber,14,id_match,True
beauty_salon,cosmetic_and_beauty_supplies,8,id_match,True
beauty_salon,skin_care,6,id_match,True
beauty_salon,plastic_surgeon,4,id_match,True
beauty_salon,dermatologist,3,id_match,True
beauty_salon,health_spa,3,id_match,True
beauty_salon,beauty_product_supplier,2,id_match,True
beauty_salon,cosmetology_school,2,id_match,True
beauty_salon,health_and_medical,2,id_match,True
beauty_salon,school,2,id_match,True
beauty_salon,shopping,2,id_match,True
beauty_salon,advertising_agency,1,id_match,True
beauty_salon,bar,1,id_match,True
beauty_salon,cafe,1,id_match,True
beauty_salon,coffee_shop,1,id_match,True
beauty_salon,community_center,1,id_match,True
beauty_salon,community_services_non_profits,1,id_match,True
beauty_salon,fashion_accessories_store,1,id_match,True
beauty_salon,makeup_artist,1,id_match,True
beauty_salon,naturopathic_holistic,1,id_match,True
beauty_salon,party_and_event_planning,1,id_match,True
beauty_salon,physical_therapy,1,id_match,True
beauty_salon,police_department,1,id_match,True
beauty_salon,professional_services,1,id_match,True
beauty_salon,real_estate_agent,1,id_match,True
beauty_salon,tanning_salon,1,id_match,True
beauty_salon,waxing,1,id_match,True
beauty_supply_store,cosmetic_and_beauty_supplies,6020,id_match,True
beauty_supply_store,spas,34,id_match,True
beauty_supply_store,beauty_salon,8,id_match,True
beauty_supply_store,hair_supply_stores,6,id_match,True
beauty_supply_store,health_spa,4,id_match,True
beauty_supply_store,shopping,4,id_match,True
beauty_supply_store,nail_salon,2,id_match,True
beauty_supply_store,professional_services,2,id_match,True
beauty_supply_store,skin_care,2,id_match,True
beauty_supply_store,accommodation,1,id_match,True
beauty_supply_store,bar,1,id_match,True
beauty_supply_store,beauty_product_supplier,1,id_match,True
beauty_supply_store,coffee_shop,1,id_match,True
beauty_supply_store,construction_services,1,id_match,True
beauty_supply_store,flowers_and_gifts_shop,1,id_match,True
beauty_supply_store,grocery_store,1,id_match,True
beauty_supply_store,health_and_medical,1,id_match,True
beauty_supply_store,home_service,1,id_match,True
beauty_supply_store,jewelry_store,1,id_match,True
beauty_supply_store,korean_restaurant,1,id_match,True
beauty_supply_store,massage_therapy,1,id_match,True
beauty_supply_store,party_and_event_planning,1,id_match,True
beauty_supply_store,shopping_center,1,id_match,True
bed_and_breakfast,bed_and_breakfast,72,id_match,True
bed_and_breakfast,arts_and_entertainment,1,id_match,True
beer_bar,beer_bar,395,id_match,True
beer_bar,pub,2,id_match,True
beer_bar,restaurant,2,id_match,True
beer_bar,grocery_store,1,id_match,True
beer_bar,shopping,1,id_match,True
beer_garden,beer_garden,537,id_match,True
beer_garden,restaurant,3,id_match,True
beer_garden,beer_bar,2,id_match,True
beer_garden,pub,2,id_match,True
beer_garden,theme_restaurant,1,id_match,True
beer_garden,vietnamese_restaurant,1,id_match,True
beer_wine_spirits_store,beer_wine_and_spirits,3,id_match,True
behavioral_or_mental_health_clinic,counseling_and_mental_health,1,id_match,True
belgian_restaurant,belgian_restaurant,5,id_match,True
belgian_restaurant,beer_bar,1,id_match,True
betting_center,betting_center,10,id_match,True
bike_rental,bike_rentals,34,id_match,True
bike_repair_maintenance,bike_repair_maintenance,59,id_match,True
bike_store,bicycle_shop,769,id_match,True
bike_store,shopping,3,id_match,True
bike_store,wholesale_store,1,id_match,True
bike_tour,bike_tours,2,id_match,True
bingo_hall,bingo_hall,2,id_match,True
biotechnology_company,biotechnology_company,158,id_match,True
bistro,bistro,5,id_match,True
blood_and_plasma_donation_center,blood_and_plasma_donation_center,9,id_match,True
boat_dealer,boat_dealer,16,id_match,True
boat_parts_store,boat_parts_and_supply_store,36,id_match,True
boat_rental_and_training,boat_rental_and_training,11,id_match,True
boat_service,boat_service_and_repair,42,id_match,True
boat_service,transportation,1,id_match,True
boat_tour,boat_tours,74,id_match,True
body_contouring,body_contouring,1,id_match,True
book_magazine_distribution,book_magazine_distribution,42,id_match,True
bookkeeper,bookkeeper,1,id_match,True
books_music_and_video_store,books_mags_music_and_video,2,id_match,True
bookstore,bookstore,1365,id_match,True
bookstore,shopping,5,id_match,True
bookstore,book_magazine_distribution,1,id_match,True
bookstore,comic_books_store,1,id_match,True
bookstore,print_media,1,id_match,True
bookstore,restaurant,1,id_match,True
boot_camp,boot_camp,17,id_match,True
botanical_garden,botanical_garden,24,id_match,True
bottled_water_company,bottled_water_company,209,id_match,True
bottled_water_company,grocery_store,1,id_match,True
bowling_alley,bowling_alley,18,id_match,True
boxing_class,boxing_class,110,id_match,True
boxing_class,life_coach,1,id_match,True
brake_service_and_repair,brake_service_and_repair,1,id_match,True
brazilian_restaurant,brazilian_restaurant,10,id_match,True
brazilian_restaurant,steakhouse,1,id_match,True
breakfast_and_brunch_restaurant,breakfast_and_brunch_restaurant,606,id_match,True
breakfast_and_brunch_restaurant,restaurant,6,id_match,True
breakfast_and_brunch_restaurant,diner,2,id_match,True
breakfast_and_brunch_restaurant,sandwich_shop,2,id_match,True
breakfast_and_brunch_restaurant,coffee_shop,1,id_match,True
breakfast_and_brunch_restaurant,health_spa,1,id_match,True
breakfast_and_brunch_restaurant,korean_restaurant,1,id_match,True
breakfast_and_brunch_restaurant,spas,1,id_match,True
brewery,brewery,76,id_match,True
bridal_shop,bridal_shop,1612,id_match,True
bridal_shop,professional_services,5,id_match,True
bridal_shop,clothing_store,1,id_match,True
bridal_shop,fashion,1,id_match,True
bridal_shop,nail_salon,1,id_match,True
bridal_shop,printing_services,1,id_match,True
bridal_shop,spas,1,id_match,True
bridal_shop,womens_clothing_store,1,id_match,True
bridge,bridge,279,id_match,True
british_restaurant,british_restaurant,7,id_match,True
broadcasting_media_production,broadcasting_media_production,411,id_match,True
broadcasting_media_production,advertising_agency,1,id_match,True
broadcasting_media_production,event_photography,1,id_match,True
broadcasting_media_production,marketing_agency,1,id_match,True
broadcasting_media_production,media_agency,1,id_match,True
broadcasting_media_production,media_news_company,1,id_match,True
broadcasting_media_production,professional_services,1,id_match,True
broker,brokers,82,id_match,True
bubble_tea_shop,bubble_tea,4311,id_match,True
bubble_tea_shop,coffee_shop,13,id_match,True
bubble_tea_shop,bartending_school,1,id_match,True
bubble_tea_shop,cafe,1,id_match,True
bubble_tea_shop,laundromat,1,id_match,True
bubble_tea_shop,restaurant,1,id_match,True
bubble_tea_shop,tea_room,1,id_match,True
bubble_tea_shop,travel_services,1,id_match,True
buddhist_place_of_worship,buddhist_temple,2423,id_match,True
buddhist_place_of_worship,religious_organization,5,id_match,True
buddhist_place_of_worship,landmark_and_historical_building,4,id_match,True
buddhist_place_of_worship,construction_services,1,id_match,True
buddhist_place_of_worship,funeral_services_and_cemeteries,1,id_match,True
buddhist_place_of_worship,library,1,id_match,True
buddhist_place_of_worship,museum,1,id_match,True
buddhist_place_of_worship,party_and_event_planning,1,id_match,True
buffet_restaurant,buffet_restaurant,239,id_match,True
buffet_restaurant,restaurant,2,id_match,True
buffet_restaurant,barbecue_restaurant,1,id_match,True
buffet_restaurant,cafe,1,id_match,True
buffet_restaurant,diner,1,id_match,True
buffet_restaurant,shopping_center,1,id_match,True
buffet_restaurant,sushi_restaurant,1,id_match,True
builder,builders,6,id_match,True
building_contractor,building_contractor,1,id_match,True
building_or_construction_service,construction_services,6736,id_match,True
building_or_construction_service,architectural_designer,4,id_match,True
building_or_construction_service,interior_design,4,id_match,True
building_or_construction_service,party_and_event_planning,2,id_match,True
building_or_construction_service,septic_services,2,id_match,True
building_or_construction_service,accommodation,1,id_match,True
building_or_construction_service,convenience_store,1,id_match,True
building_or_construction_service,countertop_installation,1,id_match,True
building_or_construction_service,engineering_services,1,id_match,True
building_or_construction_service,hardware_store,1,id_match,True
building_or_construction_service,home_developer,1,id_match,True
building_or_construction_service,home_improvement_store,1,id_match,True
building_or_construction_service,home_staging,1,id_match,True
building_or_construction_service,pharmacy,1,id_match,True
building_or_construction_service,professional_services,1,id_match,True
building_or_construction_service,real_estate_service,1,id_match,True
building_or_construction_service,shopping,1,id_match,True
building_or_construction_service,trusts,1,id_match,True
building_supply_store,building_supply_store,2068,id_match,True
building_supply_store,shopping,6,id_match,True
building_supply_store,hardware_store,4,id_match,True
building_supply_store,party_and_event_planning,3,id_match,True
building_supply_store,professional_services,3,id_match,True
building_supply_store,home_staging,2,id_match,True
building_supply_store,auto_detailing,1,id_match,True
building_supply_store,construction_services,1,id_match,True
building_supply_store,painting,1,id_match,True
building_supply_store,taxi_service,1,id_match,True
building_supply_store,wholesale_store,1,id_match,True
bulgarian_restaurant,bulgarian_restaurant,1,id_match,True
burger_restaurant,burger_restaurant,93,id_match,True
burger_restaurant,restaurant,1,id_match,True
burmese_restaurant,burmese_restaurant,6,id_match,True
bus_station,bus_station,103,id_match,True
bus_station,car_rental_agency,1,id_match,True
bus_tour,bus_tours,21,id_match,True
bus_tour,tours,1,id_match,True
business_consulting,business_consulting,13,id_match,True
business_law,business_law,1,id_match,True
business_office_supplies_and_stationery,business_office_supplies_and_stationery,1,id_match,True
business_school,business_schools,1,id_match,True
butcher_shop,butcher_shop,378,id_match,True
butcher_shop,diner,2,id_match,True
cabin,cabin,32,id_match,True
cafe,cafe,14214,id_match,True
cafe,coffee_shop,105,id_match,True
cafe,restaurant,6,id_match,True
cafe,tea_room,5,id_match,True
cafe,bubble_tea,4,id_match,True
cafe,professional_services,3,id_match,True
cafe,desserts,2,id_match,True
cafe,grocery_store,2,id_match,True
cafe,accommodation,1,id_match,True
cafe,auto_detailing,1,id_match,True
cafe,bakery,1,id_match,True
cafe,diagnostic_services,1,id_match,True
cafe,eat_and_drink,1,id_match,True
cafe,industrial_equipment,1,id_match,True
cafe,liquor_store,1,id_match,True
cafe,shopping,1,id_match,True
cafe,sign_making,1,id_match,True
cafe,vegetarian_restaurant,1,id_match,True
cafeteria,cafeteria,1,id_match,True
cajun_and_creole_restaurant,cajun_and_creole_restaurant,5,id_match,True
cajun_and_creole_restaurant,restaurant,1,id_match,True
cambodian_restaurant,cambodian_restaurant,1,id_match,True
camera_and_photography_store,photography_store_and_services,715,id_match,True
camera_and_photography_store,event_photography,2,id_match,True
camera_and_photography_store,electronics,1,id_match,True
camera_and_photography_store,internet_service_provider,1,id_match,True
campground,campground,142,id_match,True
campground,arts_and_entertainment,2,id_match,True
campground,holiday_rental_home,1,id_match,True
campus_building,campus_building,1386,id_match,True
campus_building,education,3,id_match,True
campus_building,college_university,2,id_match,True
campus_building,day_care_preschool,2,id_match,True
campus_building,language_school,2,id_match,True
campus_building,school,2,id_match,True
campus_building,dance_school,1,id_match,True
campus_building,educational_research_institute,1,id_match,True
campus_building,educational_services,1,id_match,True
campus_building,elementary_school,1,id_match,True
campus_building,specialty_school,1,id_match,True
campus_building,transportation,1,id_match,True
canal,canal,6,id_match,True
candle_store,candle_store,1,id_match,True
candy_store,candy_store,308,id_match,True
candy_store,shopping,1,id_match,True
canoe_and_kayak_hire_service,canoe_and_kayak_hire_service,6,id_match,True
car_rental_service,car_rental_agency,884,id_match,True
car_rental_service,automobile_leasing,2,id_match,True
car_rental_service,automotive_services_and_repair,1,id_match,True
car_rental_service,community_center,1,id_match,True
car_rental_service,rental_service,1,id_match,True
car_rental_service,tours,1,id_match,True
car_rental_service,travel_services,1,id_match,True
car_stereo_store,car_stereo_store,49,id_match,True
car_wash,car_wash,554,id_match,True
car_wash,automotive_repair,3,id_match,True
car_wash,auto_detailing,1,id_match,True
car_wash,mobile_phone_store,1,id_match,True
car_window_tinting,car_window_tinting,15,id_match,True
cardiology,cardiologist,8,id_match,True
cards_and_stationery_store,cards_and_stationery_store,5,id_match,True
career_counseling,career_counseling,31,id_match,True
career_counseling,educational_services,1,id_match,True
carpenter,carpenter,159,id_match,True
carpenter,furniture_store,1,id_match,True
carpenter,interior_design,1,id_match,True
carpet_cleaning,carpet_cleaning,11,id_match,True
carpet_store,carpet_store,352,id_match,True
carpet_store,construction_services,1,id_match,True
carpet_store,furniture_store,1,id_match,True
carpet_store,home_improvement_store,1,id_match,True
carpet_store,shopping,1,id_match,True
casino,casino,57,id_match,True
castle,castle,18,id_match,True
caterer,caterer,601,id_match,True
caterer,bakery,1,id_match,True
caterer,candy_store,1,id_match,True
caterer,industrial_equipment,1,id_match,True
caterer,restaurant,1,id_match,True
caterer,vietnamese_restaurant,1,id_match,True
cave,cave,11,id_match,True
charity_organization,charity_organization,236,id_match,True
charity_organization,community_services_non_profits,1,id_match,True
charity_organization,hospital,1,id_match,True
charity_organization,media_agency,1,id_match,True
cheese_shop,cheese_shop,9,id_match,True
chemical_plant,chemical_plant,590,id_match,True
chemical_plant,building_supply_store,1,id_match,True
chemical_plant,corporate_office,1,id_match,True
chemical_plant,furniture_store,1,id_match,True
chicken_restaurant,chicken_restaurant,944,id_match,True
chicken_restaurant,restaurant,5,id_match,True
chicken_restaurant,diner,2,id_match,True
chicken_restaurant,korean_restaurant,2,id_match,True
chicken_restaurant,fast_food_restaurant,1,id_match,True
chicken_restaurant,gastropub,1,id_match,True
chicken_restaurant,spas,1,id_match,True
chicken_restaurant,vietnamese_restaurant,1,id_match,True
child_care_and_day_care,child_care_and_day_care,2,id_match,True
child_protection_service,child_protection_service,12,id_match,True
childrens_clothing_store,childrens_clothing_store,2775,id_match,True
childrens_clothing_store,clothing_store,6,id_match,True
childrens_clothing_store,shopping,5,id_match,True
childrens_clothing_store,fashion,2,id_match,True
childrens_clothing_store,fashion_accessories_store,2,id_match,True
childrens_clothing_store,convenience_store,1,id_match,True
childrens_clothing_store,eat_and_drink,1,id_match,True
childrens_clothing_store,jewelry_store,1,id_match,True
childrens_clothing_store,womens_clothing_store,1,id_match,True
childrens_museum,childrens_museum,5,id_match,True
chilean_restaurant,chilean_restaurant,1,id_match,True
chimney_sweep,chimney_sweep,4,id_match,True
chinese_restaurant,chinese_restaurant,1467,id_match,True
chinese_restaurant,restaurant,24,id_match,True
chinese_restaurant,diner,3,id_match,True
chinese_restaurant,barbecue_restaurant,1,id_match,True
chinese_restaurant,butcher_shop,1,id_match,True
chinese_restaurant,chicken_restaurant,1,id_match,True
chinese_restaurant,fast_food_restaurant,1,id_match,True
chinese_restaurant,party_and_event_planning,1,id_match,True
chinese_restaurant,vietnamese_restaurant,1,id_match,True
chiropractic,chiropractor,64,id_match,True
chiropractic,orthopedist,1,id_match,True
chocolatier,chocolatier,82,id_match,True
chocolatier,shopping,1,id_match,True
choir,choir,2,id_match,True
christian_place_of_worship,church_cathedral,1449,id_match,True
christian_place_of_worship,catholic_church,3,id_match,True
christian_place_of_worship,landmark_and_historical_building,3,id_match,True
christian_place_of_worship,religious_organization,3,id_match,True
christian_place_of_worship,buddhist_temple,2,id_match,True
christian_place_of_worship,pentecostal_church,2,id_match,True
christian_place_of_worship,museum,1,id_match,True
christian_place_of_worship,park,1,id_match,True
circus_venue,circus,11,id_match,True
civic_organization,organization,1,id_match,True
civilization_museum,civilization_museum,2,id_match,True
cleaning_service,cleaning_services,2,id_match,True
clothing_company,clothing_company,152,id_match,True
clothing_company,clothing_store,1,id_match,True
clothing_company,fashion,1,id_match,True
clothing_company,makeup_artist,1,id_match,True
clothing_store,clothing_store,13541,id_match,True
clothing_store,womens_clothing_store,41,id_match,True
clothing_store,shopping,24,id_match,True
clothing_store,mens_clothing_store,22,id_match,True
clothing_store,fashion,12,id_match,True
clothing_store,costume_store,7,id_match,True
clothing_store,shoe_store,6,id_match,True
clothing_store,childrens_clothing_store,5,id_match,True
clothing_store,fashion_accessories_store,2,id_match,True
clothing_store,lingerie_store,2,id_match,True
clothing_store,professional_services,2,id_match,True
clothing_store,sports_wear,2,id_match,True
clothing_store,beauty_salon,1,id_match,True
clothing_store,boutique,1,id_match,True
clothing_store,clothing_company,1,id_match,True
clothing_store,convenience_store,1,id_match,True
clothing_store,cosmetic_and_beauty_supplies,1,id_match,True
clothing_store,fabric_store,1,id_match,True
clothing_store,flowers_and_gifts_shop,1,id_match,True
clothing_store,food_beverage_service_distribution,1,id_match,True
clothing_store,gents_tailor,1,id_match,True
clothing_store,grocery_store,1,id_match,True
clothing_store,health_spa,1,id_match,True
clothing_store,home_goods_store,1,id_match,True
clothing_store,ice_cream_shop,1,id_match,True
clothing_store,sewing_and_alterations,1,id_match,True
clothing_store,shopping_center,1,id_match,True
clothing_store,souvenir_shop,1,id_match,True
clothing_store,spas,1,id_match,True
clothing_store,sporting_goods,1,id_match,True
clothing_store,swimwear_store,1,id_match,True
clothing_store,uniform_store,1,id_match,True
clothing_store,vegetarian_restaurant,1,id_match,True
clothing_store,weight_loss_center,1,id_match,True
cocktail_bar,cocktail_bar,413,id_match,True
cocktail_bar,bar,4,id_match,True
cocktail_bar,coffee_shop,1,id_match,True
coffee_and_tea_supplies,coffee_and_tea_supplies,2,id_match,True
coffee_shop,coffee_shop,30078,id_match,True
coffee_shop,cafe,84,id_match,True
coffee_shop,restaurant,18,id_match,True
coffee_shop,bubble_tea,15,id_match,True
coffee_shop,tea_room,8,id_match,True
coffee_shop,eat_and_drink,3,id_match,True
coffee_shop,internet_cafe,3,id_match,True
coffee_shop,bakery,2,id_match,True
coffee_shop,convenience_store,2,id_match,True
coffee_shop,fast_food_restaurant,2,id_match,True
coffee_shop,grocery_store,2,id_match,True
coffee_shop,professional_services,2,id_match,True
coffee_shop,aquatic_pet_store,1,id_match,True
coffee_shop,art_gallery,1,id_match,True
coffee_shop,arts_and_entertainment,1,id_match,True
coffee_shop,bar,1,id_match,True
coffee_shop,barber,1,id_match,True
coffee_shop,bartender,1,id_match,True
coffee_shop,bartending_school,1,id_match,True
coffee_shop,car_dealer,1,id_match,True
coffee_shop,community_services_non_profits,1,id_match,True
coffee_shop,construction_services,1,id_match,True
coffee_shop,cultural_center,1,id_match,True
coffee_shop,flowers_and_gifts_shop,1,id_match,True
coffee_shop,food_beverage_service_distribution,1,id_match,True
coffee_shop,food_consultant,1,id_match,True
coffee_shop,furniture_store,1,id_match,True
coffee_shop,health_and_medical,1,id_match,True
coffee_shop,health_food_store,1,id_match,True
coffee_shop,hobby_shop,1,id_match,True
coffee_shop,ice_cream_shop,1,id_match,True
coffee_shop,interior_design,1,id_match,True
coffee_shop,music_venue,1,id_match,True
coffee_shop,psychologist,1,id_match,True
coffee_shop,public_service_and_government,1,id_match,True
coffee_shop,school,1,id_match,True
coffee_shop,shopping,1,id_match,True
coffee_shop,shopping_center,1,id_match,True
coffee_shop,smoothie_juice_bar,1,id_match,True
coffee_shop,spas,1,id_match,True
coffee_shop,vegetarian_restaurant,1,id_match,True
coffee_shop,vietnamese_restaurant,1,id_match,True
coffee_shop,youth_organizations,1,id_match,True
collection_agency,collection_agencies,7,id_match,True
college_university,college_university,2906,id_match,True
college_university,education,9,id_match,True
college_university,school,5,id_match,True
college_university,campus_building,2,id_match,True
college_university,community_services_non_profits,2,id_match,True
college_university,educational_services,2,id_match,True
college_university,elementary_school,2,id_match,True
college_university,accountant,1,id_match,True
college_university,appliance_manufacturer,1,id_match,True
college_university,language_school,1,id_match,True
college_university,uniform_store,1,id_match,True
comedy_club,comedy_club,40,id_match,True
comfort_food_restaurant,comfort_food_restaurant,17,id_match,True
comic_books_store,comic_books_store,48,id_match,True
comic_books_store,bookstore,2,id_match,True
commercial_industrial,commercial_industrial,1160,id_match,True
commercial_industrial,machine_shop,1,id_match,True
commercial_printer,commercial_printer,2,id_match,True
commercial_real_estate,commercial_real_estate,279,id_match,True
commercial_real_estate,real_estate_service,2,id_match,True
commercial_real_estate,cafe,1,id_match,True
commercial_refrigeration,commercial_refrigeration,51,id_match,True
commercial_refrigeration,hvac_services,1,id_match,True
commercial_vehicle_dealer,commercial_vehicle_dealer,60,id_match,True
community_and_government,public_service_and_government,1050,id_match,True
community_and_government,central_government_office,2,id_match,True
community_and_government,community_services_non_profits,1,id_match,True
community_and_government,credit_union,1,id_match,True
community_and_government,mens_clothing_store,1,id_match,True
community_center,community_center,1008,id_match,True
community_center,health_food_store,2,id_match,True
community_center,community_services_non_profits,1,id_match,True
community_center,financial_advising,1,id_match,True
community_center,financial_service,1,id_match,True
community_center,interior_design,1,id_match,True
community_center,theatre,1,id_match,True
community_garden,community_gardens,1,id_match,True
community_museum,community_museum,8,id_match,True
computer_coaching,computer_coaching,102,id_match,True
computer_hardware_company,computer_hardware_company,770,id_match,True
computer_hardware_company,information_technology_company,3,id_match,True
computer_hardware_company,it_service_and_computer_repair,2,id_match,True
computer_hardware_company,computer_store,1,id_match,True
computer_hardware_company,costume_store,1,id_match,True
computer_hardware_company,electronics,1,id_match,True
computer_museum,computer_museum,14,id_match,True
computer_store,computer_store,2501,id_match,True
computer_store,electronics,7,id_match,True
computer_store,mobile_phone_store,5,id_match,True
computer_store,computer_hardware_company,4,id_match,True
computer_store,it_service_and_computer_repair,4,id_match,True
computer_store,professional_services,3,id_match,True
computer_store,shopping,2,id_match,True
computer_store,arts_and_entertainment,1,id_match,True
computer_store,b2b_science_and_technology,1,id_match,True
computer_store,cosmetic_and_beauty_supplies,1,id_match,True
computer_store,home_goods_store,1,id_match,True
computer_store,home_security,1,id_match,True
computer_store,information_technology_company,1,id_match,True
computer_store,party_and_event_planning,1,id_match,True
computer_store,photography_store_and_services,1,id_match,True
computer_store,software_development,1,id_match,True
computer_wholesaler,computer_wholesaler,2,id_match,True
computer_wholesaler,real_estate_service,1,id_match,True
condominium,condominium,11,id_match,True
condominium,real_estate_agent,1,id_match,True
contract_law,contract_law,1,id_match,True
contractor,contractor,779,id_match,True
contractor,party_and_event_planning,2,id_match,True
contractor,arts_and_entertainment,1,id_match,True
contractor,construction_services,1,id_match,True
contractor,engineering_services,1,id_match,True
contractor,flowers_and_gifts_shop,1,id_match,True
contractor,sign_making,1,id_match,True
convenience_store,convenience_store,1682,id_match,True
convenience_store,grocery_store,3,id_match,True
convenience_store,shopping,3,id_match,True
convenience_store,superstore,2,id_match,True
convenience_store,bookstore,1,id_match,True
convenience_store,childrens_clothing_store,1,id_match,True
convenience_store,coffee_shop,1,id_match,True
convenience_store,party_and_event_planning,1,id_match,True
convenience_store,professional_services,1,id_match,True
convenience_store,womens_clothing_store,1,id_match,True
cooking_school,cooking_school,155,id_match,True
copywriting_service,copywriting_service,33,id_match,True
copywriting_service,business_advertising,1,id_match,True
corporate_or_business_office,corporate_office,1012,id_match,True
corporate_or_business_office,industrial_equipment,2,id_match,True
corporate_or_business_office,chemical_plant,1,id_match,True
corporate_or_business_office,commercial_industrial,1,id_match,True
corporate_or_business_office,elementary_school,1,id_match,True
corporate_or_business_office,engineering_services,1,id_match,True
corporate_or_business_office,family_practice,1,id_match,True
corporate_or_business_office,freight_and_cargo_service,1,id_match,True
corporate_or_business_office,landmark_and_historical_building,1,id_match,True
corporate_or_business_office,party_and_event_planning,1,id_match,True
corporate_or_business_office,pharmaceutical_companies,1,id_match,True
corporate_or_business_office,professional_services,1,id_match,True
corporate_or_business_office,shopping,1,id_match,True
cosmetic_dentistry,cosmetic_dentist,1375,id_match,True
cosmetic_dentistry,dentist,14,id_match,True
cosmetic_dentistry,beauty_salon,1,id_match,True
cosmetic_dentistry,coffee_shop,1,id_match,True
cosmetic_products_manufacturer,cosmetic_products_manufacturer,1,id_match,True
cosmetics_and_fragrance_store,perfume_store,11,id_match,True
cosmetics_and_fragrance_store,cosmetic_and_beauty_supplies,2,id_match,True
cosmetology_school,cosmetology_school,56,id_match,True
costume_museum,costume_museum,4,id_match,True
costume_store,costume_store,1166,id_match,True
costume_store,clothing_store,7,id_match,True
costume_store,womens_clothing_store,5,id_match,True
costume_store,shopping,4,id_match,True
costume_store,fashion_accessories_store,2,id_match,True
costume_store,mens_clothing_store,2,id_match,True
costume_store,cosmetic_and_beauty_supplies,1,id_match,True
costume_store,fashion,1,id_match,True
costume_store,professional_services,1,id_match,True
costume_store,shoe_store,1,id_match,True
costume_store,telecommunications_company,1,id_match,True
costume_store,used_vintage_and_consignment,1,id_match,True
cottage,cottage,135,id_match,True
cottage,hostel,1,id_match,True
counseling,beauty_salon,1,id_match,True
counseling,financial_advising,1,id_match,True
counseling,health_and_medical,1,id_match,True
counseling,pharmacy,1,id_match,True
counseling,physical_therapy,1,id_match,True
countertop_installation,countertop_installation,218,id_match,True
countertop_installation,interior_design,1,id_match,True
courier_and_delivery_service,courier_and_delivery_services,2,id_match,True
courthouse,courthouse,115,id_match,True
coworking_space,coworking_space,3,id_match,True
credit_and_debt_counseling,credit_and_debt_counseling,67,id_match,True
credit_union,credit_union,109,id_match,True
credit_union,bank_credit_union,2,id_match,True
credit_union,banks,1,id_match,True
credit_union,real_estate_service,1,id_match,True
cricket_ground,cricket_ground,3,id_match,True
criminal_defense_law,criminal_defense_law,11,id_match,True
cuban_restaurant,cuban_restaurant,2,id_match,True
cultural_center,cultural_center,235,id_match,True
cultural_center,arts_and_crafts,1,id_match,True
cultural_center,party_and_event_planning,1,id_match,True
cultural_center,sports_and_recreation_venue,1,id_match,True
cupcake_shop,cupcake_shop,323,id_match,True
cupcake_shop,bakery,2,id_match,True
currency_exchange,currency_exchange,11,id_match,True
custom_clothing_store,custom_clothing,14,id_match,True
customized_merchandise_store,customized_merchandise,1,id_match,True
cycling_class,cycling_classes,1,id_match,True
dairy_farm,dairy_farm,20,id_match,True
dairy_farm,shopping,1,id_match,True
dairy_store,dairy_stores,2,id_match,True
damage_restoration,damage_restoration,50,id_match,True
damage_restoration,home_staging,1,id_match,True
damage_restoration,motorcycle_repair,1,id_match,True
damage_restoration,professional_services,1,id_match,True
dance_club,dance_club,286,id_match,True
dance_club,karaoke,2,id_match,True
dance_club,active_life,1,id_match,True
dance_club,bar,1,id_match,True
dance_club,community_services_non_profits,1,id_match,True
dance_club,eat_and_drink,1,id_match,True
dance_club,lounge,1,id_match,True
dance_club,restaurant,1,id_match,True
dance_studio,dance_school,312,id_match,True
dance_studio,art_school,2,id_match,True
dance_studio,salsa_club,1,id_match,True
day_care_preschool,day_care_preschool,876,id_match,True
day_care_preschool,preschool,13,id_match,True
day_care_preschool,campus_building,1,id_match,True
day_care_preschool,community_services_non_profits,1,id_match,True
day_spa,day_spa,64,id_match,True
day_spa,spas,3,id_match,True
day_spa,beauty_salon,1,id_match,True
decorative_arts_museum,decorative_arts_museum,1,id_match,True
delicatessen,delicatessen,418,id_match,True
delicatessen,fast_food_restaurant,2,id_match,True
delicatessen,restaurant,2,id_match,True
delicatessen,diner,1,id_match,True
delicatessen,health_food_restaurant,1,id_match,True
delicatessen,japanese_restaurant,1,id_match,True
delicatessen,vietnamese_restaurant,1,id_match,True
dental_clinic,dentist,2330,id_match,True
dental_clinic,cosmetic_dentist,9,id_match,True
dental_clinic,hospital,4,id_match,True
dental_clinic,health_and_medical,3,id_match,True
dental_clinic,diagnostic_services,1,id_match,True
dental_clinic,medical_service_organizations,1,id_match,True
dental_clinic,orthodontist,1,id_match,True
dental_clinic,prosthodontist,1,id_match,True
dental_clinic,spas,1,id_match,True
dental_clinic,vietnamese_restaurant,1,id_match,True
dental_supply_store,dental_supply_store,1,id_match,True
department_of_motor_vehicles,department_of_motor_vehicles,24,id_match,True
department_of_motor_vehicles,traffic_school,1,id_match,True
department_store,department_store,673,id_match,True
department_store,shopping,2,id_match,True
department_store,cupcake_shop,1,id_match,True
department_store,spas,1,id_match,True
dermatology,dermatologist,356,id_match,True
dermatology,beauty_salon,2,id_match,True
dermatology,medical_spa,1,id_match,True
desert,desert,1,id_match,True
design_museum,design_museum,7,id_match,True
design_museum,pharmaceutical_companies,1,id_match,True
designer_clothing,designer_clothing,19,id_match,True
dessert_shop,desserts,395,id_match,True
dessert_shop,restaurant,2,id_match,True
dessert_shop,cupcake_shop,1,id_match,True
dessert_shop,eat_and_drink,1,id_match,True
dialysis_clinic,dialysis_clinic,1,id_match,True
digitizing_service,college_university,1,id_match,True
dim_sum_restaurant,dim_sum_restaurant,88,id_match,True
diner,diner,9419,id_match,True
diner,restaurant,73,id_match,True
diner,vietnamese_restaurant,16,id_match,True
diner,seafood_restaurant,5,id_match,True
diner,asian_restaurant,3,id_match,True
diner,chicken_restaurant,2,id_match,True
diner,chinese_restaurant,2,id_match,True
diner,clothing_store,2,id_match,True
diner,delicatessen,2,id_match,True
diner,eat_and_drink,2,id_match,True
diner,fast_food_restaurant,2,id_match,True
diner,food_truck,2,id_match,True
diner,korean_restaurant,2,id_match,True
diner,thai_restaurant,2,id_match,True
diner,aquatic_pet_store,1,id_match,True
diner,bakery,1,id_match,True
diner,bar_and_grill_restaurant,1,id_match,True
diner,barbecue_restaurant,1,id_match,True
diner,cafe,1,id_match,True
diner,caterer,1,id_match,True
diner,coffee_shop,1,id_match,True
diner,fort,1,id_match,True
diner,ice_cream_shop,1,id_match,True
diner,indian_restaurant,1,id_match,True
diner,mexican_restaurant,1,id_match,True
diner,noodles_restaurant,1,id_match,True
diner,party_and_event_planning,1,id_match,True
diner,professional_services,1,id_match,True
diner,public_service_and_government,1,id_match,True
diner,sushi_restaurant,1,id_match,True
diner,theme_restaurant,1,id_match,True
disability_law,disability_law,1,id_match,True
disability_services_and_support_organization,disability_services_and_support_organization,9,id_match,True
discount_store,discount_store,303,id_match,True
discount_store,grocery_store,2,id_match,True
distillery,distillery,9,id_match,True
distribution_service,distribution_services,5,id_match,True
dive_bar,dive_bar,7,id_match,True
divorce_and_family_law,divorce_and_family_law,23,id_match,True
divorce_and_family_law,employment_law,1,id_match,True
dj_service,dj_service,15,id_match,True
doctors_office,diagnostic_services,928,id_match,True
doctors_office,dentist,3,id_match,True
doctors_office,health_and_medical,2,id_match,True
doctors_office,spas,2,id_match,True
doctors_office,beauty_salon,1,id_match,True
doctors_office,cosmetic_dentist,1,id_match,True
doctors_office,eye_care_clinic,1,id_match,True
doctors_office,eyewear_and_optician,1,id_match,True
doctors_office,medical_center,1,id_match,True
doctors_office,plastic_surgeon,1,id_match,True
dog_park,dog_park,11,id_match,True
dog_trainer,dog_trainer,50,id_match,True
dog_trainer,pet_services,1,id_match,True
dog_walker,dog_walkers,1,id_match,True
doner_kebab_restaurant,doner_kebab,24,id_match,True
doner_kebab_restaurant,fast_food_restaurant,1,id_match,True
donut_shop,donuts,23,id_match,True
donut_shop,bakery,1,id_match,True
door_sales_service,door_sales_service,1,id_match,True
drive_in_theater,drive_in_theater,18,id_match,True
driving_range,driving_range,105,id_match,True
driving_school,driving_school,798,id_match,True
driving_school,education,2,id_match,True
driving_school,campus_building,1,id_match,True
dry_cleaning,dry_cleaning,180,id_match,True
dry_cleaning,furniture_store,1,id_match,True
dry_cleaning,home_cleaning,1,id_match,True
dry_cleaning,spas,1,id_match,True
dui_law,dui_law,4,id_match,True
dumpling_restaurant,dumpling_restaurant,1,id_match,True
dumpster_rental,dumpster_rentals,1,id_match,True
duty_free_store,duty_free_shop,7,id_match,True
e_commerce_service,e_commerce_service,11,id_match,True
ear_nose_and_throat,ear_nose_and_throat,112,id_match,True
ear_nose_and_throat,health_and_medical,1,id_match,True
ear_nose_and_throat,speech_therapist,1,id_match,True
eastern_european_restaurant,eastern_european_restaurant,2,id_match,True
ecuadorian_restaurant,ecuadorian_restaurant,1,id_match,True
education,education,7362,id_match,True
education,school,21,id_match,True
education,language_school,13,id_match,True
education,college_university,11,id_match,True
education,educational_services,9,id_match,True
education,elementary_school,7,id_match,True
education,preschool,6,id_match,True
education,tutoring_center,5,id_match,True
education,music_school,3,id_match,True
education,campus_building,2,id_match,True
education,health_and_medical,2,id_match,True
education,professional_services,2,id_match,True
education,test_preparation,2,id_match,True
education,accommodation,1,id_match,True
education,art_school,1,id_match,True
education,b2b_science_and_technology,1,id_match,True
education,bartending_school,1,id_match,True
education,central_government_office,1,id_match,True
education,community_services_non_profits,1,id_match,True
education,cosmetic_dentist,1,id_match,True
education,flight_school,1,id_match,True
education,grocery_store,1,id_match,True
education,high_school,1,id_match,True
education,music_venue,1,id_match,True
education,musical_instrument_store,1,id_match,True
education,print_media,1,id_match,True
education,shopping,1,id_match,True
education,spas,1,id_match,True
education,specialty_school,1,id_match,True
education,tattoo_and_piercing,1,id_match,True
education,travel_services,1,id_match,True
educational_camp,educational_camp,39,id_match,True
educational_research_institute,educational_research_institute,289,id_match,True
educational_research_institute,school,1,id_match,True
educational_service,educational_services,1584,id_match,True
educational_service,education,5,id_match,True
educational_service,college_university,2,id_match,True
educational_service,professional_services,2,id_match,True
educational_service,campus_building,1,id_match,True
educational_service,labor_union,1,id_match,True
educational_service,language_school,1,id_match,True
educational_service,school,1,id_match,True
educational_service,tutoring_center,1,id_match,True
educational_supply_store,educational_supply_store,93,id_match,True
egyptian_restaurant,egyptian_restaurant,4,id_match,True
electric_utility_provider,electric_utility_provider,229,id_match,True
electric_utility_provider,aquatic_pet_store,1,id_match,True
electric_utility_provider,energy_company,1,id_match,True
electrical_supply_store,electrical_supply_store,4,id_match,True
electrical_wholesaler,electrical_wholesaler,1,id_match,True
electrician,electrician,76,id_match,True
electrician,electronics,1,id_match,True
electrician,it_service_and_computer_repair,1,id_match,True
electronic_equipment_supplier,b2b_electronic_equipment,384,id_match,True
electronic_equipment_supplier,mobile_phone_store,2,id_match,True
electronic_equipment_supplier,contractor,1,id_match,True
electronic_equipment_supplier,corporate_office,1,id_match,True
electronic_equipment_supplier,electronics,1,id_match,True
electronic_parts_supplier,electronic_parts_supplier,1,id_match,True
electronics_repair_shop,electronics_repair_shop,1,id_match,True
electronics_store,electronics,4061,id_match,True
electronics_store,shopping,11,id_match,True
electronics_store,mobile_phone_store,7,id_match,True
electronics_store,computer_store,3,id_match,True
electronics_store,grocery_store,2,id_match,True
electronics_store,arts_and_entertainment,1,id_match,True
electronics_store,catholic_church,1,id_match,True
electronics_store,computer_hardware_company,1,id_match,True
electronics_store,construction_services,1,id_match,True
electronics_store,corporate_office,1,id_match,True
electronics_store,electric_utility_provider,1,id_match,True
electronics_store,fashion_accessories_store,1,id_match,True
electronics_store,home_and_garden,1,id_match,True
electronics_store,korean_restaurant,1,id_match,True
electronics_store,party_and_event_planning,1,id_match,True
electronics_store,photography_store_and_services,1,id_match,True
electronics_store,professional_services,1,id_match,True
electronics_store,solar_installation,1,id_match,True
electronics_store,thrift_store,1,id_match,True
elementary_school,elementary_school,4446,id_match,True
elementary_school,school,32,id_match,True
elementary_school,education,4,id_match,True
elementary_school,middle_school,2,id_match,True
elementary_school,preschool,2,id_match,True
elementary_school,barber,1,id_match,True
elementary_school,campus_building,1,id_match,True
elementary_school,high_school,1,id_match,True
elementary_school,language_school,1,id_match,True
elementary_school,spas,1,id_match,True
elevator_service,elevator_service,330,id_match,True
elevator_service,party_and_event_planning,1,id_match,True
embassy,embassy,138,id_match,True
embassy,central_government_office,1,id_match,True
emergency_department,emergency_room,2,id_match,True
emergency_department,hospital,1,id_match,True
emergency_pet_hospital,emergency_pet_hospital,2,id_match,True
emergency_roadside_service,emergency_roadside_service,115,id_match,True
emissions_inspection,emissions_inspection,3,id_match,True
employment_agency,employment_agencies,295,id_match,True
employment_agency,professional_services,1,id_match,True
employment_law,employment_law,107,id_match,True
employment_law,lawyer,1,id_match,True
endocrinology,endocrinologist,6,id_match,True
endodontics,endodontist,30,id_match,True
energy_company,energy_company,203,id_match,True
energy_company,party_and_event_planning,1,id_match,True
engine_repair_service,engine_repair_service,1,id_match,True
engineering_service,engineering_services,1003,id_match,True
engineering_service,auto_customization,1,id_match,True
entertainment_law,entertainment_law,1,id_match,True
environmental_conservation_organization,environmental_conservation_organization,350,id_match,True
environmental_conservation_organization,home_cleaning,1,id_match,True
environmental_or_ecological_service,environmental_and_ecological_services_for_businesses,167,id_match,True
environmental_testing_service,environmental_testing,1,id_match,True
equestrian_facility,equestrian_facility,6,id_match,True
escape_room,escape_rooms,18,id_match,True
escrow_service,escrow_services,3,id_match,True
esports_league,esports_league,19,id_match,True
esports_team,esports_team,5,id_match,True
ethical_grocery_store,ethical_grocery,1,id_match,True
european_restaurant,european_restaurant,43,id_match,True
event_photography_service,event_photography,963,id_match,True
event_photography_service,professional_services,6,id_match,True
event_photography_service,media_agency,1,id_match,True
event_photography_service,media_news_website,1,id_match,True
event_photography_service,music_venue,1,id_match,True
event_photography_service,photography_store_and_services,1,id_match,True
event_technology_service,event_technology_service,1,id_match,True
event_venue,venue_and_event_space,6,id_match,True
excavation_service,excavation_service,14,id_match,True
exhibition_and_trade_fair_venue,exhibition_and_trade_center,3,id_match,True
exporter,exporters,2,id_match,True
eyebrow_service,eyebrow_service,1,id_match,True
eyelash_service,eyelash_service,1,id_match,True
eyewear_store,eyewear_and_optician,1139,id_match,True
eyewear_store,shopping,4,id_match,True
eyewear_store,eye_care_clinic,2,id_match,True
eyewear_store,fashion,1,id_match,True
eyewear_store,fashion_accessories_store,1,id_match,True
eyewear_store,shopping_center,1,id_match,True
fabric_store,fabric_store,926,id_match,True
fabric_store,clothing_store,1,id_match,True
fabric_store,cosmetic_dentist,1,id_match,True
fabric_store,flowers_and_gifts_shop,1,id_match,True
fabric_store,furniture_store,1,id_match,True
fabric_store,grocery_store,1,id_match,True
fabric_store,shopping,1,id_match,True
fabric_store,sign_making,1,id_match,True
fabric_wholesaler,fabric_wholesaler,1,id_match,True
fairgrounds,fair,39,id_match,True
family_counseling,family_counselor,8,id_match,True
family_practice,family_practice,374,id_match,True
family_practice,home_health_care,1,id_match,True
family_service_center,family_service_center,1,id_match,True
farm,farm,738,id_match,True
farm,advertising_agency,1,id_match,True
farm,bakery,1,id_match,True
farm_equipment_and_supply,farm_equipment_and_supply,3,id_match,True
farmers_market,farmers_market,347,id_match,True
farmers_market,fishmonger,1,id_match,True
farmers_market,food,1,id_match,True
farming_service,farming_services,1,id_match,True
fashion_accessories_store,fashion_accessories_store,4188,id_match,True
fashion_accessories_store,shopping,5,id_match,True
fashion_accessories_store,mobile_phone_store,4,id_match,True
fashion_accessories_store,costume_store,3,id_match,True
fashion_accessories_store,flowers_and_gifts_shop,3,id_match,True
fashion_accessories_store,clothing_store,2,id_match,True
fashion_accessories_store,eyewear_and_optician,2,id_match,True
fashion_accessories_store,fashion,2,id_match,True
fashion_accessories_store,womens_clothing_store,2,id_match,True
fashion_accessories_store,cosmetic_and_beauty_supplies,1,id_match,True
fashion_accessories_store,furniture_store,1,id_match,True
fashion_accessories_store,jewelry_store,1,id_match,True
fashion_accessories_store,mattress_store,1,id_match,True
fashion_accessories_store,mens_clothing_store,1,id_match,True
fashion_accessories_store,printing_services,1,id_match,True
fashion_accessories_store,professional_services,1,id_match,True
fashion_accessories_store,shoe_store,1,id_match,True
fashion_and_apparel_store,fashion,6517,id_match,True
fashion_and_apparel_store,clothing_store,10,id_match,True
fashion_and_apparel_store,womens_clothing_store,8,id_match,True
fashion_and_apparel_store,mens_clothing_store,4,id_match,True
fashion_and_apparel_store,shopping,4,id_match,True
fashion_and_apparel_store,fashion_accessories_store,3,id_match,True
fashion_and_apparel_store,childrens_clothing_store,2,id_match,True
fashion_and_apparel_store,convenience_store,2,id_match,True
fashion_and_apparel_store,professional_services,2,id_match,True
fashion_and_apparel_store,bookstore,1,id_match,True
fashion_and_apparel_store,corporate_office,1,id_match,True
fashion_and_apparel_store,costume_store,1,id_match,True
fashion_and_apparel_store,flowers_and_gifts_shop,1,id_match,True
fashion_and_apparel_store,grocery_store,1,id_match,True
fashion_and_apparel_store,hvac_services,1,id_match,True
fashion_and_apparel_store,jewelry_store,1,id_match,True
fashion_and_apparel_store,social_media_agency,1,id_match,True
fashion_and_apparel_store,software_development,1,id_match,True
fashion_and_apparel_store,sporting_goods,1,id_match,True
fashion_boutique,boutique,434,id_match,True
fashion_boutique,clothing_store,3,id_match,True
fashion_boutique,womens_clothing_store,3,id_match,True
fashion_boutique,costume_store,1,id_match,True
fashion_boutique,fashion,1,id_match,True
fashion_boutique,professional_services,1,id_match,True
fashion_boutique,vitamins_and_supplements,1,id_match,True
fast_food_restaurant,fast_food_restaurant,3238,id_match,True
fast_food_restaurant,restaurant,10,id_match,True
fast_food_restaurant,diner,5,id_match,True
fast_food_restaurant,vietnamese_restaurant,3,id_match,True
fast_food_restaurant,bakery,2,id_match,True
fast_food_restaurant,accommodation,1,id_match,True
fast_food_restaurant,bubble_tea,1,id_match,True
fast_food_restaurant,burger_restaurant,1,id_match,True
fast_food_restaurant,chinese_restaurant,1,id_match,True
fast_food_restaurant,coffee_shop,1,id_match,True
fast_food_restaurant,delicatessen,1,id_match,True
fast_food_restaurant,food_beverage_service_distribution,1,id_match,True
fast_food_restaurant,food_delivery_service,1,id_match,True
fast_food_restaurant,korean_restaurant,1,id_match,True
fast_food_restaurant,lebanese_restaurant,1,id_match,True
fast_food_restaurant,seafood_restaurant,1,id_match,True
fence_and_gate_sales_service,fence_and_gate_sales_service,28,id_match,True
fence_and_gate_sales_service,masonry_concrete,1,id_match,True
fencing_club,fencing_club,1,id_match,True
feng_shui,feng_shui,2,id_match,True
ferry_boat_company,ferry_boat_company,40,id_match,True
fertility_clinic,fertility,80,id_match,True
fertility_clinic,maternity_centers,2,id_match,True
fertility_clinic,beauty_salon,1,id_match,True
fertility_clinic,hospital,1,id_match,True
fertility_clinic,obstetrician_and_gynecologist,1,id_match,True
fertilizer_store,fertilizer_store,1,id_match,True
filipino_restaurant,filipino_restaurant,10,id_match,True
financial_advising,financial_advising,598,id_match,True
financial_advising,financial_service,4,id_match,True
financial_advising,bank_credit_union,1,id_match,True
financial_advising,blood_and_plasma_donation_center,1,id_match,True
financial_advising,corporate_office,1,id_match,True
financial_advising,credit_and_debt_counseling,1,id_match,True
financial_advising,professional_services,1,id_match,True
financial_service,financial_service,1305,id_match,True
financial_service,financial_advising,5,id_match,True
financial_service,accountant,2,id_match,True
financial_service,party_and_event_planning,2,id_match,True
financial_service,pawn_shop,2,id_match,True
financial_service,banks,1,id_match,True
financial_service,credit_and_debt_counseling,1,id_match,True
financial_service,grocery_store,1,id_match,True
financial_service,installment_loans,1,id_match,True
financial_service,marketing_consultant,1,id_match,True
financial_service,professional_services,1,id_match,True
financial_service,restaurant,1,id_match,True
fire_protection_service,fire_protection_service,166,id_match,True
fire_station,fire_department,35,id_match,True
fire_station,shopping,1,id_match,True
fireplace_service,fireplace_service,7,id_match,True
fireworks_store,firework_retailer,30,id_match,True
first_aid_class,first_aid_class,2,id_match,True
fish_and_chips_restaurant,fish_and_chips_restaurant,16,id_match,True
fish_farm,fish_farm,60,id_match,True
fishing_charter,fishing_charter,60,id_match,True
fishing_club,fishing_club,149,id_match,True
fishing_club,fishing_charter,2,id_match,True
fishmonger,fishmonger,289,id_match,True
fishmonger,seafood_restaurant,2,id_match,True
fishmonger,restaurant,1,id_match,True
fitness_exercise_store,fitness_exercise_equipment,17,id_match,True
fitness_trainer,fitness_trainer,379,id_match,True
fitness_trainer,gym,6,id_match,True
fitness_trainer,active_life,1,id_match,True
fitness_trainer,life_coach,1,id_match,True
fitness_trainer,medical_service_organizations,1,id_match,True
flea_market,flea_market,100,id_match,True
flight_school,flight_school,11,id_match,True
flooring_contractor,flooring_contractors,1,id_match,True
floral_designer,floral_designer,1,id_match,True
florist,florist,15,id_match,True
flowers_and_gifts_store,flowers_and_gifts_shop,12631,id_match,True
flowers_and_gifts_store,shopping,10,id_match,True
flowers_and_gifts_store,professional_services,5,id_match,True
flowers_and_gifts_store,arts_and_crafts,4,id_match,True
flowers_and_gifts_store,fashion,2,id_match,True
flowers_and_gifts_store,grocery_store,2,id_match,True
flowers_and_gifts_store,wedding_planning,2,id_match,True
flowers_and_gifts_store,appliance_store,1,id_match,True
flowers_and_gifts_store,business_advertising,1,id_match,True
flowers_and_gifts_store,childrens_clothing_store,1,id_match,True
flowers_and_gifts_store,clothing_store,1,id_match,True
flowers_and_gifts_store,farm,1,id_match,True
flowers_and_gifts_store,food,1,id_match,True
flowers_and_gifts_store,fruits_and_vegetables,1,id_match,True
flowers_and_gifts_store,jewelry_store,1,id_match,True
flowers_and_gifts_store,non_governmental_association,1,id_match,True
flowers_and_gifts_store,nursery_and_gardening,1,id_match,True
flowers_and_gifts_store,party_and_event_planning,1,id_match,True
flowers_and_gifts_store,printing_services,1,id_match,True
flowers_and_gifts_store,real_estate_service,1,id_match,True
flowers_and_gifts_store,restaurant,1,id_match,True
flowers_and_gifts_store,souvenir_shop,1,id_match,True
flowers_and_gifts_store,vietnamese_restaurant,1,id_match,True
flowers_and_gifts_store,womens_clothing_store,1,id_match,True
fondue_restaurant,fondue_restaurant,5,id_match,True
food_and_beverage_consultant,food_and_beverage_consultant,3,id_match,True
food_and_beverage_exporter,food_and_beverage_exporter,1,id_match,True
food_and_beverage_store,food,1420,id_match,True
food_and_beverage_store,food_beverage_service_distribution,5,id_match,True
food_and_beverage_store,grocery_store,2,id_match,True
food_and_beverage_store,bakery,1,id_match,True
food_and_beverage_store,business_manufacturing_and_supply,1,id_match,True
food_and_beverage_store,butcher_shop,1,id_match,True
food_and_beverage_store,farm,1,id_match,True
food_and_beverage_store,food_truck,1,id_match,True
food_and_beverage_store,health_food_store,1,id_match,True
food_and_beverage_store,professional_services,1,id_match,True
food_and_beverage_store,specialty_foods,1,id_match,True
food_and_beverage_store,vietnamese_restaurant,1,id_match,True
food_and_drink,eat_and_drink,2740,id_match,True
food_and_drink,coffee_shop,4,id_match,True
food_and_drink,restaurant,4,id_match,True
food_and_drink,diner,3,id_match,True
food_and_drink,tea_room,3,id_match,True
food_and_drink,vietnamese_restaurant,3,id_match,True
food_and_drink,asian_restaurant,2,id_match,True
food_and_drink,bakery,2,id_match,True
food_and_drink,chinese_restaurant,2,id_match,True
food_and_drink,food_truck,2,id_match,True
food_and_drink,health_food_store,2,id_match,True
food_and_drink,advertising_agency,1,id_match,True
food_and_drink,business_manufacturing_and_supply,1,id_match,True
food_and_drink,cafe,1,id_match,True
food_and_drink,convenience_store,1,id_match,True
food_and_drink,food_delivery_service,1,id_match,True
food_and_drink,gastropub,1,id_match,True
food_and_drink,grocery_store,1,id_match,True
food_and_drink,ice_cream_shop,1,id_match,True
food_and_drink,professional_services,1,id_match,True
food_bank,food_banks,22,id_match,True
food_beverage_distributor,food_beverage_service_distribution,1414,id_match,True
food_beverage_distributor,business_manufacturing_and_supply,2,id_match,True
food_beverage_distributor,eat_and_drink,2,id_match,True
food_beverage_distributor,convenience_store,1,id_match,True
food_beverage_distributor,food_truck,1,id_match,True
food_beverage_distributor,freight_and_cargo_service,1,id_match,True
food_beverage_distributor,shopping,1,id_match,True
food_beverage_distributor,vegetarian_restaurant,1,id_match,True
food_consultant,food_consultant,75,id_match,True
food_consultant,restaurant,1,id_match,True
food_court,food_court,2,id_match,True
food_delivery_service,food_delivery_service,285,id_match,True
food_delivery_service,freight_and_cargo_service,2,id_match,True
food_delivery_service,beach,1,id_match,True
food_delivery_service,chicken_restaurant,1,id_match,True
food_delivery_service,diner,1,id_match,True
food_delivery_service,eat_and_drink,1,id_match,True
food_delivery_service,food_beverage_service_distribution,1,id_match,True
food_delivery_service,restaurant,1,id_match,True
food_safety_training,food_safety_training,1,id_match,True
food_tour,food_tours,62,id_match,True
food_tour,barbecue_restaurant,1,id_match,True
food_truck_stand,food_truck,1131,id_match,True
food_truck_stand,health_food_store,2,id_match,True
food_truck_stand,professional_services,2,id_match,True
food_truck_stand,restaurant,2,id_match,True
food_truck_stand,bakery,1,id_match,True
food_truck_stand,diner,1,id_match,True
food_truck_stand,eat_and_drink,1,id_match,True
food_truck_stand,vietnamese_restaurant,1,id_match,True
football_stadium,football_stadium,141,id_match,True
football_stadium,sports_and_recreation_venue,1,id_match,True
forest,forest,3,id_match,True
forestry_service,forestry_service,1,id_match,True
formal_wear_store,formal_wear_store,1,id_match,True
fort,fort,5,id_match,True
freight_and_cargo_service,freight_and_cargo_service,2131,id_match,True
freight_and_cargo_service,transportation,5,id_match,True
freight_and_cargo_service,party_and_event_planning,2,id_match,True
freight_and_cargo_service,professional_services,2,id_match,True
freight_and_cargo_service,shipping_center,2,id_match,True
freight_and_cargo_service,car_rental_agency,1,id_match,True
freight_and_cargo_service,hardware_store,1,id_match,True
freight_and_cargo_service,shopping,1,id_match,True
freight_forwarding_agency,freight_forwarding_agency,10,id_match,True
french_restaurant,french_restaurant,123,id_match,True
french_restaurant,diner,1,id_match,True
french_restaurant,restaurant,1,id_match,True
frozen_foods_store,frozen_foods,2,id_match,True
frozen_yogurt_shop,frozen_yoghurt_shop,137,id_match,True
frozen_yogurt_shop,grocery_store,1,id_match,True
funeral_service,funeral_services_and_cemeteries,178,id_match,True
funeral_service,church_cathedral,1,id_match,True
funeral_service,shopping,1,id_match,True
fur_clothing,fur_clothing,1,id_match,True
furniture_accessory_store,furniture_accessory_store,1,id_match,True
furniture_assembly,furniture_assembly,160,id_match,True
furniture_manufacturer,furniture_manufacturers,7,id_match,True
furniture_reupholstery,furniture_reupholstery,1,id_match,True
furniture_store,furniture_store,11653,id_match,True
furniture_store,interior_design,11,id_match,True
furniture_store,home_staging,8,id_match,True
furniture_store,shopping,8,id_match,True
furniture_store,contractor,2,id_match,True
furniture_store,mattress_store,2,id_match,True
furniture_store,professional_services,2,id_match,True
furniture_store,advertising_agency,1,id_match,True
furniture_store,arts_and_crafts,1,id_match,True
furniture_store,b2b_textiles,1,id_match,True
furniture_store,bicycle_shop,1,id_match,True
furniture_store,carpenter,1,id_match,True
furniture_store,childrens_clothing_store,1,id_match,True
furniture_store,coffee_shop,1,id_match,True
furniture_store,fashion_accessories_store,1,id_match,True
furniture_store,home_goods_store,1,id_match,True
furniture_store,industrial_company,1,id_match,True
furniture_store,lighting_store,1,id_match,True
furniture_store,mattress_manufacturing,1,id_match,True
furniture_store,party_and_event_planning,1,id_match,True
furniture_store,spas,1,id_match,True
furniture_store,wholesale_store,1,id_match,True
furniture_store,womens_clothing_store,1,id_match,True
game_publisher,game_publisher,102,id_match,True
garage_door_service,garage_door_service,23,id_match,True
garbage_collection_service,garbage_collection_service,28,id_match,True
gardener,gardener,292,id_match,True
gardener,nursery_and_gardening,1,id_match,True
gas_station,gas_station,708,id_match,True
gas_station,airline,1,id_match,True
gas_station,chemical_plant,1,id_match,True
gas_station,shopping,1,id_match,True
gastroenterology,gastroenterologist,4,id_match,True
gastropub,gastropub,66,id_match,True
gastropub,restaurant,1,id_match,True
gay_bar,gay_bar,8,id_match,True
gelato_shop,gelato,34,id_match,True
gelato_shop,desserts,1,id_match,True
gelato_shop,ice_cream_shop,1,id_match,True
general_dentistry,general_dentistry,29,id_match,True
general_dentistry,dentist,1,id_match,True
general_litigation,general_litigation,4,id_match,True
generator_installation_repair,generator_installation_repair,4,id_match,True
geographic_entities,structure_and_geography,103,id_match,True
geological_service,geological_services,4,id_match,True
geological_service,construction_services,1,id_match,True
german_restaurant,german_restaurant,35,id_match,True
gerontology,gerontologist,2,id_match,True
gift_shop,gift_shop,133,id_match,True
gift_shop,shopping,1,id_match,True
glass_and_mirror_sales_service,glass_and_mirror_sales_service,239,id_match,True
glass_and_mirror_sales_service,eyewear_and_optician,2,id_match,True
glass_and_mirror_sales_service,shopping,1,id_match,True
glass_blowing_venue,glass_blowing,3,id_match,True
glass_manufacturer,glass_manufacturer,71,id_match,True
gluten_free_restaurant,gluten_free_restaurant,4,id_match,True
go_kart_club,go_kart_club,7,id_match,True
golf_cart_dealer,golf_cart_dealer,15,id_match,True
golf_course,golf_course,58,id_match,True
golf_instructor,golf_instructor,28,id_match,True
government_office,central_government_office,2511,id_match,True
government_office,community_services_non_profits,4,id_match,True
government_office,accommodation,1,id_match,True
government_office,art_gallery,1,id_match,True
government_office,community_center,1,id_match,True
government_office,courthouse,1,id_match,True
government_office,education,1,id_match,True
government_office,financial_service,1,id_match,True
government_office,landmark_and_historical_building,1,id_match,True
government_office,police_department,1,id_match,True
government_office,post_office,1,id_match,True
government_office,restaurant,1,id_match,True
government_office,senior_citizen_services,1,id_match,True
government_office,spas,1,id_match,True
government_office,tours,1,id_match,True
granite_supplier,granite_supplier,31,id_match,True
graphic_designer,graphic_designer,743,id_match,True
graphic_designer,printing_services,2,id_match,True
graphic_designer,professional_services,2,id_match,True
graphic_designer,advertising_agency,1,id_match,True
graphic_designer,engineering_services,1,id_match,True
graphic_designer,interior_design,1,id_match,True
graphic_designer,shopping,1,id_match,True
graphic_designer,sign_making,1,id_match,True
greek_restaurant,greek_restaurant,11,id_match,True
grilling_equipment_store,grilling_equipment,1,id_match,True
grocery_store,grocery_store,8471,id_match,True
grocery_store,shopping,10,id_match,True
grocery_store,convenience_store,5,id_match,True
grocery_store,coffee_shop,3,id_match,True
grocery_store,eat_and_drink,3,id_match,True
grocery_store,health_food_store,3,id_match,True
grocery_store,shopping_center,3,id_match,True
grocery_store,cafe,2,id_match,True
grocery_store,discount_store,2,id_match,True
grocery_store,food_beverage_service_distribution,2,id_match,True
grocery_store,vietnamese_restaurant,2,id_match,True
grocery_store,bakery,1,id_match,True
grocery_store,candy_store,1,id_match,True
grocery_store,childrens_clothing_store,1,id_match,True
grocery_store,clothing_store,1,id_match,True
grocery_store,cosmetic_and_beauty_supplies,1,id_match,True
grocery_store,credit_and_debt_counseling,1,id_match,True
grocery_store,diner,1,id_match,True
grocery_store,electronics,1,id_match,True
grocery_store,fast_food_restaurant,1,id_match,True
grocery_store,food_truck,1,id_match,True
grocery_store,fruits_and_vegetables,1,id_match,True
grocery_store,health_and_medical,1,id_match,True
grocery_store,marketing_agency,1,id_match,True
grocery_store,maternity_wear,1,id_match,True
grocery_store,office_equipment,1,id_match,True
grocery_store,organic_grocery_store,1,id_match,True
grocery_store,professional_services,1,id_match,True
grocery_store,shipping_center,1,id_match,True
grocery_store,wholesale_grocer,1,id_match,True
grocery_store,wholesale_store,1,id_match,True
guatemalan_restaurant,guatemalan_restaurant,2,id_match,True
guest_house,guest_house,8,id_match,True
guest_house,hotel,1,id_match,True
gun_and_ammo_store,gun_and_ammo,1,id_match,True
gutter_service,gutter_service,7,id_match,True
gym,gym,3266,id_match,True
gym,active_life,8,id_match,True
gym,gymnastics_center,6,id_match,True
gym,health_and_wellness_club,3,id_match,True
gym,fitness_trainer,2,id_match,True
gym,pilates_studio,2,id_match,True
gym,spas,2,id_match,True
gym,dance_school,1,id_match,True
gym,martial_arts_club,1,id_match,True
gym,pool_cleaning,1,id_match,True
gym,real_estate_service,1,id_match,True
gym,shopping,1,id_match,True
gym,sports_and_recreation_venue,1,id_match,True
gym,stadium_arena,1,id_match,True
gym,vitamins_and_supplements,1,id_match,True
gym,weight_loss_center,1,id_match,True
gym,yoga_studio,1,id_match,True
gymnastics_center,gymnastics_center,139,id_match,True
gymnastics_center,education,1,id_match,True
gymnastics_center,gym,1,id_match,True
hair_extensions,hair_extensions,46,id_match,True
hair_extensions,spas,1,id_match,True
hair_removal,hair_removal,42,id_match,True
hair_replacement,hair_replacement,44,id_match,True
hair_salon,hair_salon,5657,id_match,True
hair_salon,beauty_salon,50,id_match,True
hair_salon,barber,18,id_match,True
hair_salon,spas,15,id_match,True
hair_salon,fashion,2,id_match,True
hair_salon,clothing_store,1,id_match,True
hair_salon,cosmetic_and_beauty_supplies,1,id_match,True
hair_salon,plastic_surgeon,1,id_match,True
hair_salon,professional_services,1,id_match,True
hair_stylist,hair_stylist,1,id_match,True
hair_supply_store,hair_supply_stores,545,id_match,True
hair_supply_store,cosmetic_and_beauty_supplies,5,id_match,True
hair_supply_store,beauty_salon,2,id_match,True
hair_supply_store,shopping,2,id_match,True
hair_supply_store,spas,1,id_match,True
halal_restaurant,halal_restaurant,24,id_match,True
halfway_house,halfway_house,1,id_match,True
handbag_store,handbag_stores,1,id_match,True
handyman,handyman,2,id_match,True
hang_gliding_center,hang_gliding_center,1,id_match,True
hardware_home_and_garden_store,home_and_garden,384,id_match,True
hardware_home_and_garden_store,home_goods_store,1,id_match,True
hardware_store,hardware_store,731,id_match,True
hardware_store,auto_company,1,id_match,True
hardware_store,building_supply_store,1,id_match,True
hardware_store,commercial_industrial,1,id_match,True
hardware_store,countertop_installation,1,id_match,True
hardware_store,furniture_store,1,id_match,True
hardware_store,shopping,1,id_match,True
hat_store,hat_shop,157,id_match,True
hat_store,fashion,1,id_match,True
hat_store,fashion_accessories_store,1,id_match,True
hawaiian_restaurant,hawaiian_restaurant,7,id_match,True
health_and_wellness_club,gym,1,id_match,True
health_and_wellness_club,health_and_wellness_club,1,id_match,True
health_care,health_and_medical,3815,id_match,True
health_care,hospital,16,id_match,True
health_care,pharmaceutical_companies,6,id_match,True
health_care,physical_therapy,6,id_match,True
health_care,pharmacy,4,id_match,True
health_care,spas,4,id_match,True
health_care,medical_service_organizations,3,id_match,True
health_care,family_practice,2,id_match,True
health_care,medical_center,2,id_match,True
health_care,professional_services,2,id_match,True
health_care,accommodation,1,id_match,True
health_care,beauty_salon,1,id_match,True
health_care,cosmetic_and_beauty_supplies,1,id_match,True
health_care,dermatologist,1,id_match,True
health_care,electronics,1,id_match,True
health_care,eye_care_clinic,1,id_match,True
health_care,health_spa,1,id_match,True
health_care,home_health_care,1,id_match,True
health_care,investing,1,id_match,True
health_care,laboratory_testing,1,id_match,True
health_care,massage_therapy,1,id_match,True
health_care,medical_spa,1,id_match,True
health_care,meditation_center,1,id_match,True
health_care,naturopathic_holistic,1,id_match,True
health_care,obstetrician_and_gynecologist,1,id_match,True
health_care,osteopath,1,id_match,True
health_care,shoe_store,1,id_match,True
health_care,shopping,1,id_match,True
health_care,skilled_nursing,1,id_match,True
health_care,surgical_appliances_and_supplies,1,id_match,True
health_department,health_department,59,id_match,True
health_food_restaurant,health_food_restaurant,109,id_match,True
health_food_restaurant,health_food_store,1,id_match,True
health_food_restaurant,poke_restaurant,1,id_match,True
health_food_restaurant,vegetarian_restaurant,1,id_match,True
health_food_restaurant,vietnamese_restaurant,1,id_match,True
health_food_store,health_food_store,2365,id_match,True
health_food_store,grocery_store,4,id_match,True
health_food_store,eat_and_drink,2,id_match,True
health_food_store,food,2,id_match,True
health_food_store,business_manufacturing_and_supply,1,id_match,True
health_food_store,butcher_shop,1,id_match,True
health_food_store,flea_market,1,id_match,True
health_food_store,food_beverage_service_distribution,1,id_match,True
health_food_store,food_truck,1,id_match,True
health_food_store,fruits_and_vegetables,1,id_match,True
health_food_store,furniture_store,1,id_match,True
health_food_store,pharmacy,1,id_match,True
health_food_store,restaurant,1,id_match,True
health_food_store,shopping,1,id_match,True
health_food_store,vitamins_and_supplements,1,id_match,True
health_market,health_market,6,id_match,True
health_spa,health_spa,2227,id_match,True
health_spa,spas,35,id_match,True
health_spa,beauty_salon,3,id_match,True
health_spa,cosmetic_and_beauty_supplies,2,id_match,True
health_spa,day_spa,1,id_match,True
health_spa,health_and_medical,1,id_match,True
health_spa,landmark_and_historical_building,1,id_match,True
health_spa,media_news_company,1,id_match,True
health_spa,nail_salon,1,id_match,True
health_spa,physical_therapy,1,id_match,True
health_spa,pilates_studio,1,id_match,True
hearing_aid_store,hearing_aid_provider,2,id_match,True
heliport,heliports,4,id_match,True
herb_and_spice_store,herb_and_spice_shop,3,id_match,True
high_school,high_school,475,id_match,True
high_school,school,4,id_match,True
high_school,elementary_school,2,id_match,True
high_school,campus_building,1,id_match,True
high_school,education,1,id_match,True
high_school,middle_school,1,id_match,True
hiking_trail,hiking_trail,25,id_match,True
hindu_place_of_worship,hindu_temple,18,id_match,True
historic_mission,mission,9,id_match,True
historic_site,landmark_and_historical_building,6973,id_match,True
historic_site,real_estate_service,24,id_match,True
historic_site,hotel,5,id_match,True
historic_site,accommodation,4,id_match,True
historic_site,church_cathedral,3,id_match,True
historic_site,professional_services,3,id_match,True
historic_site,service_apartments,3,id_match,True
historic_site,coffee_shop,2,id_match,True
historic_site,monument,2,id_match,True
historic_site,real_estate_agent,2,id_match,True
historic_site,buddhist_temple,1,id_match,True
historic_site,cafe,1,id_match,True
historic_site,car_dealer,1,id_match,True
historic_site,convenience_store,1,id_match,True
historic_site,cottage,1,id_match,True
historic_site,gym,1,id_match,True
historic_site,hair_salon,1,id_match,True
historic_site,park,1,id_match,True
historic_site,restaurant,1,id_match,True
historic_site,shopping,1,id_match,True
historic_site,womens_clothing_store,1,id_match,True
historical_tour,historical_tours,5,id_match,True
history_museum,history_museum,59,id_match,True
history_museum,museum,3,id_match,True
history_museum,transportation,1,id_match,True
hobby_shop,hobby_shop,221,id_match,True
hobby_shop,public_service_and_government,1,id_match,True
hobby_shop,shopping,1,id_match,True
hobby_shop,toy_store,1,id_match,True
hockey_arena,hockey_arena,1,id_match,True
hockey_field,hockey_field,1,id_match,True
holiday_rental_home,holiday_rental_home,801,id_match,True
holiday_rental_home,hotel,7,id_match,True
holiday_rental_home,service_apartments,2,id_match,True
holiday_rental_home,accommodation,1,id_match,True
holiday_rental_home,professional_services,1,id_match,True
holiday_rental_home,real_estate_agent,1,id_match,True
holiday_rental_home,real_estate_service,1,id_match,True
holiday_rental_home,shopping,1,id_match,True
holiday_rental_home,shopping_center,1,id_match,True
holiday_rental_home,travel_services,1,id_match,True
holiday_rental_home,vitamins_and_supplements,1,id_match,True
home_cleaning,home_cleaning,1216,id_match,True
home_cleaning,dry_cleaning,2,id_match,True
home_cleaning,engineering_services,1,id_match,True
home_cleaning,grocery_store,1,id_match,True
home_cleaning,internet_marketing_service,1,id_match,True
home_cleaning,professional_services,1,id_match,True
home_cleaning,water_supplier,1,id_match,True
home_decor_store,home_decor,11,id_match,True
home_developer,home_developer,509,id_match,True
home_developer,real_estate_service,10,id_match,True
home_developer,accommodation,1,id_match,True
home_developer,community_services_non_profits,1,id_match,True
home_developer,party_and_event_planning,1,id_match,True
home_developer,real_estate_investment,1,id_match,True
home_goods_store,home_goods_store,3341,id_match,True
home_goods_store,shopping,7,id_match,True
home_goods_store,electronics,2,id_match,True
home_goods_store,furniture_store,2,id_match,True
home_goods_store,party_and_event_planning,2,id_match,True
home_goods_store,antique_store,1,id_match,True
home_goods_store,fashion,1,id_match,True
home_goods_store,grocery_store,1,id_match,True
home_goods_store,hardware_store,1,id_match,True
home_goods_store,home_and_garden,1,id_match,True
home_goods_store,home_staging,1,id_match,True
home_goods_store,japanese_restaurant,1,id_match,True
home_goods_store,luggage_store,1,id_match,True
home_goods_store,musical_instrument_store,1,id_match,True
home_goods_store,professional_services,1,id_match,True
home_goods_store,restaurant_equipment_and_supply,1,id_match,True
home_goods_store,shopping_center,1,id_match,True
home_health_care,home_health_care,198,id_match,True
home_health_care,health_and_medical,1,id_match,True
home_improvement_store,home_improvement_store,1233,id_match,True
home_improvement_store,construction_services,2,id_match,True
home_improvement_store,shopping,2,id_match,True
home_improvement_store,building_supply_store,1,id_match,True
home_improvement_store,home_staging,1,id_match,True
home_inspector,home_inspector,3,id_match,True
home_security,home_security,314,id_match,True
home_security,internet_service_provider,1,id_match,True
home_security,photography_store_and_services,1,id_match,True
home_security,professional_services,1,id_match,True
home_service,home_service,1031,id_match,True
home_service,appliance_store,1,id_match,True
home_service,automotive_repair,1,id_match,True
home_service,health_and_medical,1,id_match,True
home_service,health_food_store,1,id_match,True
home_service,professional_services,1,id_match,True
home_service,video_game_store,1,id_match,True
home_staging,home_staging,1451,id_match,True
home_staging,furniture_store,3,id_match,True
home_staging,shopping,2,id_match,True
home_staging,home_improvement_store,1,id_match,True
home_staging,interior_design,1,id_match,True
home_staging,linen,1,id_match,True
home_staging,playground,1,id_match,True
home_theater_systems_stores,home_theater_systems_stores,34,id_match,True
homeless_shelter,homeless_shelter,4,id_match,True
honduran_restaurant,honduran_restaurant,2,id_match,True
hong_kong_style_cafe,hong_kong_style_cafe,13,id_match,True
hookah_bar,hookah_bar,33,id_match,True
hookah_bar,cocktail_bar,1,id_match,True
horse_boarding,horse_boarding,3,id_match,True
horse_riding,horse_riding,6,id_match,True
horse_trainer,horse_trainer,2,id_match,True
hospice,hospice,5,id_match,True
hospital,hospital,3823,id_match,True
hospital,health_and_medical,13,id_match,True
hospital,pharmacy,6,id_match,True
hospital,beauty_salon,4,id_match,True
hospital,medical_center,4,id_match,True
hospital,maternity_centers,3,id_match,True
hospital,dentist,2,id_match,True
hospital,diagnostic_services,2,id_match,True
hospital,medical_service_organizations,2,id_match,True
hospital,cosmetic_dentist,1,id_match,True
hospital,dermatologist,1,id_match,True
hospital,fertility,1,id_match,True
hospital,laboratory_testing,1,id_match,True
hospital,pet_services,1,id_match,True
hospital,plastic_surgeon,1,id_match,True
hospital,post_office,1,id_match,True
hospital,professional_services,1,id_match,True
hospital,spas,1,id_match,True
hospital,veterinarian,1,id_match,True
hostel,hostel,472,id_match,True
hostel,hotel,5,id_match,True
hostel,accommodation,1,id_match,True
hostel,real_estate_service,1,id_match,True
hostel,service_apartments,1,id_match,True
hot_air_balloons_tour,hot_air_balloons_tour,1,id_match,True
hot_dog_restaurant,hot_dog_restaurant,18,id_match,True
hot_springs,hot_springs,4,id_match,True
hotel,hotel,13567,id_match,True
hotel,accommodation,21,id_match,True
hotel,resort,16,id_match,True
hotel,holiday_rental_home,8,id_match,True
hotel,landmark_and_historical_building,7,id_match,True
hotel,real_estate_service,4,id_match,True
hotel,professional_services,3,id_match,True
hotel,bar,2,id_match,True
hotel,bed_and_breakfast,2,id_match,True
hotel,hostel,2,id_match,True
hotel,restaurant,2,id_match,True
hotel,beach_resort,1,id_match,True
hotel,beauty_salon,1,id_match,True
hotel,coffee_shop,1,id_match,True
hotel,indonesian_restaurant,1,id_match,True
hotel,lodge,1,id_match,True
hotel,monument,1,id_match,True
hotel,motel,1,id_match,True
hotel,party_and_event_planning,1,id_match,True
hotel,real_estate_agent,1,id_match,True
hotel,shopping,1,id_match,True
hotel,skilled_nursing,1,id_match,True
hotel,spas,1,id_match,True
hotel,tattoo_and_piercing,1,id_match,True
hotel,tea_room,1,id_match,True
hotel,tours,1,id_match,True
hotel,travel_services,1,id_match,True
hotel,urban_farm,1,id_match,True
hotel_bar,hotel_bar,4,id_match,True
hotel_supply_service,hotel_supply_service,65,id_match,True
hotel_supply_service,hotel,1,id_match,True
house_sitting,house_sitting,2,id_match,True
housing_authority,housing_authorities,70,id_match,True
housing_authority,accommodation,1,id_match,True
housing_authority,hotel,1,id_match,True
hungarian_restaurant,hungarian_restaurant,4,id_match,True
hunting_and_fishing_store,hunting_and_fishing_supplies,267,id_match,True
hunting_and_fishing_store,shopping,1,id_match,True
hunting_and_fishing_store,sporting_goods,1,id_match,True
hvac_service,hvac_services,537,id_match,True
hvac_service,appliance_repair_service,3,id_match,True
hvac_service,home_cleaning,1,id_match,True
hvac_supplier,hvac_supplier,1,id_match,True
ice_cream_shop,ice_cream_shop,1247,id_match,True
ice_cream_shop,coffee_shop,3,id_match,True
ice_cream_shop,fast_food_restaurant,2,id_match,True
ice_cream_shop,restaurant,2,id_match,True
ice_cream_shop,cafe,1,id_match,True
ice_cream_shop,shopping,1,id_match,True
ice_cream_shop,vietnamese_restaurant,1,id_match,True
ice_skating_rink,ice_skating_rink,5,id_match,True
ice_supplier,ice_supplier,3,id_match,True
image_consultant,image_consultant,43,id_match,True
image_consultant,beauty_salon,1,id_match,True
immigration_law,immigration_law,102,id_match,True
immigration_law,investing,1,id_match,True
immigration_law,professional_services,1,id_match,True
importer,importers,1,id_match,True
indian_restaurant,indian_restaurant,555,id_match,True
indian_restaurant,diner,3,id_match,True
indian_restaurant,restaurant,2,id_match,True
indian_restaurant,bar,1,id_match,True
indian_restaurant,pub,1,id_match,True
indo_chinese_restaurant,indo_chinese_restaurant,30,id_match,True
indonesian_restaurant,indonesian_restaurant,12,id_match,True
industrial_company,industrial_company,1076,id_match,True
industrial_company,fire_protection_service,1,id_match,True
industrial_company,industrial_equipment,1,id_match,True
industrial_equipment_manufacturer,industrial_equipment,3099,id_match,True
industrial_equipment_manufacturer,shopping,3,id_match,True
industrial_equipment_manufacturer,contractor,2,id_match,True
industrial_equipment_manufacturer,professional_services,2,id_match,True
industrial_equipment_manufacturer,elevator_service,1,id_match,True
industrial_equipment_manufacturer,hardware_store,1,id_match,True
industrial_equipment_manufacturer,industrial_company,1,id_match,True
industrial_equipment_manufacturer,party_and_event_planning,1,id_match,True
industrial_equipment_manufacturer,restaurant,1,id_match,True
industrial_equipment_manufacturer,surgical_appliances_and_supplies,1,id_match,True
industrial_spares_and_products_wholesaler,industrial_spares_and_products_wholesaler,1,id_match,True
information_technology_company,information_technology_company,1422,id_match,True
information_technology_company,software_development,7,id_match,True
information_technology_company,campus_building,1,id_match,True
information_technology_company,computer_coaching,1,id_match,True
information_technology_company,computer_hardware_company,1,id_match,True
information_technology_company,computer_store,1,id_match,True
information_technology_company,electronics,1,id_match,True
information_technology_company,engineering_services,1,id_match,True
information_technology_company,media_agency,1,id_match,True
information_technology_company,school,1,id_match,True
information_technology_company,social_media_company,1,id_match,True
information_technology_company,spas,1,id_match,True
information_technology_company,telecommunications_company,1,id_match,True
information_technology_company,web_designer,1,id_match,True
inn,inn,64,id_match,True
installment_loans,installment_loans,317,id_match,True
installment_loans,financial_advising,1,id_match,True
installment_loans,financial_service,1,id_match,True
installment_loans,shopping,1,id_match,True
insurance_agency,insurance_agency,1005,id_match,True
insurance_agency,art_gallery,1,id_match,True
insurance_agency,financial_service,1,id_match,True
insurance_agency,party_and_event_planning,1,id_match,True
interior_design,interior_design,3746,id_match,True
interior_design,furniture_store,12,id_match,True
interior_design,architectural_designer,7,id_match,True
interior_design,construction_services,5,id_match,True
interior_design,professional_services,4,id_match,True
interior_design,home_staging,2,id_match,True
interior_design,linen,2,id_match,True
interior_design,bridal_shop,1,id_match,True
interior_design,contractor,1,id_match,True
interior_design,engineering_services,1,id_match,True
interior_design,hair_salon,1,id_match,True
interior_design,hardware_store,1,id_match,True
interior_design,home_improvement_store,1,id_match,True
interior_design,hotel,1,id_match,True
interior_design,masonry_concrete,1,id_match,True
interior_design,party_and_event_planning,1,id_match,True
interior_design,public_service_and_government,1,id_match,True
interior_design,shopping,1,id_match,True
internal_medicine,internal_medicine,30,id_match,True
internet_cafe,internet_cafe,530,id_match,True
internet_cafe,education,1,id_match,True
internet_cafe,sports_and_recreation_venue,1,id_match,True
internet_marketing_service,internet_marketing_service,262,id_match,True
internet_service_provider,internet_service_provider,652,id_match,True
internet_service_provider,telecommunications_company,3,id_match,True
internet_service_provider,active_life,1,id_match,True
internet_service_provider,computer_hardware_company,1,id_match,True
internet_service_provider,information_technology_company,1,id_match,True
inventory_control_service,inventory_control_service,2,id_match,True
investing,investing,339,id_match,True
investing,financial_service,2,id_match,True
ip_and_internet_law,ip_and_internet_law,14,id_match,True
irish_pub,irish_pub,6,id_match,True
irish_restaurant,irish_restaurant,1,id_match,True
island,island,8,id_match,True
it_consultant,it_consultant,2,id_match,True
it_service_and_computer_repair,it_service_and_computer_repair,1520,id_match,True
it_service_and_computer_repair,computer_store,7,id_match,True
it_service_and_computer_repair,professional_services,2,id_match,True
it_service_and_computer_repair,computer_coaching,1,id_match,True
it_service_and_computer_repair,computer_hardware_company,1,id_match,True
it_service_and_computer_repair,language_school,1,id_match,True
it_service_and_computer_repair,mobile_phone_store,1,id_match,True
italian_restaurant,italian_restaurant,214,id_match,True
italian_restaurant,burger_restaurant,1,id_match,True
italian_restaurant,diner,1,id_match,True
italian_restaurant,restaurant,1,id_match,True
jail_or_prison,jail_and_prison,19,id_match,True
jamaican_restaurant,jamaican_restaurant,1,id_match,True
janitorial_service,janitorial_services,127,id_match,True
janitorial_service,home_service,1,id_match,True
janitorial_service,shopping,1,id_match,True
japanese_restaurant,japanese_restaurant,1319,id_match,True
japanese_restaurant,restaurant,13,id_match,True
japanese_restaurant,sushi_restaurant,7,id_match,True
japanese_restaurant,arts_and_crafts,1,id_match,True
japanese_restaurant,barbecue_restaurant,1,id_match,True
japanese_restaurant,cosmetic_and_beauty_supplies,1,id_match,True
japanese_restaurant,diner,1,id_match,True
japanese_restaurant,shopping,1,id_match,True
jazz_and_blues_venue,jazz_and_blues,16,id_match,True
jazz_and_blues_venue,religious_organization,1,id_match,True
jehovahs_witness_place_of_worship,jehovahs_witness_kingdom_hall,2,id_match,True
jet_skis_rental,jet_skis_rental,3,id_match,True
jewelry_and_watches_manufacturer,jewelry_and_watches_manufacturer,999,id_match,True
jewelry_and_watches_manufacturer,jewelry_store,13,id_match,True
jewelry_store,jewelry_store,3302,id_match,True
jewelry_store,jewelry_and_watches_manufacturer,7,id_match,True
jewelry_store,shopping,6,id_match,True
jewelry_store,fashion_accessories_store,5,id_match,True
jewelry_store,clothing_store,1,id_match,True
jewelry_store,construction_services,1,id_match,True
jewelry_store,electronics,1,id_match,True
jewelry_store,shopping_center,1,id_match,True
jewish_place_of_worship,synagogue,15,id_match,True
junk_removal_and_hauling,junk_removal_and_hauling,2,id_match,True
junkyard,junkyard,18,id_match,True
karaoke_venue,karaoke,1999,id_match,True
karaoke_venue,bar,3,id_match,True
karaoke_venue,arts_and_entertainment,1,id_match,True
karaoke_venue,cocktail_bar,1,id_match,True
karaoke_venue,diner,1,id_match,True
karaoke_venue,music_production,1,id_match,True
karaoke_venue,shopping,1,id_match,True
karaoke_venue,theatre,1,id_match,True
key_and_locksmith,key_and_locksmith,188,id_match,True
key_and_locksmith,automotive_repair,1,id_match,True
kids_recreation_and_party,kids_recreation_and_party,6,id_match,True
kitchen_supply_store,kitchen_supply_store,7,id_match,True
kiteboarding,kiteboarding,1,id_match,True
knitting_supply_store,knitting_supply,1,id_match,True
korean_restaurant,korean_restaurant,1448,id_match,True
korean_restaurant,restaurant,7,id_match,True
korean_restaurant,diner,2,id_match,True
korean_restaurant,college_university,1,id_match,True
korean_restaurant,cosmetic_and_beauty_supplies,1,id_match,True
korean_restaurant,fast_food_restaurant,1,id_match,True
korean_restaurant,japanese_restaurant,1,id_match,True
korean_restaurant,vietnamese_restaurant,1,id_match,True
kosher_restaurant,kosher_restaurant,1,id_match,True
labor_union,labor_union,138,id_match,True
laboratory_equipment_supplier,laboratory_equipment_supplier,1,id_match,True
laboratory_testing,laboratory_testing,167,id_match,True
laboratory_testing,medical_service_organizations,2,id_match,True
lake,lake,353,id_match,True
lake,fishing_club,2,id_match,True
lake,aquatic_pet_store,1,id_match,True
lake,pool_cleaning,1,id_match,True
land_surveying,land_surveying,16,id_match,True
landscaping,landscaping,310,id_match,True
landscaping,gardener,1,id_match,True
language_school,language_school,2583,id_match,True
language_school,education,15,id_match,True
language_school,school,4,id_match,True
language_school,educational_services,3,id_match,True
language_school,mattress_store,1,id_match,True
language_school,music_venue,1,id_match,True
laser_hair_removal,laser_hair_removal,10,id_match,True
laser_hair_removal,skin_care,1,id_match,True
laser_tag,laser_tag,3,id_match,True
latin_american_restaurant,latin_american_restaurant,4,id_match,True
laundromat,laundromat,1152,id_match,True
laundromat,appliance_store,1,id_match,True
laundromat,dry_cleaning,1,id_match,True
laundromat,professional_services,1,id_match,True
laundry_service,laundry_services,2,id_match,True
leather_goods_store,leather_goods,4,id_match,True
leather_products_manufacturer,leather_products_manufacturer,1,id_match,True
legal_service,legal_services,622,id_match,True
legal_service,lawyer,1,id_match,True
legal_service,police_department,1,id_match,True
library,library,238,id_match,True
library,school,1,id_match,True
life_coach,life_coach,107,id_match,True
life_coach,dance_school,1,id_match,True
life_coach,fitness_trainer,1,id_match,True
life_coach,gym,1,id_match,True
life_insurance,life_insurance,1,id_match,True
lighthouse,lighthouse,3,id_match,True
lighting_store,lighting_store,719,id_match,True
lighting_store,b2b_electronic_equipment,1,id_match,True
lighting_store,campus_building,1,id_match,True
lighting_store,party_and_event_planning,1,id_match,True
lighting_store,professional_services,1,id_match,True
lighting_store,shopping,1,id_match,True
limo_service,limo_services,57,id_match,True
linen_store,linen,656,id_match,True
linen_store,furniture_store,2,id_match,True
linen_store,party_and_event_planning,2,id_match,True
linen_store,shopping,2,id_match,True
lingerie_store,lingerie_store,298,id_match,True
lingerie_store,shopping,3,id_match,True
lingerie_store,womens_clothing_store,1,id_match,True
liquor_store,liquor_store,977,id_match,True
liquor_store,beer_bar,1,id_match,True
liquor_store,eat_and_drink,1,id_match,True
liquor_store,flowers_and_gifts_shop,1,id_match,True
liquor_store,fruits_and_vegetables,1,id_match,True
liquor_store,wholesale_store,1,id_match,True
liquor_store,winery,1,id_match,True
live_and_raw_food_restaurant,live_and_raw_food_restaurant,67,id_match,True
livestock_breeder,livestock_breeder,24,id_match,True
lodge,lodge,243,id_match,True
lodge,hotel,2,id_match,True
lodging,accommodation,2908,id_match,True
lodging,hotel,23,id_match,True
lodging,holiday_rental_home,3,id_match,True
lodging,landmark_and_historical_building,3,id_match,True
lodging,restaurant,3,id_match,True
lodging,commercial_real_estate,2,id_match,True
lodging,hostel,2,id_match,True
lodging,inn,2,id_match,True
lodging,party_and_event_planning,2,id_match,True
lodging,professional_services,2,id_match,True
lodging,bed_and_breakfast,1,id_match,True
lodging,buddhist_temple,1,id_match,True
lodging,clothing_store,1,id_match,True
lodging,fashion,1,id_match,True
lodging,hotel_supply_service,1,id_match,True
lodging,resort,1,id_match,True
lodging,service_apartments,1,id_match,True
lodging,shopping,1,id_match,True
lodging,shopping_center,1,id_match,True
lodging,travel_services,1,id_match,True
logging_contractor,logging_contractor,7,id_match,True
logging_service,logging_services,20,id_match,True
lottery_vendor,lottery_ticket,122,id_match,True
lottery_vendor,shopping,1,id_match,True
lounge,lounge,348,id_match,True
lounge,bar,2,id_match,True
lounge,hotel,1,id_match,True
lounge,pub,1,id_match,True
lounge,restaurant,1,id_match,True
luggage_store,luggage_store,927,id_match,True
luggage_store,shopping,5,id_match,True
luggage_store,fashion,3,id_match,True
luggage_store,clothing_store,2,id_match,True
luggage_store,bags_luggage_company,1,id_match,True
lumber_store,lumber_store,93,id_match,True
machine_and_tool_rental,machine_and_tool_rentals,1,id_match,True
machine_shop,machine_shop,319,id_match,True
machine_shop,commercial_industrial,1,id_match,True
machine_shop,construction_services,1,id_match,True
machine_shop,shopping,1,id_match,True
makeup_artist,makeup_artist,749,id_match,True
makeup_artist,spas,2,id_match,True
makeup_artist,arts_and_entertainment,1,id_match,True
makeup_artist,beauty_salon,1,id_match,True
makeup_artist,bridal_shop,1,id_match,True
makeup_artist,professional_services,1,id_match,True
malaysian_restaurant,malaysian_restaurant,21,id_match,True
manufacturer,business_manufacturing_and_supply,1999,id_match,True
manufacturer,b2b_science_and_technology,2,id_match,True
manufacturer,metal_fabricator,2,id_match,True
manufacturer,professional_services,2,id_match,True
manufacturer,shopping,2,id_match,True
manufacturer,arts_and_entertainment,1,id_match,True
manufacturer,b2b_electronic_equipment,1,id_match,True
manufacturer,building_supply_store,1,id_match,True
manufacturer,cafe,1,id_match,True
manufacturer,church_cathedral,1,id_match,True
manufacturer,freight_and_cargo_service,1,id_match,True
manufacturer,grocery_store,1,id_match,True
manufacturer,industrial_equipment,1,id_match,True
manufacturer,jewelry_and_watches_manufacturer,1,id_match,True
manufacturer,party_and_event_planning,1,id_match,True
manufacturer,printing_services,1,id_match,True
manufacturer,storage_facility,1,id_match,True
manufacturer,wholesale_store,1,id_match,True
marina,marina,42,id_match,True
marketing_agency,marketing_agency,1107,id_match,True
marketing_agency,advertising_agency,2,id_match,True
marketing_agency,internet_marketing_service,2,id_match,True
marketing_agency,media_agency,2,id_match,True
marketing_agency,public_relations,2,id_match,True
marketing_agency,broadcasting_media_production,1,id_match,True
marketing_agency,business_advertising,1,id_match,True
marketing_agency,food_beverage_service_distribution,1,id_match,True
marketing_agency,graphic_designer,1,id_match,True
marketing_agency,media_news_company,1,id_match,True
marketing_agency,party_and_event_planning,1,id_match,True
marketing_agency,professional_services,1,id_match,True
marketing_agency,social_media_agency,1,id_match,True
marketing_agency,web_designer,1,id_match,True
marriage_or_relationship_counseling,marriage_or_relationship_counselor,4,id_match,True
martial_arts_club,martial_arts_club,437,id_match,True
martial_arts_club,gym,2,id_match,True
martial_arts_club,boxing_class,1,id_match,True
martial_arts_club,community_center,1,id_match,True
martial_arts_club,school,1,id_match,True
masonry_concrete,masonry_concrete,203,id_match,True
masonry_concrete,architectural_designer,1,id_match,True
massage_school,massage_school,7,id_match,True
massage_therapy,massage_therapy,300,id_match,True
massage_therapy,spas,9,id_match,True
massage_therapy,health_spa,2,id_match,True
massage_therapy,medical_service_organizations,1,id_match,True
massage_therapy,physical_therapy,1,id_match,True
matchmaker,matchmaker,1,id_match,True
maternity_center,maternity_centers,112,id_match,True
maternity_center,hospital,2,id_match,True
maternity_center,obstetrician_and_gynecologist,2,id_match,True
maternity_wear,maternity_wear,34,id_match,True
maternity_wear,childrens_clothing_store,1,id_match,True
mattress_manufacturing,mattress_manufacturing,72,id_match,True
mattress_store,mattress_store,669,id_match,True
mattress_store,fabric_store,2,id_match,True
mattress_store,shopping,1,id_match,True
meat_wholesaler,meat_wholesaler,61,id_match,True
meat_wholesaler,caterer,1,id_match,True
mechanical_engineer,mechanical_engineers,3,id_match,True
media_agency,media_agency,625,id_match,True
media_agency,media_news_company,2,id_match,True
media_agency,business_advertising,1,id_match,True
media_agency,party_and_event_planning,1,id_match,True
media_agency,professional_services,1,id_match,True
media_news_company,media_news_company,477,id_match,True
media_news_company,business_advertising,1,id_match,True
media_news_company,elementary_school,1,id_match,True
media_news_company,event_photography,1,id_match,True
media_news_website,media_news_website,210,id_match,True
media_restoration_service,media_restoration_service,5,id_match,True
media_service,mass_media,215,id_match,True
media_service,media_news_website,1,id_match,True
media_service,post_office,1,id_match,True
media_service,print_media,1,id_match,True
media_service,telecommunications_company,1,id_match,True
medical_law,medical_law,5,id_match,True
medical_research_institute,medical_research_and_development,186,id_match,True
medical_school,medical_school,29,id_match,True
medical_school,college_university,3,id_match,True
medical_service_organization,medical_service_organizations,727,id_match,True
medical_service_organization,health_and_medical,2,id_match,True
medical_service_organization,college_university,1,id_match,True
medical_service_organization,pharmacy,1,id_match,True
medical_service_organization,shopping_center,1,id_match,True
medical_spa,medical_spa,130,id_match,True
medical_spa,physical_therapy,2,id_match,True
medical_spa,spas,2,id_match,True
medical_supply_store,medical_supply,182,id_match,True
medical_supply_store,pharmacy,3,id_match,True
medical_supply_store,hair_salon,1,id_match,True
medical_transportation,medical_transportation,2,id_match,True
meditation_center,meditation_center,49,id_match,True
meditation_center,school,1,id_match,True
mediterranean_restaurant,mediterranean_restaurant,4,id_match,True
mediterranean_restaurant,european_restaurant,1,id_match,True
mens_clothing_store,mens_clothing_store,1821,id_match,True
mens_clothing_store,clothing_store,14,id_match,True
mens_clothing_store,fashion,3,id_match,True
mens_clothing_store,shopping,3,id_match,True
mens_clothing_store,fashion_accessories_store,2,id_match,True
mens_clothing_store,professional_services,2,id_match,True
mens_clothing_store,shopping_center,2,id_match,True
mens_clothing_store,womens_clothing_store,2,id_match,True
mens_clothing_store,arts_and_crafts,1,id_match,True
mens_clothing_store,clothing_company,1,id_match,True
mens_clothing_store,gym,1,id_match,True
mens_clothing_store,restaurant,1,id_match,True
mens_clothing_store,shoe_store,1,id_match,True
mens_clothing_store,sporting_goods,1,id_match,True
mens_clothing_store,sports_wear,1,id_match,True
merchandising_service,merchandising_service,294,id_match,True
merchandising_service,bubble_tea,1,id_match,True
merchandising_service,business_advertising,1,id_match,True
merchandising_service,business_manufacturing_and_supply,1,id_match,True
metal_fabricator,metal_fabricator,412,id_match,True
metal_fabricator,metal_supplier,2,id_match,True
metal_material_expert,metal_materials_and_experts,15,id_match,True
metal_plating_service,metal_plating_service,16,id_match,True
metal_supplier,metal_supplier,377,id_match,True
metal_supplier,amusement_park,1,id_match,True
metal_supplier,landmark_and_historical_building,1,id_match,True
metal_supplier,professional_services,1,id_match,True
metro_station,metro_station,13,id_match,True
mexican_restaurant,mexican_restaurant,65,id_match,True
mexican_restaurant,restaurant,1,id_match,True
middle_eastern_restaurant,middle_eastern_restaurant,19,id_match,True
middle_school,middle_school,395,id_match,True
middle_school,elementary_school,2,id_match,True
middle_school,education,1,id_match,True
middle_school,home_improvement_store,1,id_match,True
middle_school,school,1,id_match,True
military_site,armed_forces_branch,278,id_match,True
military_site,public_service_and_government,1,id_match,True
miniature_golf_course,miniature_golf_course,47,id_match,True
miniature_golf_course,sporting_goods,1,id_match,True
miniature_golf_course,sports_bar,1,id_match,True
mobile_home_dealer,mobile_home_dealer,7,id_match,True
mobile_home_park,mobile_home_park,1,id_match,True
mobile_phone_accessory_store,mobile_phone_accessories,3,id_match,True
mobile_phone_repair,mobile_phone_repair,29,id_match,True
mobile_phone_repair,it_service_and_computer_repair,1,id_match,True
mobile_phone_store,mobile_phone_store,6270,id_match,True
mobile_phone_store,electronics,8,id_match,True
mobile_phone_store,fashion_accessories_store,5,id_match,True
mobile_phone_store,shopping,5,id_match,True
mobile_phone_store,computer_store,3,id_match,True
mobile_phone_store,professional_services,3,id_match,True
mobile_phone_store,computer_hardware_company,1,id_match,True
mobile_phone_store,engineering_services,1,id_match,True
mobile_phone_store,it_service_and_computer_repair,1,id_match,True
mobile_phone_store,jewelry_and_watches_manufacturer,1,id_match,True
mobile_phone_store,jewelry_store,1,id_match,True
mobile_phone_store,lawyer,1,id_match,True
mobile_phone_store,public_plaza,1,id_match,True
mobile_phone_store,telecommunications_company,1,id_match,True
mobile_phone_store,television_service_providers,1,id_match,True
modern_art_museum,modern_art_museum,12,id_match,True
molecular_gastronomy_restaurant,molecular_gastronomy_restaurant,9,id_match,True
money_transfer_service,money_transfer_services,2,id_match,True
mongolian_restaurant,mongolian_restaurant,1,id_match,True
monument,monument,94,id_match,True
monument,landmark_and_historical_building,1,id_match,True
moroccan_restaurant,moroccan_restaurant,1,id_match,True
mortgage_broker,mortgage_broker,14,id_match,True
motel,motel,91,id_match,True
motel,hotel,1,id_match,True
motel,lodge,1,id_match,True
motorcycle_dealer,motorcycle_dealer,1608,id_match,True
motorcycle_dealer,motorcycle_repair,2,id_match,True
motorcycle_dealer,automotive_services_and_repair,1,id_match,True
motorcycle_dealer,car_dealer,1,id_match,True
motorcycle_dealer,clothing_company,1,id_match,True
motorcycle_dealer,hat_shop,1,id_match,True
motorcycle_dealer,wholesale_store,1,id_match,True
motorcycle_manufacturer,motorcycle_manufacturer,16,id_match,True
motorcycle_manufacturer,party_and_event_planning,1,id_match,True
motorcycle_rental_service,motorcycle_rentals,92,id_match,True
motorcycle_rental_service,rental_service,2,id_match,True
motorcycle_repair,motorcycle_repair,2018,id_match,True
motorcycle_repair,motorcycle_dealer,3,id_match,True
motorcycle_repair,auto_parts_and_supply_store,2,id_match,True
motorcycle_repair,automotive_repair,2,id_match,True
motorcycle_repair,professional_services,2,id_match,True
motorcycle_repair,appliance_repair_service,1,id_match,True
motorcycle_repair,bicycle_shop,1,id_match,True
motorcycle_repair,business_manufacturing_and_supply,1,id_match,True
motorcycle_repair,car_dealer,1,id_match,True
motorcycle_repair,fashion_accessories_store,1,id_match,True
motorcycle_repair,oil_change_station,1,id_match,True
motorcycle_repair,shopping,1,id_match,True
motorsports_store,motorsports_store,59,id_match,True
motorsports_store,used_car_dealer,1,id_match,True
mountain,mountain,121,id_match,True
mountain_bike_trail,mountain_bike_trails,5,id_match,True
mover,movers,99,id_match,True
mover,storage_facility,1,id_match,True
movie_television_studio,movie_television_studio,98,id_match,True
movie_television_studio,arts_and_entertainment,1,id_match,True
movie_theater,cinema,348,id_match,True
movie_theater,drive_in_theater,1,id_match,True
museum,museum,157,id_match,True
museum,church_cathedral,1,id_match,True
museum,history_museum,1,id_match,True
museum,modern_art_museum,1,id_match,True
music_and_dvd_store,music_and_dvd_store,74,id_match,True
music_and_dvd_store,shopping,1,id_match,True
music_production,music_production,351,id_match,True
music_production,record_label,1,id_match,True
music_production_service,music_production_services,1,id_match,True
music_school,music_school,439,id_match,True
music_school,art_school,4,id_match,True
music_school,education,2,id_match,True
music_school,active_life,1,id_match,True
music_school,art_gallery,1,id_match,True
music_school,arts_and_entertainment,1,id_match,True
music_venue,music_venue,1162,id_match,True
music_venue,arts_and_entertainment,5,id_match,True
music_venue,party_and_event_planning,2,id_match,True
music_venue,circus,1,id_match,True
music_venue,community_center,1,id_match,True
music_venue,community_services_non_profits,1,id_match,True
music_venue,education,1,id_match,True
music_venue,fashion,1,id_match,True
music_venue,fashion_accessories_store,1,id_match,True
music_venue,music_production,1,id_match,True
music_venue,parking,1,id_match,True
music_venue,real_estate_service,1,id_match,True
music_venue,record_label,1,id_match,True
music_venue,sports_and_recreation_venue,1,id_match,True
music_venue,theatre,1,id_match,True
music_venue,wedding_planning,1,id_match,True
musical_instrument_store,musical_instrument_store,1031,id_match,True
musical_instrument_store,music_school,2,id_match,True
musical_instrument_store,art_gallery,1,id_match,True
musical_instrument_store,education,1,id_match,True
musical_instrument_store,shopping_center,1,id_match,True
muslim_place_of_worship,mosque,14,id_match,True
nail_salon,nail_salon,3851,id_match,True
nail_salon,beauty_salon,21,id_match,True
nail_salon,spas,16,id_match,True
nail_salon,clothing_store,1,id_match,True
nail_salon,makeup_artist,1,id_match,True
nail_salon,skin_care,1,id_match,True
nail_salon,womens_clothing_store,1,id_match,True
nanny_service,education,1,id_match,True
nanny_service,nanny_services,1,id_match,True
national_park,national_park,22,id_match,True
nature_reserve,nature_reserve,25,id_match,True
nature_reserve,resort,1,id_match,True
naturopathic_medicine,naturopathic_holistic,256,id_match,True
naturopathic_medicine,business_manufacturing_and_supply,1,id_match,True
naturopathic_medicine,shopping_center,1,id_match,True
nephrology,nephrologist,3,id_match,True
nephrology,health_and_medical,1,id_match,True
neurology,neurologist,1,id_match,True
neuropathology,neuropathologist,1,id_match,True
newspaper_and_magazines_store,newspaper_and_magazines_store,17,id_match,True
nicaraguan_restaurant,nicaraguan_restaurant,6,id_match,True
night_market,night_market,59,id_match,True
non_governmental_association,non_governmental_association,145,id_match,True
non_governmental_association,community_services_non_profits,1,id_match,True
notary_public,notary_public,170,id_match,True
notary_public,party_and_event_planning,1,id_match,True
notary_public,professional_services,1,id_match,True
nursery_and_gardening_store,nursery_and_gardening,747,id_match,True
nursery_and_gardening_store,landscaping,2,id_match,True
nursery_and_gardening_store,aquatic_pet_store,1,id_match,True
nursery_and_gardening_store,carpet_store,1,id_match,True
nursery_and_gardening_store,flowers_and_gifts_shop,1,id_match,True
nursery_and_gardening_store,professional_services,1,id_match,True
nursing,skilled_nursing,19,id_match,True
nursing_school,nursing_school,2,id_match,True
nutrition_service,nutritionist,283,id_match,True
nutrition_service,dance_school,1,id_match,True
nutrition_service,diagnostic_services,1,id_match,True
nutrition_service,fitness_trainer,1,id_match,True
nutrition_service,health_and_medical,1,id_match,True
nutrition_service,naturopathic_holistic,1,id_match,True
observatory,observatory,5,id_match,True
obstetrics_and_gynecology,obstetrician_and_gynecologist,253,id_match,True
obstetrics_and_gynecology,diagnostic_services,2,id_match,True
obstetrics_and_gynecology,fertility,1,id_match,True
obstetrics_and_gynecology,maternity_centers,1,id_match,True
occupational_safety,occupational_safety,94,id_match,True
occupational_safety,education,1,id_match,True
occupational_safety,industrial_equipment,1,id_match,True
occupational_therapy,occupational_therapy,8,id_match,True
office_supply_store,office_equipment,663,id_match,True
office_supply_store,book_magazine_distribution,1,id_match,True
office_supply_store,party_and_event_planning,1,id_match,True
office_supply_store,shopping,1,id_match,True
office_supply_store,topic_publisher,1,id_match,True
office_supply_store,toy_store,1,id_match,True
oil_change_station,oil_change_station,65,id_match,True
oncology,oncologist,18,id_match,True
oncology,hospital,1,id_match,True
onsen,onsen,3,id_match,True
opera_and_ballet,opera_and_ballet,4,id_match,True
ophthalmology,ophthalmologist,1,id_match,True
optometry,optometrist,156,id_match,True
optometry,eyewear_and_optician,3,id_match,True
oral_and_maxillofacial_surgery,oral_surgeon,30,id_match,True
oral_and_maxillofacial_surgery,cosmetic_dentist,1,id_match,True
organic_grocery_store,organic_grocery_store,529,id_match,True
organic_grocery_store,grocery_store,3,id_match,True
organic_grocery_store,health_food_store,1,id_match,True
orthodontics,orthodontist,79,id_match,True
orthodontics,health_and_medical,1,id_match,True
orthopedics,orthopedist,29,id_match,True
orthopedics,hospital,1,id_match,True
orthotics,orthotics,1,id_match,True
osteopathic_medicine,osteopath,27,id_match,True
outdoor_furniture_store,outdoor_furniture_store,1,id_match,True
outdoor_store,outdoor_gear,72,id_match,True
outdoor_store,arts_and_entertainment,1,id_match,True
outdoor_store,shopping,1,id_match,True
outlet_store,outlet_store,257,id_match,True
outlet_store,party_and_event_planning,1,id_match,True
outlet_store,shopping,1,id_match,True
outpatient_care_facility,medical_center,540,id_match,True
outpatient_care_facility,hospital,8,id_match,True
outpatient_care_facility,health_and_medical,5,id_match,True
outpatient_care_facility,laboratory_testing,1,id_match,True
outpatient_care_facility,medical_service_organizations,1,id_match,True
packing_service,packing_services,3,id_match,True
packing_supply_store,packing_supply,37,id_match,True
paint_store,paint_store,4,id_match,True
paintball,paintball,7,id_match,True
painting,painting,523,id_match,True
painting,party_and_event_planning,2,id_match,True
pakistani_restaurant,pakistani_restaurant,1,id_match,True
palace,palace,17,id_match,True
panamanian_restaurant,panamanian_restaurant,15,id_match,True
pancake_house,pancake_house,24,id_match,True
paper_mill,paper_mill,1,id_match,True
park,park,1059,id_match,True
park,arts_and_entertainment,2,id_match,True
park,amusement_park,1,id_match,True
park,lake,1,id_match,True
park,landmark_and_historical_building,1,id_match,True
park,real_estate_service,1,id_match,True
park,soccer_field,1,id_match,True
parking,parking,305,id_match,True
parking,automotive_repair,1,id_match,True
parking,transportation,1,id_match,True
party_and_event_planning,party_and_event_planning,10749,id_match,True
party_and_event_planning,professional_services,21,id_match,True
party_and_event_planning,printing_services,4,id_match,True
party_and_event_planning,shopping,4,id_match,True
party_and_event_planning,business_manufacturing_and_supply,3,id_match,True
party_and_event_planning,industrial_equipment,3,id_match,True
party_and_event_planning,real_estate_service,3,id_match,True
party_and_event_planning,wedding_planning,3,id_match,True
party_and_event_planning,architectural_designer,2,id_match,True
party_and_event_planning,car_dealer,2,id_match,True
party_and_event_planning,clothing_store,2,id_match,True
party_and_event_planning,commercial_industrial,2,id_match,True
party_and_event_planning,engineering_services,2,id_match,True
party_and_event_planning,fashion,2,id_match,True
party_and_event_planning,freight_and_cargo_service,2,id_match,True
party_and_event_planning,home_staging,2,id_match,True
party_and_event_planning,hotel,2,id_match,True
party_and_event_planning,information_technology_company,2,id_match,True
party_and_event_planning,media_news_company,2,id_match,True
party_and_event_planning,software_development,2,id_match,True
party_and_event_planning,sports_and_recreation_venue,2,id_match,True
party_and_event_planning,surgical_appliances_and_supplies,2,id_match,True
party_and_event_planning,travel_services,2,id_match,True
party_and_event_planning,advertising_agency,1,id_match,True
party_and_event_planning,agriculture,1,id_match,True
party_and_event_planning,arts_and_crafts,1,id_match,True
party_and_event_planning,automotive_repair,1,id_match,True
party_and_event_planning,b2b_science_and_technology,1,id_match,True
party_and_event_planning,beauty_salon,1,id_match,True
party_and_event_planning,bookstore,1,id_match,True
party_and_event_planning,bridal_shop,1,id_match,True
party_and_event_planning,broadcasting_media_production,1,id_match,True
party_and_event_planning,caterer,1,id_match,True
party_and_event_planning,community_center,1,id_match,True
party_and_event_planning,community_services_non_profits,1,id_match,True
party_and_event_planning,construction_services,1,id_match,True
party_and_event_planning,eat_and_drink,1,id_match,True
party_and_event_planning,educational_services,1,id_match,True
party_and_event_planning,electric_utility_provider,1,id_match,True
party_and_event_planning,environmental_conservation_organization,1,id_match,True
party_and_event_planning,fashion_accessories_store,1,id_match,True
party_and_event_planning,financial_advising,1,id_match,True
party_and_event_planning,financial_service,1,id_match,True
party_and_event_planning,flowers_and_gifts_shop,1,id_match,True
party_and_event_planning,food,1,id_match,True
party_and_event_planning,health_and_medical,1,id_match,True
party_and_event_planning,holiday_rental_home,1,id_match,True
party_and_event_planning,home_cleaning,1,id_match,True
party_and_event_planning,hvac_services,1,id_match,True
party_and_event_planning,industrial_company,1,id_match,True
party_and_event_planning,interior_design,1,id_match,True
party_and_event_planning,internet_service_provider,1,id_match,True
party_and_event_planning,language_school,1,id_match,True
party_and_event_planning,plastic_surgeon,1,id_match,True
party_and_event_planning,public_utility_company,1,id_match,True
party_and_event_planning,real_estate_agent,1,id_match,True
party_and_event_planning,shopping_center,1,id_match,True
party_and_event_planning,southern_restaurant,1,id_match,True
party_and_event_planning,spas,1,id_match,True
party_and_event_planning,thai_restaurant,1,id_match,True
party_and_event_planning,tours,1,id_match,True
party_and_event_planning,water_treatment_equipment_and_services,1,id_match,True
party_supply_store,party_supply,69,id_match,True
party_supply_store,professional_services,1,id_match,True
party_supply_store,shopping,1,id_match,True
passport_and_visa_service,passport_and_visa_services,445,id_match,True
passport_and_visa_service,immigration_law,1,id_match,True
passport_and_visa_service,travel_company,1,id_match,True
patent_law,patent_law,1,id_match,True
patio_covers,patio_covers,22,id_match,True
patisserie_cake_shop,patisserie_cake_shop,2,id_match,True
paving_contractor,paving_contractor,3,id_match,True
pawn_shop,pawn_shop,478,id_match,True
pawn_shop,shopping,1,id_match,True
pediatric_clinic,pediatrician,193,id_match,True
pediatric_clinic,hospital,1,id_match,True
pediatric_clinic,professional_services,1,id_match,True
pediatric_dentistry,pediatric_dentist,7,id_match,True
pediatric_dentistry,dentist,1,id_match,True
pen_store,pen_store,1,id_match,True
pentecostal_place_of_worship,pentecostal_church,23,id_match,True
performing_arts_venue,theaters_and_performance_venues,29,id_match,True
periodontics,periodontist,8,id_match,True
persian_restaurant,persian_iranian_restaurant,1,id_match,True
personal_chef,personal_chef,13,id_match,True
personal_injury_law,personal_injury_law,1,id_match,True
personal_or_beauty_service,personal_care_service,6,id_match,True
peruvian_restaurant,peruvian_restaurant,2,id_match,True
pest_control_service,pest_control_service,153,id_match,True
pet_adoption,pet_adoption,13,id_match,True
pet_adoption,pet_store,1,id_match,True
pet_boarding,pet_boarding,26,id_match,True
pet_boarding,pet_services,1,id_match,True
pet_breeder,pet_breeder,102,id_match,True
pet_breeder,livestock_breeder,1,id_match,True
pet_groomer,pet_groomer,101,id_match,True
pet_groomer,pet_services,1,id_match,True
pet_groomer,pet_store,1,id_match,True
pet_sitting,pet_sitting,304,id_match,True
pet_sitting,pet_services,1,id_match,True
pet_sitting,pet_store,1,id_match,True
pet_sitting,resort,1,id_match,True
pet_sitting,veterinarian,1,id_match,True
pet_store,pet_store,804,id_match,True
pet_store,pet_services,8,id_match,True
pet_store,shopping,1,id_match,True
petting_zoo,petting_zoo,4,id_match,True
pharmaceutical_company,pharmaceutical_companies,602,id_match,True
pharmaceutical_company,health_and_medical,1,id_match,True
pharmaceutical_company,party_and_event_planning,1,id_match,True
pharmaceutical_company,pharmacy,1,id_match,True
pharmaceutical_products_wholesaler,pharmaceutical_products_wholesaler,1,id_match,True
pharmacy,pharmacy,4333,id_match,True
pharmacy,health_and_medical,7,id_match,True
pharmacy,pharmaceutical_companies,4,id_match,True
pharmacy,medical_supply,2,id_match,True
pharmacy,grocery_store,1,id_match,True
pharmacy,hospital,1,id_match,True
pharmacy,medical_service_organizations,1,id_match,True
pharmacy,party_and_event_planning,1,id_match,True
pharmacy,physical_therapy,1,id_match,True
pharmacy,professional_services,1,id_match,True
pharmacy,veterinarian,1,id_match,True
photography_museum,photography_museum,1,id_match,True
photography_service,photographer,2,id_match,True
physical_therapy,physical_therapy,386,id_match,True
physical_therapy,health_and_medical,4,id_match,True
physical_therapy,health_spa,3,id_match,True
physical_therapy,charity_organization,1,id_match,True
physical_therapy,cosmetic_and_beauty_supplies,1,id_match,True
pier,pier,11,id_match,True
pilates_studio,pilates_studio,279,id_match,True
pilates_studio,gym,1,id_match,True
pipe_supplier,pipe_supplier,1,id_match,True
pizza_restaurant,pizza_restaurant,643,id_match,True
pizza_restaurant,restaurant,5,id_match,True
pizza_restaurant,american_restaurant,1,id_match,True
pizza_restaurant,food_truck,1,id_match,True
place_of_worship,temple,3,id_match,True
planetarium,planetarium,2,id_match,True
plastic_and_reconstructive_surgery,plastic_surgeon,501,id_match,True
plastic_and_reconstructive_surgery,beauty_salon,6,id_match,True
plastic_and_reconstructive_surgery,diagnostic_services,2,id_match,True
plastic_and_reconstructive_surgery,health_and_medical,1,id_match,True
plastic_manufacturer,plastic_manufacturer,343,id_match,True
plastic_manufacturer,asian_restaurant,1,id_match,True
plastics_company,plastic_company,164,id_match,True
plastics_company,professional_services,1,id_match,True
plastics_company,water_park,1,id_match,True
playground,playground,201,id_match,True
playground,arcade,1,id_match,True
playground,grocery_store,1,id_match,True
playground,professional_services,1,id_match,True
plumbing,plumbing,189,id_match,True
podiatry,podiatry,11,id_match,True
poke_restaurant,poke_restaurant,8,id_match,True
police_station,police_department,620,id_match,True
police_station,public_service_and_government,3,id_match,True
police_station,central_government_office,2,id_match,True
police_station,party_and_event_planning,1,id_match,True
police_station,restaurant,1,id_match,True
police_station,youth_organizations,1,id_match,True
polish_restaurant,polish_restaurant,1,id_match,True
political_organization,political_organization,264,id_match,True
political_organization,community_services_non_profits,1,id_match,True
political_party_office,political_party_office,31,id_match,True
political_party_office,party_and_event_planning,1,id_match,True
polynesian_restaurant,polynesian_restaurant,2,id_match,True
pool_billiards,pool_billiards,1043,id_match,True
pool_billiards,active_life,2,id_match,True
pool_billiards,wholesale_store,2,id_match,True
pool_billiards,auto_company,1,id_match,True
pool_billiards,community_services_non_profits,1,id_match,True
pool_billiards,internet_cafe,1,id_match,True
pool_billiards,professional_services,1,id_match,True
pool_billiards,sports_and_recreation_venue,1,id_match,True
pool_billiards,toy_store,1,id_match,True
pool_cleaning,pool_cleaning,153,id_match,True
pool_cleaning,swimming_pool,2,id_match,True
pool_cleaning,lebanese_restaurant,1,id_match,True
pool_cleaning,plumbing,1,id_match,True
pool_cleaning,professional_services,1,id_match,True
pool_cleaning,spas,1,id_match,True
pool_cleaning,swimming_instructor,1,id_match,True
pop_up_store,pop_up_shop,26,id_match,True
portuguese_restaurant,portuguese_restaurant,2,id_match,True
post_office,post_office,438,id_match,True
post_office,transportation,1,id_match,True
poultry_farm,poultry_farm,12,id_match,True
powder_coating_service,powder_coating_service,12,id_match,True
prenatal_and_perinatal_care,prenatal_perinatal_care,54,id_match,True
prenatal_and_perinatal_care,health_spa,1,id_match,True
preschool,preschool,3272,id_match,True
preschool,day_care_preschool,11,id_match,True
preschool,education,9,id_match,True
preschool,elementary_school,8,id_match,True
preschool,school,8,id_match,True
preschool,campus_building,4,id_match,True
preschool,private_school,1,id_match,True
preschool,public_school,1,id_match,True
print_media,print_media,369,id_match,True
print_media,pharmaceutical_companies,1,id_match,True
print_media,religious_organization,1,id_match,True
printing_service,printing_services,3215,id_match,True
printing_service,professional_services,6,id_match,True
printing_service,sign_making,5,id_match,True
printing_service,screen_printing_t_shirt_printing,3,id_match,True
printing_service,party_and_event_planning,2,id_match,True
printing_service,advertising_agency,1,id_match,True
printing_service,fashion,1,id_match,True
printing_service,flowers_and_gifts_shop,1,id_match,True
printing_service,graphic_designer,1,id_match,True
printing_service,industrial_equipment,1,id_match,True
printing_service,it_service_and_computer_repair,1,id_match,True
printing_service,preschool,1,id_match,True
printing_service,seafood_restaurant,1,id_match,True
private_association,private_association,43,id_match,True
private_investigation,private_investigation,58,id_match,True
private_school,private_school,87,id_match,True
private_school,school,2,id_match,True
private_school,educational_services,1,id_match,True
process_server,process_servers,4,id_match,True
proctology,proctologist,2,id_match,True
produce_store,fruits_and_vegetables,598,id_match,True
produce_store,coffee_shop,2,id_match,True
produce_store,electronics,1,id_match,True
produce_store,grocery_store,1,id_match,True
produce_wholesaler,produce_wholesaler,1,id_match,True
product_design,product_design,3,id_match,True
professional_service,professional_services,29743,id_match,True
professional_service,party_and_event_planning,20,id_match,True
professional_service,event_photography,13,id_match,True
professional_service,bridal_shop,9,id_match,True
professional_service,shopping,8,id_match,True
professional_service,real_estate_service,7,id_match,True
professional_service,appliance_repair_service,5,id_match,True
professional_service,education,4,id_match,True
professional_service,electronics,4,id_match,True
professional_service,fashion,4,id_match,True
professional_service,spas,4,id_match,True
professional_service,automotive_repair,3,id_match,True
professional_service,financial_service,3,id_match,True
professional_service,freight_and_cargo_service,3,id_match,True
professional_service,home_security,3,id_match,True
professional_service,womens_clothing_store,3,id_match,True
professional_service,appraisal_services,2,id_match,True
professional_service,architectural_designer,2,id_match,True
professional_service,bakery,2,id_match,True
professional_service,business_manufacturing_and_supply,2,id_match,True
professional_service,construction_services,2,id_match,True
professional_service,diagnostic_services,2,id_match,True
professional_service,employment_agencies,2,id_match,True
professional_service,flowers_and_gifts_shop,2,id_match,True
professional_service,hvac_services,2,id_match,True
professional_service,industrial_equipment,2,id_match,True
professional_service,information_technology_company,2,id_match,True
professional_service,interior_design,2,id_match,True
professional_service,lawyer,2,id_match,True
professional_service,marketing_agency,2,id_match,True
professional_service,motorcycle_dealer,2,id_match,True
professional_service,restaurant,2,id_match,True
professional_service,advertising_agency,1,id_match,True
professional_service,agricultural_service,1,id_match,True
professional_service,aircraft_dealer,1,id_match,True
professional_service,airline,1,id_match,True
professional_service,auto_detailing,1,id_match,True
professional_service,bike_repair_maintenance,1,id_match,True
professional_service,carpet_store,1,id_match,True
professional_service,college_university,1,id_match,True
professional_service,computer_hardware_company,1,id_match,True
professional_service,computer_store,1,id_match,True
professional_service,corporate_office,1,id_match,True
professional_service,damage_restoration,1,id_match,True
professional_service,diner,1,id_match,True
professional_service,educational_services,1,id_match,True
professional_service,elementary_school,1,id_match,True
professional_service,food_beverage_service_distribution,1,id_match,True
professional_service,furniture_store,1,id_match,True
professional_service,graphic_designer,1,id_match,True
professional_service,grocery_store,1,id_match,True
professional_service,gym,1,id_match,True
professional_service,health_and_medical,1,id_match,True
professional_service,holiday_rental_home,1,id_match,True
professional_service,home_cleaning,1,id_match,True
professional_service,home_goods_store,1,id_match,True
professional_service,home_improvement_store,1,id_match,True
professional_service,hospital,1,id_match,True
professional_service,immigration_law,1,id_match,True
professional_service,industrial_company,1,id_match,True
professional_service,it_service_and_computer_repair,1,id_match,True
professional_service,janitorial_services,1,id_match,True
professional_service,landmark_and_historical_building,1,id_match,True
professional_service,liquor_store,1,id_match,True
professional_service,media_agency,1,id_match,True
professional_service,mens_clothing_store,1,id_match,True
professional_service,mobile_phone_store,1,id_match,True
professional_service,motorcycle_repair,1,id_match,True
professional_service,music_venue,1,id_match,True
professional_service,parking,1,id_match,True
professional_service,pharmacy,1,id_match,True
professional_service,political_organization,1,id_match,True
professional_service,preschool,1,id_match,True
professional_service,real_estate_agent,1,id_match,True
professional_service,rental_service,1,id_match,True
professional_service,shopping_center,1,id_match,True
professional_service,sign_making,1,id_match,True
professional_service,smoothie_juice_bar,1,id_match,True
professional_service,software_development,1,id_match,True
professional_service,solar_installation,1,id_match,True
professional_service,sports_and_recreation_venue,1,id_match,True
professional_service,toy_store,1,id_match,True
professional_service,transportation,1,id_match,True
professional_service,travel_services,1,id_match,True
professional_service,uniform_store,1,id_match,True
professional_service,wedding_planning,1,id_match,True
professional_sport_league,professional_sports_league,2,id_match,True
professional_sport_team,professional_sports_team,36,id_match,True
property_management,property_management,169,id_match,True
property_management,real_estate_service,4,id_match,True
property_management,appraisal_services,1,id_match,True
prosthetics,prosthetics,12,id_match,True
prosthodontics,prosthodontist,66,id_match,True
prosthodontics,car_rental_agency,1,id_match,True
prosthodontics,dentist,1,id_match,True
protestant_place_of_worship,evangelical_church,72,id_match,True
protestant_place_of_worship,church_cathedral,2,id_match,True
psychiatry,psychiatrist,3,id_match,True
psychiatry,hospital,1,id_match,True
psychic_advising,psychic,241,id_match,True
psychology,psychologist,94,id_match,True
psychology,education,1,id_match,True
psychotherapy,psychotherapist,41,id_match,True
pub,pub,618,id_match,True
pub,bar,2,id_match,True
pub,beer_bar,2,id_match,True
pub,liquor_store,1,id_match,True
pub,restaurant,1,id_match,True
pub,theme_restaurant,1,id_match,True
pub,vietnamese_restaurant,1,id_match,True
public_fountain,fountain,42,id_match,True
public_market,public_market,1,id_match,True
public_plaza,public_plaza,103,id_match,True
public_plaza,church_cathedral,1,id_match,True
public_plaza,computer_wholesaler,1,id_match,True
public_relations,public_relations,28,id_match,True
public_restroom,public_restrooms,13,id_match,True
public_school,public_school,64,id_match,True
public_school,education,1,id_match,True
public_school,elementary_school,1,id_match,True
public_transit_facility_or_service,public_transportation,3,id_match,True
public_utility,public_utility_company,41,id_match,True
publisher,topic_publisher,119,id_match,True
publisher,software_development,1,id_match,True
pulmonology,pulmonologist,5,id_match,True
quay,quay,13,id_match,True
race_track,race_track,11,id_match,True
racquetball_court,racquetball_court,1,id_match,True
radio_station,radio_station,19,id_match,True
radiology,radiologist,5,id_match,True
rafting_kayaking_area,rafting_kayaking_area,1,id_match,True
railroad_freight,railroad_freight,15,id_match,True
ramen_restaurant,noodles_restaurant,483,id_match,True
ramen_restaurant,restaurant,8,id_match,True
ramen_restaurant,diner,5,id_match,True
ramen_restaurant,japanese_restaurant,2,id_match,True
ramen_restaurant,vietnamese_restaurant,2,id_match,True
ramen_restaurant,asian_restaurant,1,id_match,True
ranch,ranch,1,id_match,True
real_estate_agent,real_estate_agent,4241,id_match,True
real_estate_agent,real_estate_service,47,id_match,True
real_estate_agent,landmark_and_historical_building,7,id_match,True
real_estate_agent,appraisal_services,3,id_match,True
real_estate_agent,hotel,2,id_match,True
real_estate_agent,diner,1,id_match,True
real_estate_agent,home_developer,1,id_match,True
real_estate_agent,professional_services,1,id_match,True
real_estate_agent,service_apartments,1,id_match,True
real_estate_agent,tours,1,id_match,True
real_estate_investment,real_estate_investment,329,id_match,True
real_estate_investment,real_estate_service,5,id_match,True
real_estate_investment,landmark_and_historical_building,1,id_match,True
real_estate_investment,real_estate_agent,1,id_match,True
real_estate_law,real_estate_law,23,id_match,True
real_estate_service,real_estate_service,20173,id_match,True
real_estate_service,real_estate_agent,48,id_match,True
real_estate_service,landmark_and_historical_building,25,id_match,True
real_estate_service,appraisal_services,8,id_match,True
real_estate_service,property_management,6,id_match,True
real_estate_service,professional_services,5,id_match,True
real_estate_service,real_estate_investment,5,id_match,True
real_estate_service,home_developer,3,id_match,True
real_estate_service,hotel,3,id_match,True
real_estate_service,party_and_event_planning,3,id_match,True
real_estate_service,commercial_real_estate,2,id_match,True
real_estate_service,park,2,id_match,True
real_estate_service,accommodation,1,id_match,True
real_estate_service,bank_credit_union,1,id_match,True
real_estate_service,beauty_salon,1,id_match,True
real_estate_service,business_management_services,1,id_match,True
real_estate_service,car_dealer,1,id_match,True
real_estate_service,clothing_store,1,id_match,True
real_estate_service,coffee_shop,1,id_match,True
real_estate_service,community_services_non_profits,1,id_match,True
real_estate_service,condominium,1,id_match,True
real_estate_service,event_photography,1,id_match,True
real_estate_service,financial_service,1,id_match,True
real_estate_service,furniture_store,1,id_match,True
real_estate_service,home_service,1,id_match,True
real_estate_service,home_staging,1,id_match,True
real_estate_service,marketing_agency,1,id_match,True
real_estate_service,media_news_company,1,id_match,True
real_estate_service,notary_public,1,id_match,True
real_estate_service,pet_services,1,id_match,True
real_estate_service,printing_services,1,id_match,True
real_estate_service,public_plaza,1,id_match,True
real_estate_service,shopping,1,id_match,True
real_estate_service,shopping_center,1,id_match,True
real_estate_service,windows_installation,1,id_match,True
record_label,record_label,140,id_match,True
record_label,audio_visual_equipment_store,1,id_match,True
record_label,music_production,1,id_match,True
recording_and_rehearsal_studio,recording_and_rehearsal_studio,1,id_match,True
recreation_vehicle_repair,recreation_vehicle_repair,6,id_match,True
recreational_trail_or_path,trail,1,id_match,True
recreational_vehicle_dealer,recreational_vehicle_dealer,5,id_match,True
recycling_center,recycling_center,17,id_match,True
recycling_center,mobile_phone_store,1,id_match,True
reflexology,reflexology,24,id_match,True
refractive_surgery_or_lasik,laser_eye_surgery_lasik,2,id_match,True
religious_and_spiritual_goods_store,religious_items,2,id_match,True
religious_organization,religious_organization,1297,id_match,True
religious_organization,buddhist_temple,4,id_match,True
religious_organization,church_cathedral,3,id_match,True
religious_organization,community_center,1,id_match,True
religious_school,religious_school,7,id_match,True
rental_service,rental_service,316,id_match,True
rental_service,motorcycle_rentals,4,id_match,True
rental_service,professional_services,2,id_match,True
rental_service,car_rental_agency,1,id_match,True
rental_service,home_goods_store,1,id_match,True
reproductive_perinatal_and_womens_care,womens_health_clinic,49,id_match,True
reptile_store,reptile_shop,15,id_match,True
research_institute,research_institute,3,id_match,True
resort,resort,879,id_match,True
resort,hotel,13,id_match,True
resort,accommodation,1,id_match,True
resort,arts_and_entertainment,1,id_match,True
resort,real_estate_service,1,id_match,True
restaurant,restaurant,34578,id_match,True
restaurant,diner,104,id_match,True
restaurant,vietnamese_restaurant,54,id_match,True
restaurant,fast_food_restaurant,18,id_match,True
restaurant,chinese_restaurant,16,id_match,True
restaurant,barbecue_restaurant,12,id_match,True
restaurant,coffee_shop,10,id_match,True
restaurant,asian_restaurant,9,id_match,True
restaurant,seafood_restaurant,9,id_match,True
restaurant,eat_and_drink,7,id_match,True
restaurant,japanese_restaurant,7,id_match,True
restaurant,korean_restaurant,6,id_match,True
restaurant,vegetarian_restaurant,6,id_match,True
restaurant,breakfast_and_brunch_restaurant,5,id_match,True
restaurant,cafe,5,id_match,True
restaurant,bakery,4,id_match,True
restaurant,bar_and_grill_restaurant,4,id_match,True
restaurant,buffet_restaurant,4,id_match,True
restaurant,chicken_restaurant,4,id_match,True
restaurant,noodles_restaurant,4,id_match,True
restaurant,shopping,4,id_match,True
restaurant,theme_restaurant,4,id_match,True
restaurant,health_food_store,3,id_match,True
restaurant,pizza_restaurant,3,id_match,True
restaurant,bar,2,id_match,True
restaurant,beer_bar,2,id_match,True
restaurant,food_beverage_service_distribution,2,id_match,True
restaurant,french_restaurant,2,id_match,True
restaurant,gastropub,2,id_match,True
restaurant,hotel,2,id_match,True
restaurant,playground,2,id_match,True
restaurant,soup_restaurant,2,id_match,True
restaurant,thai_restaurant,2,id_match,True
restaurant,accommodation,1,id_match,True
restaurant,asian_fusion_restaurant,1,id_match,True
restaurant,beer_garden,1,id_match,True
restaurant,boutique,1,id_match,True
restaurant,bubble_tea,1,id_match,True
restaurant,butcher_shop,1,id_match,True
restaurant,childrens_clothing_store,1,id_match,True
restaurant,clothing_store,1,id_match,True
restaurant,cocktail_bar,1,id_match,True
restaurant,comfort_food_restaurant,1,id_match,True
restaurant,dance_club,1,id_match,True
restaurant,delicatessen,1,id_match,True
restaurant,dim_sum_restaurant,1,id_match,True
restaurant,german_restaurant,1,id_match,True
restaurant,grocery_store,1,id_match,True
restaurant,gym,1,id_match,True
restaurant,halal_restaurant,1,id_match,True
restaurant,health_food_restaurant,1,id_match,True
restaurant,home_service,1,id_match,True
restaurant,ice_cream_shop,1,id_match,True
restaurant,indian_restaurant,1,id_match,True
restaurant,italian_restaurant,1,id_match,True
restaurant,karaoke,1,id_match,True
restaurant,landmark_and_historical_building,1,id_match,True
restaurant,liquor_store,1,id_match,True
restaurant,live_and_raw_food_restaurant,1,id_match,True
restaurant,malaysian_restaurant,1,id_match,True
restaurant,marketing_agency,1,id_match,True
restaurant,mediterranean_restaurant,1,id_match,True
restaurant,mens_clothing_store,1,id_match,True
restaurant,mexican_restaurant,1,id_match,True
restaurant,mobile_phone_store,1,id_match,True
restaurant,painting,1,id_match,True
restaurant,pub,1,id_match,True
restaurant,real_estate_agent,1,id_match,True
restaurant,real_estate_service,1,id_match,True
restaurant,rental_service,1,id_match,True
restaurant,resort,1,id_match,True
restaurant,sake_bar,1,id_match,True
restaurant,salad_bar,1,id_match,True
restaurant,sandwich_shop,1,id_match,True
restaurant,shopping_center,1,id_match,True
restaurant,singaporean_restaurant,1,id_match,True
restaurant,steakhouse,1,id_match,True
restaurant,sushi_restaurant,1,id_match,True
restaurant,taiwanese_restaurant,1,id_match,True
restaurant,turkish_restaurant,1,id_match,True
restaurant,wine_bar,1,id_match,True
restaurant_equipment_and_supply,restaurant_equipment_and_supply,203,id_match,True
restaurant_equipment_and_supply,commercial_industrial,1,id_match,True
restaurant_equipment_and_supply,furniture_store,1,id_match,True
restaurant_equipment_and_supply,shopping,1,id_match,True
restaurant_equipment_and_supply,wholesale_store,1,id_match,True
restaurant_wholesale,restaurant_wholesale,54,id_match,True
restaurant_wholesale,home_cleaning,1,id_match,True
retirement_home,retirement_home,64,id_match,True
rheumatology,rheumatologist,5,id_match,True
rice_store,rice_shop,1,id_match,True
ride_share_service,ride_sharing,9,id_match,True
river,river,130,id_match,True
rock_climbing_gym,rock_climbing_gym,1,id_match,True
rock_climbing_spot,rock_climbing_spot,24,id_match,True
rodeo,rodeo,1,id_match,True
roller_skating_rink,roller_skating_rink,12,id_match,True
roman_catholic_place_of_worship,catholic_church,344,id_match,True
roman_catholic_place_of_worship,religious_organization,3,id_match,True
roman_catholic_place_of_worship,church_cathedral,2,id_match,True
roofing,roofing,69,id_match,True
roofing,damage_restoration,1,id_match,True
rubber_and_plastics_manufacturer,b2b_rubber_and_plastics,2,id_match,True
rugby_pitch,rugby_pitch,1,id_match,True
rugby_stadium,rugby_stadium,2,id_match,True
russian_restaurant,russian_restaurant,10,id_match,True
russian_restaurant,restaurant,1,id_match,True
rv_park,rv_park,25,id_match,True
rv_rental_service,rv_rentals,8,id_match,True
safe_store,safe_store,4,id_match,True
sailing_club,sailing_club,1,id_match,True
sake_bar,sake_bar,7,id_match,True
sake_bar,pub,1,id_match,True
salad_bar,salad_bar,31,id_match,True
salsa_club,salsa_club,6,id_match,True
salvadoran_restaurant,salvadoran_restaurant,1,id_match,True
sandblasting_service,sandblasting_service,8,id_match,True
sandwich_shop,sandwich_shop,116,id_match,True
sandwich_shop,diner,1,id_match,True
sandwich_shop,eat_and_drink,1,id_match,True
scandinavian_restaurant,scandinavian_restaurant,1,id_match,True
school,school,3733,id_match,True
school,elementary_school,32,id_match,True
school,education,17,id_match,True
school,preschool,10,id_match,True
school,college_university,6,id_match,True
school,language_school,6,id_match,True
school,high_school,4,id_match,True
school,campus_building,2,id_match,True
school,professional_services,2,id_match,True
school,beauty_salon,1,id_match,True
school,bridal_shop,1,id_match,True
school,cafe,1,id_match,True
school,educational_services,1,id_match,True
school,media_news_website,1,id_match,True
school,middle_school,1,id_match,True
school,nail_salon,1,id_match,True
school_district_office,school_district_offices,1,id_match,True
school_sport_league,school_sports_league,3,id_match,True
school_sport_team,school_sports_team,30,id_match,True
science_museum,science_museum,3,id_match,True
scout_hall,scout_hall,1,id_match,True
scuba_diving_center,scuba_diving_center,10,id_match,True
sculpture_statue,sculpture_statue,40,id_match,True
seafood_restaurant,seafood_restaurant,3160,id_match,True
seafood_restaurant,restaurant,18,id_match,True
seafood_restaurant,diner,9,id_match,True
seafood_restaurant,vietnamese_restaurant,3,id_match,True
seafood_restaurant,fast_food_restaurant,2,id_match,True
seafood_restaurant,professional_services,2,id_match,True
seafood_restaurant,asian_restaurant,1,id_match,True
seafood_restaurant,bakery,1,id_match,True
seafood_restaurant,butcher_shop,1,id_match,True
seafood_restaurant,cafe,1,id_match,True
seafood_restaurant,eat_and_drink,1,id_match,True
seafood_restaurant,grocery_store,1,id_match,True
seafood_restaurant,liquor_store,1,id_match,True
seafood_restaurant,live_and_raw_food_restaurant,1,id_match,True
seafood_restaurant,pub,1,id_match,True
seafood_restaurant,tattoo_and_piercing,1,id_match,True
seafood_wholesaler,seafood_wholesaler,2,id_match,True
seaplane_base,seaplane_bases,2,id_match,True
second_hand_clothing_store,used_vintage_and_consignment,105,id_match,True
second_hand_clothing_store,fashion,1,id_match,True
second_hand_clothing_store,womens_clothing_store,1,id_match,True
second_hand_store,thrift_store,139,id_match,True
second_hand_store,fashion,1,id_match,True
second_hand_store,financial_service,1,id_match,True
second_hand_store,furniture_store,1,id_match,True
second_hand_store,professional_services,1,id_match,True
security_service,security_services,3,id_match,True
self_storage_facility,self_storage_facility,16,id_match,True
self_storage_facility,luggage_store,1,id_match,True
senior_citizen_service,senior_citizen_services,44,id_match,True
senior_citizen_service,brokers,1,id_match,True
senior_citizen_service,retirement_home,1,id_match,True
septic_service,septic_services,65,id_match,True
septic_service,environmental_conservation_organization,1,id_match,True
service_apartment,service_apartments,485,id_match,True
service_apartment,hotel,5,id_match,True
service_apartment,holiday_rental_home,2,id_match,True
service_apartment,accommodation,1,id_match,True
service_apartment,food,1,id_match,True
service_apartment,professional_services,1,id_match,True
service_apartment,real_estate_service,1,id_match,True
session_photography_service,session_photography,5,id_match,True
sewing_and_alterations,sewing_and_alterations,360,id_match,True
sewing_and_alterations,professional_services,2,id_match,True
sewing_and_alterations,clothing_store,1,id_match,True
sewing_and_alterations,fashion,1,id_match,True
sewing_and_alterations,printing_services,1,id_match,True
sex_therapy,sex_therapist,29,id_match,True
shades_and_blinds,shades_and_blinds,4,id_match,True
shaved_ice_shop,shaved_ice_shop,2,id_match,True
shipping_center,shipping_center,356,id_match,True
shipping_center,freight_and_cargo_service,1,id_match,True
shipping_center,professional_services,1,id_match,True
shipping_center,shopping,1,id_match,True
shipping_center,vehicle_shipping,1,id_match,True
shipping_collection_service,shipping_collection_services,1,id_match,True
shoe_repair,shoe_repair,215,id_match,True
shoe_repair,shoe_store,2,id_match,True
shoe_repair,sporting_goods,1,id_match,True
shoe_store,shoe_store,4771,id_match,True
shoe_store,clothing_store,11,id_match,True
shoe_store,shopping,11,id_match,True
shoe_store,active_life,2,id_match,True
shoe_store,shopping_center,2,id_match,True
shoe_store,sporting_goods,2,id_match,True
shoe_store,fashion,1,id_match,True
shoe_store,fashion_accessories_store,1,id_match,True
shoe_store,gym,1,id_match,True
shoe_store,luggage_store,1,id_match,True
shoe_store,shoe_repair,1,id_match,True
shooting_range,shooting_range,10,id_match,True
shopping,shopping,28907,id_match,True
shopping,clothing_store,28,id_match,True
shopping,flowers_and_gifts_shop,15,id_match,True
shopping,womens_clothing_store,15,id_match,True
shopping,mobile_phone_store,14,id_match,True
shopping,furniture_store,11,id_match,True
shopping,wholesale_store,11,id_match,True
shopping,grocery_store,9,id_match,True
shopping,home_goods_store,9,id_match,True
shopping,jewelry_store,9,id_match,True
shopping,shopping_center,9,id_match,True
shopping,fashion_accessories_store,8,id_match,True
shopping,shoe_store,7,id_match,True
shopping,fabric_store,6,id_match,True
shopping,luggage_store,6,id_match,True
shopping,toy_store,6,id_match,True
shopping,cosmetic_and_beauty_supplies,5,id_match,True
shopping,costume_store,5,id_match,True
shopping,electronics,5,id_match,True
shopping,professional_services,5,id_match,True
shopping,spas,5,id_match,True
shopping,arts_and_crafts,4,id_match,True
shopping,bakery,4,id_match,True
shopping,childrens_clothing_store,4,id_match,True
shopping,hair_supply_stores,4,id_match,True
shopping,mens_clothing_store,4,id_match,True
shopping,building_supply_store,3,id_match,True
shopping,car_dealer,3,id_match,True
shopping,coffee_shop,3,id_match,True
shopping,fashion,3,id_match,True
shopping,home_and_garden,3,id_match,True
shopping,interior_design,3,id_match,True
shopping,party_and_event_planning,3,id_match,True
shopping,pharmacy,3,id_match,True
shopping,restaurant,3,id_match,True
shopping,boutique,2,id_match,True
shopping,computer_store,2,id_match,True
shopping,construction_services,2,id_match,True
shopping,department_store,2,id_match,True
shopping,eyewear_and_optician,2,id_match,True
shopping,freight_and_cargo_service,2,id_match,True
shopping,fruits_and_vegetables,2,id_match,True
shopping,health_food_store,2,id_match,True
shopping,musical_instrument_store,2,id_match,True
shopping,nursery_and_gardening,2,id_match,True
shopping,printing_services,2,id_match,True
shopping,sporting_goods,2,id_match,True
shopping,vitamins_and_supplements,2,id_match,True
shopping,active_life,1,id_match,True
shopping,appliance_repair_service,1,id_match,True
shopping,appliance_store,1,id_match,True
shopping,aquarium,1,id_match,True
shopping,aquatic_pet_store,1,id_match,True
shopping,arcade,1,id_match,True
shopping,art_gallery,1,id_match,True
shopping,audio_visual_equipment_store,1,id_match,True
shopping,beauty_salon,1,id_match,True
shopping,bicycle_shop,1,id_match,True
shopping,bookstore,1,id_match,True
shopping,bottled_water_company,1,id_match,True
shopping,bridal_shop,1,id_match,True
shopping,buddhist_temple,1,id_match,True
shopping,business_advertising,1,id_match,True
shopping,cafe,1,id_match,True
shopping,car_wash,1,id_match,True
shopping,central_government_office,1,id_match,True
shopping,chicken_restaurant,1,id_match,True
shopping,commercial_industrial,1,id_match,True
shopping,corporate_office,1,id_match,True
shopping,diner,1,id_match,True
shopping,discount_store,1,id_match,True
shopping,educational_supply_store,1,id_match,True
shopping,employment_agencies,1,id_match,True
shopping,engineering_services,1,id_match,True
shopping,farmers_market,1,id_match,True
shopping,food,1,id_match,True
shopping,food_delivery_service,1,id_match,True
shopping,gift_shop,1,id_match,True
shopping,granite_supplier,1,id_match,True
shopping,gym,1,id_match,True
shopping,hardware_store,1,id_match,True
shopping,hat_shop,1,id_match,True
shopping,home_health_care,1,id_match,True
shopping,home_staging,1,id_match,True
shopping,hospital,1,id_match,True
shopping,hvac_services,1,id_match,True
shopping,ice_cream_shop,1,id_match,True
shopping,industrial_equipment,1,id_match,True
shopping,information_technology_company,1,id_match,True
shopping,internet_cafe,1,id_match,True
shopping,jewelry_and_watches_manufacturer,1,id_match,True
shopping,linen,1,id_match,True
shopping,lingerie_store,1,id_match,True
shopping,mass_media,1,id_match,True
shopping,merchandising_service,1,id_match,True
shopping,metal_supplier,1,id_match,True
shopping,nutritionist,1,id_match,True
shopping,office_equipment,1,id_match,True
shopping,pet_services,1,id_match,True
shopping,real_estate_service,1,id_match,True
shopping,restaurant_equipment_and_supply,1,id_match,True
shopping,school,1,id_match,True
shopping,software_development,1,id_match,True
shopping,souvenir_shop,1,id_match,True
shopping,sports_wear,1,id_match,True
shopping,superstore,1,id_match,True
shopping,tattoo_and_piercing,1,id_match,True
shopping,tea_room,1,id_match,True
shopping_mall,shopping_center,2213,id_match,True
shopping_mall,shopping,7,id_match,True
shopping_mall,grocery_store,4,id_match,True
shopping_mall,party_and_event_planning,2,id_match,True
shopping_mall,car_dealer,1,id_match,True
shopping_mall,clothing_store,1,id_match,True
shopping_mall,home_goods_store,1,id_match,True
shopping_mall,lingerie_store,1,id_match,True
shopping_mall,naturopathic_holistic,1,id_match,True
shopping_mall,printing_services,1,id_match,True
shopping_mall,school,1,id_match,True
shredding_service,shredding_services,3,id_match,True
sightseeing_tour_agency,sightseeing_tour_agency,128,id_match,True
sightseeing_tour_agency,tours,2,id_match,True
sign_making,sign_making,388,id_match,True
sign_making,printing_services,5,id_match,True
sign_making,party_and_event_planning,1,id_match,True
sign_making,professional_services,1,id_match,True
singaporean_restaurant,singaporean_restaurant,18,id_match,True
skate_park,skate_park,3,id_match,True
skate_store,skate_shop,13,id_match,True
ski_and_snowboard_store,ski_and_snowboard_shop,1,id_match,True
ski_resort,ski_resort,6,id_match,True
skin_care_and_makeup,skin_care,717,id_match,True
skin_care_and_makeup,spas,14,id_match,True
skin_care_and_makeup,beauty_salon,3,id_match,True
skin_care_and_makeup,cosmetic_and_beauty_supplies,2,id_match,True
skin_care_and_makeup,health_spa,1,id_match,True
skin_care_and_makeup,hospital,1,id_match,True
sky_diving,sky_diving,5,id_match,True
slovakian_restaurant,slovakian_restaurant,1,id_match,True
smoke_and_vape_store,e_cigarette_store,517,id_match,True
smoke_and_vape_store,shopping,3,id_match,True
smoke_and_vape_store,tobacco_shop,1,id_match,True
smoothie_juice_bar,smoothie_juice_bar,1050,id_match,True
smoothie_juice_bar,cafe,1,id_match,True
smoothie_juice_bar,coffee_shop,1,id_match,True
smoothie_juice_bar,organic_grocery_store,1,id_match,True
smoothie_juice_bar,pancake_house,1,id_match,True
smoothie_juice_bar,tea_room,1,id_match,True
smoothie_juice_bar,vegetarian_restaurant,1,id_match,True
smoothie_juice_bar,womens_clothing_store,1,id_match,True
snorkeling,snorkeling,3,id_match,True
soccer_field,soccer_field,355,id_match,True
soccer_field,football_stadium,1,id_match,True
soccer_field,playground,1,id_match,True
soccer_field,sports_and_recreation_venue,1,id_match,True
soccer_field,stadium_arena,1,id_match,True
soccer_stadium,soccer_stadium,76,id_match,True
social_media_agency,social_media_agency,577,id_match,True
social_media_agency,software_development,1,id_match,True
social_media_company,social_media_company,18,id_match,True
social_media_company,construction_services,1,id_match,True
social_or_community_service,community_services_non_profits,3587,id_match,True
social_or_community_service,community_center,5,id_match,True
social_or_community_service,college_university,4,id_match,True
social_or_community_service,professional_services,2,id_match,True
social_or_community_service,sports_and_recreation_venue,2,id_match,True
social_or_community_service,agricultural_cooperatives,1,id_match,True
social_or_community_service,arts_and_entertainment,1,id_match,True
social_or_community_service,auto_detailing,1,id_match,True
social_or_community_service,campus_building,1,id_match,True
social_or_community_service,catholic_church,1,id_match,True
social_or_community_service,charity_organization,1,id_match,True
social_or_community_service,clothing_store,1,id_match,True
social_or_community_service,coffee_shop,1,id_match,True
social_or_community_service,diner,1,id_match,True
social_or_community_service,education,1,id_match,True
social_or_community_service,employment_agencies,1,id_match,True
social_or_community_service,fitness_trainer,1,id_match,True
social_or_community_service,holiday_rental_home,1,id_match,True
social_or_community_service,music_venue,1,id_match,True
social_or_community_service,nail_salon,1,id_match,True
social_or_community_service,pool_billiards,1,id_match,True
social_or_community_service,shopping,1,id_match,True
social_or_community_service,software_development,1,id_match,True
social_or_community_service,wine_bar,1,id_match,True
software_development,software_development,1965,id_match,True
software_development,information_technology_company,5,id_match,True
software_development,professional_services,2,id_match,True
software_development,accountant,1,id_match,True
software_development,beauty_salon,1,id_match,True
software_development,computer_hardware_company,1,id_match,True
software_development,environmental_and_ecological_services_for_businesses,1,id_match,True
software_development,hospital,1,id_match,True
software_development,marketing_agency,1,id_match,True
software_development,marketing_consultant,1,id_match,True
software_development,mobile_phone_store,1,id_match,True
software_development,party_and_event_planning,1,id_match,True
software_development,shopping,1,id_match,True
solar_installation,solar_installation,214,id_match,True
solar_installation,b2b_energy_and_mining,1,id_match,True
solar_installation,bank_credit_union,1,id_match,True
soul_food,soul_food,3,id_match,True
soup_restaurant,soup_restaurant,307,id_match,True
soup_restaurant,eat_and_drink,1,id_match,True
soup_restaurant,fast_food_restaurant,1,id_match,True
soup_restaurant,restaurant,1,id_match,True
southern_american_restaurant,southern_restaurant,19,id_match,True
souvenir_store,souvenir_shop,211,id_match,True
souvenir_store,coffee_shop,1,id_match,True
spa,spas,18974,id_match,True
spa,beauty_salon,88,id_match,True
spa,health_spa,37,id_match,True
spa,nail_salon,25,id_match,True
spa,cosmetic_and_beauty_supplies,21,id_match,True
spa,hair_salon,15,id_match,True
spa,barber,11,id_match,True
spa,shopping,8,id_match,True
spa,massage_therapy,7,id_match,True
spa,skin_care,7,id_match,True
spa,health_and_medical,5,id_match,True
spa,professional_services,4,id_match,True
spa,beauty_product_supplier,3,id_match,True
spa,makeup_artist,3,id_match,True
spa,medical_spa,3,id_match,True
spa,clothing_store,2,id_match,True
spa,home_goods_store,2,id_match,True
spa,party_and_event_planning,2,id_match,True
spa,real_estate_service,2,id_match,True
spa,bridal_shop,1,id_match,True
spa,community_center,1,id_match,True
spa,community_services_non_profits,1,id_match,True
spa,corporate_office,1,id_match,True
spa,diagnostic_services,1,id_match,True
spa,diner,1,id_match,True
spa,eyewear_and_optician,1,id_match,True
spa,fashion_accessories_store,1,id_match,True
spa,grocery_store,1,id_match,True
spa,hair_replacement,1,id_match,True
spa,hair_supply_stores,1,id_match,True
spa,pharmacy,1,id_match,True
spa,physical_therapy,1,id_match,True
spa,pizza_restaurant,1,id_match,True
spa,printing_services,1,id_match,True
spa,school,1,id_match,True
spa,tanning_salon,1,id_match,True
spa,travel_services,1,id_match,True
spa,wholesale_store,1,id_match,True
spanish_restaurant,spanish_restaurant,8,id_match,True
spanish_restaurant,restaurant,1,id_match,True
speakeasy,speakeasy,2,id_match,True
specialty_foods_store,specialty_foods,158,id_match,True
specialty_foods_store,shopping,1,id_match,True
specialty_school,specialty_school,147,id_match,True
specialty_school,language_school,2,id_match,True
specialty_school,school,2,id_match,True
specialty_school,theaters_and_performance_venues,1,id_match,True
speech_therapy,speech_therapist,4,id_match,True
sport_league,active_life,3,id_match,True
sport_league,pool_billiards,3,id_match,True
sport_league,sports_and_recreation_venue,3,id_match,True
sport_league,fitness_trainer,1,id_match,True
sport_league,gym,1,id_match,True
sport_league,music_venue,1,id_match,True
sport_league,playground,1,id_match,True
sport_league,soccer_field,1,id_match,True
sport_league,soccer_stadium,1,id_match,True
sport_league,stadium_arena,1,id_match,True
sport_league,womens_clothing_store,1,id_match,True
sport_or_fitness_facility,sports_and_recreation_venue,1218,id_match,True
sport_or_fitness_facility,gym,2,id_match,True
sport_or_fitness_facility,stadium_arena,2,id_match,True
sport_or_fitness_facility,active_life,1,id_match,True
sport_or_fitness_facility,amusement_park,1,id_match,True
sport_or_fitness_facility,arcade,1,id_match,True
sport_or_fitness_facility,arts_and_crafts,1,id_match,True
sport_or_fitness_facility,badminton_court,1,id_match,True
sport_or_fitness_facility,life_coach,1,id_match,True
sport_or_fitness_facility,party_and_event_planning,1,id_match,True
sport_or_fitness_facility,restaurant,1,id_match,True
sport_or_fitness_facility,soccer_field,1,id_match,True
sport_or_fitness_facility,tea_room,1,id_match,True
sport_or_fitness_facility,vitamins_and_supplements,1,id_match,True
sport_or_fitness_facility,wholesale_store,1,id_match,True
sporting_goods_store,sporting_goods,1337,id_match,True
sporting_goods_store,active_life,5,id_match,True
sporting_goods_store,shoe_store,4,id_match,True
sporting_goods_store,shopping,2,id_match,True
sporting_goods_store,spas,2,id_match,True
sporting_goods_store,sports_wear,2,id_match,True
sporting_goods_store,clothing_store,1,id_match,True
sporting_goods_store,fashion,1,id_match,True
sporting_goods_store,fashion_accessories_store,1,id_match,True
sporting_goods_store,yoga_studio,1,id_match,True
sports_and_recreation,active_life,1454,id_match,True
sports_and_recreation,gym,7,id_match,True
sports_and_recreation,art_school,5,id_match,True
sports_and_recreation,pool_billiards,2,id_match,True
sports_and_recreation,swimming_pool,2,id_match,True
sports_and_recreation,adult_entertainment,1,id_match,True
sports_and_recreation,cafe,1,id_match,True
sports_and_recreation,clothing_store,1,id_match,True
sports_and_recreation,education,1,id_match,True
sports_and_recreation,fitness_trainer,1,id_match,True
sports_and_recreation,health_and_medical,1,id_match,True
sports_and_recreation,karaoke,1,id_match,True
sports_and_recreation,party_and_event_planning,1,id_match,True
sports_and_recreation,physical_therapy,1,id_match,True
sports_and_recreation,playground,1,id_match,True
sports_and_recreation,soccer_field,1,id_match,True
sports_and_recreation,specialty_foods,1,id_match,True
sports_and_recreation,sporting_goods,1,id_match,True
sports_and_recreation,sports_and_recreation_venue,1,id_match,True
sports_and_recreation,travel_services,1,id_match,True
sports_and_recreation,yoga_studio,1,id_match,True
sports_bar,sports_bar,52,id_match,True
sports_bar,pub,1,id_match,True
sports_bar,restaurant,1,id_match,True
sports_museum,sports_museum,1,id_match,True
sports_psychology,sports_psychologist,1,id_match,True
sportswear_store,sports_wear,464,id_match,True
sportswear_store,clothing_store,2,id_match,True
sportswear_store,jewelry_store,1,id_match,True
sportswear_store,sporting_goods,1,id_match,True
squash_court,squash_court,2,id_match,True
sri_lankan_restaurant,sri_lankan_restaurant,2,id_match,True
stadium_arena,stadium_arena,595,id_match,True
stadium_arena,soccer_field,2,id_match,True
stadium_arena,badminton_court,1,id_match,True
stadium_arena,football_stadium,1,id_match,True
stadium_arena,pool_billiards,1,id_match,True
stadium_arena,sports_and_recreation_venue,1,id_match,True
stadium_arena,telecommunications_company,1,id_match,True
steakhouse,steakhouse,226,id_match,True
steakhouse,italian_restaurant,1,id_match,True
steakhouse,restaurant,1,id_match,True
steakhouse,shopping,1,id_match,True
storage_facility,storage_facility,387,id_match,True
storage_facility,freight_and_cargo_service,1,id_match,True
storage_facility,party_and_event_planning,1,id_match,True
storage_facility,transportation,1,id_match,True
street_art,street_art,1,id_match,True
structural_engineer,structural_engineer,16,id_match,True
student_union,student_union,2,id_match,True
sunglasses_store,sunglasses_store,1,id_match,True
superstore,superstore,291,id_match,True
superstore,shopping,1,id_match,True
supplier_or_distributor,business_equipment_and_supply,2,id_match,True
surf_store,surf_shop,6,id_match,True
surfing,surfing,7,id_match,True
surgery,surgeon,15,id_match,True
surgery_center,surgical_center,15,id_match,True
sushi_restaurant,sushi_restaurant,380,id_match,True
sushi_restaurant,japanese_restaurant,4,id_match,True
sushi_restaurant,restaurant,2,id_match,True
sushi_restaurant,pawn_shop,1,id_match,True
sushi_restaurant,sake_bar,1,id_match,True
swimming_instructor,swimming_instructor,85,id_match,True
swimming_instructor,fitness_trainer,1,id_match,True
swimming_pool,swimming_pool,379,id_match,True
swimming_pool,gym,1,id_match,True
swimming_pool,pool_cleaning,1,id_match,True
swimming_pool,school,1,id_match,True
swimwear_store,swimwear_store,152,id_match,True
swimwear_store,childrens_clothing_store,1,id_match,True
swimwear_store,clothing_store,1,id_match,True
swimwear_store,shopping,1,id_match,True
syrian_restaurant,syrian_restaurant,2,id_match,True
t_shirt_printing_service,screen_printing_t_shirt_printing,311,id_match,True
t_shirt_printing_service,printing_services,3,id_match,True
taco_restaurant,taco_restaurant,9,id_match,True
taco_restaurant,restaurant,1,id_match,True
tai_chi_studio,tai_chi_studio,3,id_match,True
tailor,gents_tailor,6,id_match,True
tailor,mens_clothing_store,1,id_match,True
taiwanese_restaurant,taiwanese_restaurant,53,id_match,True
taiwanese_restaurant,restaurant,1,id_match,True
tanning_salon,tanning_salon,115,id_match,True
tapas_bar,tapas_bar,17,id_match,True
tattoo,tattoo,3,id_match,True
tattoo_and_piercing,tattoo_and_piercing,2823,id_match,True
tattoo_and_piercing,spas,3,id_match,True
tattoo_and_piercing,beauty_salon,2,id_match,True
tattoo_and_piercing,arts_and_entertainment,1,id_match,True
tattoo_and_piercing,beauty_product_supplier,1,id_match,True
tattoo_and_piercing,boutique,1,id_match,True
tattoo_and_piercing,dance_club,1,id_match,True
tattoo_and_piercing,hair_salon,1,id_match,True
tax_law,tax_law,6,id_match,True
taxi_service,taxi_service,286,id_match,True
taxi_service,automotive_services_and_repair,1,id_match,True
taxi_service,transportation,1,id_match,True
taxi_service,travel_services,1,id_match,True
taxidermist,taxidermist,2,id_match,True
tea_room,tea_room,2064,id_match,True
tea_room,cafe,8,id_match,True
tea_room,bubble_tea,5,id_match,True
tea_room,coffee_shop,5,id_match,True
tea_room,restaurant,2,id_match,True
tea_room,art_gallery,1,id_match,True
tea_room,bar,1,id_match,True
tea_room,eat_and_drink,1,id_match,True
tea_room,grocery_store,1,id_match,True
tea_room,health_spa,1,id_match,True
tea_room,sports_and_recreation_venue,1,id_match,True
tea_room,weight_loss_center,1,id_match,True
tea_room,yoga_studio,1,id_match,True
teeth_whitening,teeth_whitening,16,id_match,True
telecommunications_company,telecommunications_company,947,id_match,True
telecommunications_company,mobile_phone_store,3,id_match,True
telecommunications_company,television_service_providers,3,id_match,True
telecommunications_company,internet_service_provider,2,id_match,True
telecommunications_company,engineering_services,1,id_match,True
telecommunications_company,post_office,1,id_match,True
telecommunications_company,shopping,1,id_match,True
telecommunications_company,shopping_center,1,id_match,True
telecommunications_service,telecommunications,9,id_match,True
television_service_provider,television_service_providers,162,id_match,True
television_service_provider,telecommunications_company,3,id_match,True
television_service_provider,electronics,1,id_match,True
television_service_provider,shopping,1,id_match,True
tennis_court,tennis_court,147,id_match,True
tennis_court,community_services_non_profits,1,id_match,True
tennis_stadium,tennis_stadium,6,id_match,True
test_preparation,test_preparation,96,id_match,True
test_preparation,school,1,id_match,True
texmex_restaurant,texmex_restaurant,3,id_match,True
textile_manufacturer,b2b_textiles,352,id_match,True
textile_manufacturer,party_and_event_planning,1,id_match,True
textile_mill,textile_mill,2,id_match,True
textile_museum,textile_museum,4,id_match,True
thai_restaurant,thai_restaurant,766,id_match,True
thai_restaurant,restaurant,2,id_match,True
thai_restaurant,bar_and_grill_restaurant,1,id_match,True
thai_restaurant,coffee_shop,1,id_match,True
thai_restaurant,diner,1,id_match,True
thai_restaurant,eat_and_drink,1,id_match,True
theatre_venue,theatre,188,id_match,True
theatre_venue,arts_and_entertainment,1,id_match,True
theatrical_production,theatrical_productions,7,id_match,True
theme_restaurant,theme_restaurant,621,id_match,True
theme_restaurant,diner,6,id_match,True
theme_restaurant,restaurant,6,id_match,True
theme_restaurant,vietnamese_restaurant,2,id_match,True
theme_restaurant,bakery,1,id_match,True
theme_restaurant,beauty_salon,1,id_match,True
theme_restaurant,cafe,1,id_match,True
theme_restaurant,chicken_restaurant,1,id_match,True
theme_restaurant,real_estate_service,1,id_match,True
theme_restaurant,seafood_restaurant,1,id_match,True
tiki_bar,tiki_bar,3,id_match,True
tile_store,tile_store,6,id_match,True
tiling,tiling,26,id_match,True
tire_dealer_and_repair,tire_dealer_and_repair,422,id_match,True
tire_dealer_and_repair,auto_parts_and_supply_store,1,id_match,True
tire_dealer_and_repair,grocery_store,1,id_match,True
tire_dealer_and_repair,party_and_event_planning,1,id_match,True
tire_shop,tire_shop,16,id_match,True
tobacco_company,tobacco_company,6,id_match,True
tobacco_shop,tobacco_shop,156,id_match,True
tour_operator,tours,3055,id_match,True
tour_operator,travel_services,19,id_match,True
tour_operator,hotel,3,id_match,True
tour_operator,airline,2,id_match,True
tour_operator,party_and_event_planning,2,id_match,True
tour_operator,travel_company,2,id_match,True
tour_operator,car_dealer,1,id_match,True
tour_operator,chinese_restaurant,1,id_match,True
tour_operator,night_market,1,id_match,True
tour_operator,shopping,1,id_match,True
tour_operator,sightseeing_tour_agency,1,id_match,True
town_hall,town_hall,243,id_match,True
town_hall,church_cathedral,3,id_match,True
town_hall,cultural_center,1,id_match,True
toy_store,toy_store,1334,id_match,True
toy_store,shopping,2,id_match,True
toy_store,arts_and_entertainment,1,id_match,True
toy_store,auto_detailing,1,id_match,True
toy_store,electrician,1,id_match,True
toy_store,elementary_school,1,id_match,True
toy_store,fashion_accessories_store,1,id_match,True
toy_store,industrial_equipment,1,id_match,True
track_stadium,track_stadium,2,id_match,True
traffic_school,traffic_school,77,id_match,True
trailer_dealer,trailer_dealer,14,id_match,True
trailer_rental_service,trailer_rentals,2,id_match,True
trailer_repair,trailer_repair,1,id_match,True
train,trains,1,id_match,True
train_station,train_station,81,id_match,True
translating_and_interpreting_service,translating_and_interpreting_services,93,id_match,True
translation_service,translation_services,3,id_match,True
travel_agent,travel_agents,50,id_match,True
travel_agent,travel_services,1,id_match,True
travel_and_transportation,transportation,2364,id_match,True
travel_and_transportation,freight_and_cargo_service,4,id_match,True
travel_and_transportation,travel_services,4,id_match,True
travel_and_transportation,boat_tours,1,id_match,True
travel_and_transportation,bus_station,1,id_match,True
travel_and_transportation,college_university,1,id_match,True
travel_and_transportation,ferry_boat_company,1,id_match,True
travel_and_transportation,movers,1,id_match,True
travel_and_transportation,parking,1,id_match,True
travel_and_transportation,party_and_event_planning,1,id_match,True
travel_and_transportation,professional_services,1,id_match,True
travel_and_transportation,shipping_center,1,id_match,True
travel_and_transportation,storage_facility,1,id_match,True
travel_company,travel_company,429,id_match,True
travel_company,travel_services,3,id_match,True
travel_company,tours,2,id_match,True
travel_company,party_and_event_planning,1,id_match,True
travel_company,sightseeing_tour_agency,1,id_match,True
travel_service,travel_services,5374,id_match,True
travel_service,tours,24,id_match,True
travel_service,hotel,4,id_match,True
travel_service,professional_services,4,id_match,True
travel_service,transportation,4,id_match,True
travel_service,travel_company,4,id_match,True
travel_service,car_dealer,2,id_match,True
travel_service,car_rental_agency,2,id_match,True
travel_service,real_estate_service,2,id_match,True
travel_service,taxi_service,2,id_match,True
travel_service,accommodation,1,id_match,True
travel_service,airline,1,id_match,True
travel_service,airport_shuttles,1,id_match,True
travel_service,college_university,1,id_match,True
travel_service,education,1,id_match,True
travel_service,educational_services,1,id_match,True
travel_service,gift_shop,1,id_match,True
travel_service,landmark_and_historical_building,1,id_match,True
travel_service,media_agency,1,id_match,True
travel_service,party_and_event_planning,1,id_match,True
travel_service,passport_and_visa_services,1,id_match,True
travel_service,playground,1,id_match,True
travel_service,shopping,1,id_match,True
travel_service,sightseeing_tour_agency,1,id_match,True
tree_service,tree_services,46,id_match,True
trophy_store,trophy_shop,16,id_match,True
truck_and_industrial_vehicle_services,trucks_and_industrial_vehicles,1,id_match,True
truck_dealer,truck_dealer,601,id_match,True
truck_dealer,car_dealer,5,id_match,True
truck_gas_station,truck_gas_station,1,id_match,True
truck_parts_and_accessories,b2b_truck_equipment_parts_and_accessories,1,id_match,True
truck_rental_service,truck_rentals,35,id_match,True
truck_repair,truck_repair,25,id_match,True
trusts,trusts,174,id_match,True
trusts,accountant,2,id_match,True
trusts,professional_services,1,id_match,True
turkish_restaurant,turkish_restaurant,10,id_match,True
tutoring_service,tutoring_center,760,id_match,True
tutoring_service,education,4,id_match,True
tutoring_service,campus_building,1,id_match,True
tutoring_service,educational_services,1,id_match,True
tutoring_service,elementary_school,1,id_match,True
tutoring_service,print_media,1,id_match,True
tutoring_service,sewing_and_alterations,1,id_match,True
tv_mounting,tv_mounting,39,id_match,True
ukrainian_restaurant,ukrainian_restaurant,2,id_match,True
uniform_store,uniform_store,337,id_match,True
uniform_store,costume_store,2,id_match,True
uniform_store,fashion,2,id_match,True
uniform_store,printing_services,1,id_match,True
uniform_store,professional_services,1,id_match,True
urban_farm,urban_farm,69,id_match,True
urology,urologist,8,id_match,True
urology,diagnostic_services,1,id_match,True
used_auto_dealer,used_car_dealer,391,id_match,True
used_auto_dealer,car_dealer,9,id_match,True
used_auto_dealer,motorcycle_repair,1,id_match,True
vegan_restaurant,vegan_restaurant,16,id_match,True
vegetarian_restaurant,vegetarian_restaurant,1008,id_match,True
vegetarian_restaurant,restaurant,8,id_match,True
vegetarian_restaurant,health_food_restaurant,2,id_match,True
vegetarian_restaurant,breakfast_and_brunch_restaurant,1,id_match,True
vegetarian_restaurant,diner,1,id_match,True
vegetarian_restaurant,eat_and_drink,1,id_match,True
vegetarian_restaurant,fast_food_restaurant,1,id_match,True
vegetarian_restaurant,vegan_restaurant,1,id_match,True
vehicle_shipping,vehicle_shipping,63,id_match,True
vending_machine_supplier,vending_machine_supplier,71,id_match,True
vending_machine_supplier,shopping,1,id_match,True
veterinarian,veterinarian,748,id_match,True
veterinarian,hospital,9,id_match,True
veterinarian,pet_services,3,id_match,True
veterinarian,pharmacy,1,id_match,True
video_film_production,video_film_production,14,id_match,True
video_game_store,video_game_store,211,id_match,True
video_game_store,arcade,1,id_match,True
video_game_store,coffee_shop,1,id_match,True
video_game_store,computer_store,1,id_match,True
videographer,videographer,78,id_match,True
vietnamese_restaurant,vietnamese_restaurant,6843,id_match,True
vietnamese_restaurant,restaurant,59,id_match,True
vietnamese_restaurant,diner,37,id_match,True
vietnamese_restaurant,asian_restaurant,4,id_match,True
vietnamese_restaurant,noodles_restaurant,4,id_match,True
vietnamese_restaurant,eat_and_drink,2,id_match,True
vietnamese_restaurant,fast_food_restaurant,2,id_match,True
vietnamese_restaurant,food_truck,2,id_match,True
vietnamese_restaurant,accommodation,1,id_match,True
vietnamese_restaurant,asian_fusion_restaurant,1,id_match,True
vietnamese_restaurant,bakery,1,id_match,True
vietnamese_restaurant,bar,1,id_match,True
vietnamese_restaurant,cocktail_bar,1,id_match,True
vietnamese_restaurant,cooking_school,1,id_match,True
vietnamese_restaurant,cupcake_shop,1,id_match,True
vietnamese_restaurant,delicatessen,1,id_match,True
vietnamese_restaurant,desserts,1,id_match,True
vietnamese_restaurant,flowers_and_gifts_shop,1,id_match,True
vietnamese_restaurant,grocery_store,1,id_match,True
vietnamese_restaurant,health_food_restaurant,1,id_match,True
vietnamese_restaurant,music_venue,1,id_match,True
vietnamese_restaurant,seafood_restaurant,1,id_match,True
vietnamese_restaurant,shopping,1,id_match,True
vietnamese_restaurant,sightseeing_tour_agency,1,id_match,True
vietnamese_restaurant,smoothie_juice_bar,1,id_match,True
vietnamese_restaurant,soup_restaurant,1,id_match,True
vietnamese_restaurant,theme_restaurant,1,id_match,True
visa_agent,visa_agent,1,id_match,True
vision_or_eye_care_clinic,eye_care_clinic,124,id_match,True
visitor_center,visitor_center,8,id_match,True
vitamin_and_supplement_store,vitamins_and_supplements,696,id_match,True
vitamin_and_supplement_store,food_truck,1,id_match,True
vitamin_and_supplement_store,health_food_store,1,id_match,True
vitamin_and_supplement_store,spas,1,id_match,True
vocational_and_technical_school,vocational_and_technical_school,51,id_match,True
volleyball_court,volleyball_court,12,id_match,True
warehouse,warehouses,12,id_match,True
warehouse_club_store,wholesale_store,2441,id_match,True
warehouse_club_store,shopping,8,id_match,True
warehouse_club_store,grocery_store,2,id_match,True
warehouse_club_store,real_estate_service,2,id_match,True
warehouse_club_store,spas,2,id_match,True
warehouse_club_store,barbecue_restaurant,1,id_match,True
warehouse_club_store,building_supply_store,1,id_match,True
warehouse_club_store,business_manufacturing_and_supply,1,id_match,True
warehouse_club_store,church_cathedral,1,id_match,True
warehouse_club_store,fast_food_restaurant,1,id_match,True
warehouse_club_store,fish_farm,1,id_match,True
warehouse_club_store,flowers_and_gifts_shop,1,id_match,True
warehouse_club_store,health_and_medical,1,id_match,True
warehouse_club_store,home_cleaning,1,id_match,True
warehouse_club_store,home_security,1,id_match,True
warehouse_club_store,hvac_services,1,id_match,True
warehouse_club_store,information_technology_company,1,id_match,True
warehouse_club_store,motorcycle_repair,1,id_match,True
warehouse_club_store,printing_services,1,id_match,True
warehouse_club_store,sewing_and_alterations,1,id_match,True
washer_and_dryer_repair_service,washer_and_dryer_repair_service,1,id_match,True
watch_store,watch_store,8,id_match,True
water_heater_installation_repair,water_heater_installation_repair,11,id_match,True
water_park,water_park,35,id_match,True
water_utility_provider,water_supplier,36,id_match,True
waterfall,waterfall,10,id_match,True
waxing,waxing,36,id_match,True
waxing,spas,2,id_match,True
waxing,hair_removal,1,id_match,True
weather_station,weather_station,3,id_match,True
web_designer,web_designer,619,id_match,True
web_designer,corporate_office,1,id_match,True
web_designer,information_technology_company,1,id_match,True
web_designer,marketing_agency,1,id_match,True
web_designer,party_and_event_planning,1,id_match,True
web_designer,professional_services,1,id_match,True
web_hosting_service,web_hosting_service,3,id_match,True
wedding_planning,wedding_planning,1170,id_match,True
wedding_planning,bridal_shop,4,id_match,True
wedding_planning,professional_services,2,id_match,True
wedding_planning,aviation_museum,1,id_match,True
wedding_planning,party_and_event_planning,1,id_match,True
weight_loss_center,weight_loss_center,117,id_match,True
welder,welders,1,id_match,True
well_drilling,well_drilling,21,id_match,True
wellness_service,wellness_program,16,id_match,True
wheel_and_rim_repair,wheel_and_rim_repair,1,id_match,True
whiskey_bar,whiskey_bar,11,id_match,True
wholesale_grocer,wholesale_grocer,59,id_match,True
wholesaler,wholesaler,14,id_match,True
wig_store,wig_store,122,id_match,True
wildlife_sanctuary,wildlife_sanctuary,9,id_match,True
wills_trusts_and_probate,wills_trusts_and_probate,3,id_match,True
window_supplier,window_supplier,1,id_match,True
window_treatment_store,window_treatment_store,1,id_match,True
windows_installation,windows_installation,190,id_match,True
windows_installation,home_service,1,id_match,True
windows_installation,linen,1,id_match,True
wine_bar,wine_bar,129,id_match,True
wine_bar,bar,1,id_match,True
wine_bar,barber,1,id_match,True
wine_bar,cocktail_bar,1,id_match,True
wine_bar,liquor_store,1,id_match,True
winery,winery,91,id_match,True
winery,liquor_store,1,id_match,True
womens_clothing_store,womens_clothing_store,5097,id_match,True
womens_clothing_store,clothing_store,27,id_match,True
womens_clothing_store,fashion,13,id_match,True
womens_clothing_store,shopping,4,id_match,True
womens_clothing_store,fashion_accessories_store,2,id_match,True
womens_clothing_store,mens_clothing_store,2,id_match,True
womens_clothing_store,appliance_repair_service,1,id_match,True
womens_clothing_store,beauty_salon,1,id_match,True
womens_clothing_store,boutique,1,id_match,True
womens_clothing_store,childrens_clothing_store,1,id_match,True
womens_clothing_store,clothing_company,1,id_match,True
womens_clothing_store,commercial_industrial,1,id_match,True
womens_clothing_store,jewelry_store,1,id_match,True
womens_clothing_store,lingerie_store,1,id_match,True
womens_clothing_store,maternity_wear,1,id_match,True
womens_clothing_store,shoe_store,1,id_match,True
womens_clothing_store,shopping_center,1,id_match,True
woodworking_supply_store,woodworking_supply_store,2,id_match,True
writing_service,writing_service,34,id_match,True
yoga_studio,yoga_studio,1202,id_match,True
yoga_studio,gym,1,id_match,True
yoga_studio,health_and_medical,1,id_match,True
yoga_studio,restaurant,1,id_match,True
youth_organization,youth_organizations,229,id_match,True
youth_organization,community_services_non_profits,1,id_match,True
youth_organization,music_venue,1,id_match,True
zoo,zoo,14,id_match,True
