overture_category,functional_group,functional_group_confidence,functional_group_source,gehl_activity,gehl_activities,gehl_scores,necessary_score,social_score,optional_score,thirdspace_score,thirdspace_needs_review,count,cities,fg_needs_review,gehl_needs_review,needs_review
restaurant,Food & Drink,1,taxonomy,Social,Social|Necessary|Optional,"{""Necessary"": 0.02, ""Social"": 0.013, ""Optional"": 0.006}",0.02,0.013,0.006,1,TRUE,36358,"can_tho,da_nang,hanoi,hcmc,pleiku",FALSE,TRUE,TRUE
professional_services,Business & Professional Services,1,taxonomy,Necessary,Necessary,"{""Social"": 0.327, ""Necessary"": 0.229, ""Optional"": 0.02}",0.229,0.327,0.02,0,FALSE,31818,"can_tho,da_nang,hanoi,hcmc,pleiku",FALSE,TRUE,TRUE
spas,Beauty & Personal Care,1,taxonomy,Social,Social,"{""Social"": 0.327, ""Optional"": 0.068, ""Necessary"": 0.001}",0.001,0.327,0.001,1,TRUE,20092,"can_tho,da_nang,hanoi,hcmc,pleiku",FALSE,TRUE,TRUE
clothing_store,Retail & Shopping,1,taxonomy,Social,Social,"{""Social"": 0.318, ""Necessary"": 0.06, ""Optional"": 0.016}",0.06,0.318,0.016,1,TRUE,14252,"can_tho,da_nang,hanoi,hcmc,pleiku",FALSE,TRUE,TRUE
hotel,Accommodation & Travel,1,taxonomy,Optional,Optional,"{""Optional"": 0.081, ""Social"": 0.063, ""Necessary"": 0.042}",0.042,0.063,0.081,0,FALSE,14061,"can_tho,da_nang,hanoi,hcmc,pleiku",FALSE,TRUE,TRUE
flowers_and_gifts_shop,Retail & Shopping,1,taxonomy,Social,Social,"{""Social"": 0.165, ""Necessary"": 0.015, ""Optional"": 0.007}",0.015,0.165,0.007,1,TRUE,13266,"can_tho,da_nang,hanoi,hcmc,pleiku",FALSE,TRUE,TRUE
furniture_store,Retail & Shopping,1,taxonomy,Social,Social,"{""Social"": 0.199, ""Necessary"": 0.035, ""Optional"": 0.022}",0.035,0.199,0.022,1,TRUE,12088,"can_tho,da_nang,hanoi,hcmc,pleiku",FALSE,TRUE,TRUE
party_and_event_planning,Business & Professional Services,1,taxonomy,Social,Social,"{""Social"": 0.338, ""Optional"": 0.015, ""Necessary"": 0.001}",0.001,0.338,0.015,0,FALSE,11171,"can_tho,da_nang,hanoi,hcmc,pleiku",FALSE,TRUE,TRUE
grocery_store,Daily Needs & Grocery,1,taxonomy,Necessary,Necessary,"{""Necessary"": 0.384, ""Social"": 0.048, ""Optional"": 0.001}",0.384,0.048,0.001,1,TRUE,8948,"can_tho,da_nang,hanoi,hcmc,pleiku",FALSE,TRUE,TRUE
landmark_and_historical_building,Civic & Government,0.224,bart,Optional,Optional,"{""Optional"": 0.001, ""Necessary"": 0.001, ""Social"": 0.0}",0.001,0,0.001,0,TRUE,7307,"can_tho,da_nang,hanoi,hcmc,pleiku",TRUE,TRUE,TRUE
construction_services,Business & Professional Services,1,taxonomy,Necessary,Necessary,"{""Social"": 0.407, ""Necessary"": 0.072, ""Optional"": 0.005}",0.407,0.005,0.005,1,TRUE,6995,"can_tho,da_nang,hanoi,hcmc,pleiku",FALSE,TRUE,TRUE
fashion,Retail & Shopping,0.246,bart,Social,Social|Necessary|Optional,"{""Social"": 0.904, ""Optional"": 0.514, ""Necessary"": 0.351}",0.351,0.904,0.514,1,TRUE,6989,"can_tho,da_nang,hanoi,hcmc,pleiku",TRUE,FALSE,TRUE
mobile_phone_store,Retail & Shopping,1,taxonomy,Social,Social,"{""Social"": 0.324, ""Necessary"": 0.203, ""Optional"": 0.113}",0.203,0.324,0.113,1,TRUE,6604,"can_tho,da_nang,hanoi,hcmc,pleiku",FALSE,TRUE,TRUE
cosmetic_and_beauty_supplies,Beauty & Personal Care,0.381,bart,Social,Social,"{""Social"": 0.098, ""Necessary"": 0.03, ""Optional"": 0.005}",0.03,0.098,0.005,1,TRUE,6299,"can_tho,da_nang,hanoi,hcmc,pleiku",FALSE,TRUE,TRUE
travel_services,Accommodation & Travel,1,taxonomy,Social,Social|Necessary|Optional,"{""Social"": 0.923, ""Necessary"": 0.9, ""Optional"": 0.832}",0.9,0.923,0.832,1,TRUE,5649,"can_tho,da_nang,hanoi,hcmc,pleiku",FALSE,TRUE,TRUE
womens_clothing_store,Retail & Shopping,1,taxonomy,Social,Social,"{""Social"": 0.384, ""Necessary"": 0.038, ""Optional"": 0.022}",0.038,0.384,0.022,1,TRUE,5436,"can_tho,da_nang,hanoi,hcmc,pleiku",FALSE,TRUE,TRUE
bubble_tea,Accommodation & Travel,0.15,bart,Social,Social|Optional,"{""Social"": 0.89, ""Optional"": 0.565, ""Necessary"": 0.125}",0.125,0.89,0.565,1,TRUE,4500,"can_tho,da_nang,hanoi,hcmc,pleiku",TRUE,FALSE,TRUE
electronics,Utilities & Infrastructure,0.442,bart,Social,Social,"{""Social"": 0.291, ""Optional"": 0.176, ""Necessary"": 0.025}",0.025,0.291,0.176,1,TRUE,4251,"can_tho,da_nang,hanoi,hcmc,pleiku",FALSE,TRUE,TRUE
health_and_medical,Healthcare,0.432,bart,Necessary,Necessary,"{""Necessary"": 0.312, ""Social"": 0.305, ""Optional"": 0.003}",1,0.003,0.003,0,TRUE,4143,"can_tho,da_nang,hanoi,hcmc,pleiku",FALSE,TRUE,TRUE
hospital,Healthcare,1,taxonomy,Necessary,Necessary,"{""Social"": 0.115, ""Optional"": 0.02, ""Necessary"": 0.013}",1,0.115,0.02,0,TRUE,4041,"can_tho,da_nang,hanoi,hcmc,pleiku",FALSE,TRUE,TRUE
school,Education,1,taxonomy,Social,Social,"{""Social"": 0.117, ""Necessary"": 0.003, ""Optional"": 0.002}",0.003,0.117,0.002,0,TRUE,3977,"can_tho,da_nang,hanoi,hcmc,pleiku",FALSE,TRUE,TRUE
community_services_non_profits,Community & Religion,0.285,bart,Social,Social,"{""Social"": 0.982, ""Optional"": 0.275, ""Necessary"": 0.034}",0.034,0.982,0.275,1,TRUE,3755,"can_tho,da_nang,hanoi,hcmc,pleiku",TRUE,FALSE,TRUE
automotive_repair,Automotive & Transport,1,taxonomy,Social,Social,"{""Social"": 0.171, ""Necessary"": 0.08, ""Optional"": 0.004}",0.08,0.171,0.004,1,TRUE,3645,"can_tho,da_nang,hanoi,hcmc,pleiku",FALSE,TRUE,TRUE
fast_food_restaurant,Food & Drink,1,taxonomy,Necessary,Necessary,"{""Necessary"": 0.007, ""Social"": 0.003, ""Optional"": 0.001}",0.007,0.003,0.001,1,TRUE,3422,"can_tho,da_nang,hanoi,hcmc,pleiku",FALSE,TRUE,TRUE
seafood_restaurant,Food & Drink,1,taxonomy,Social,Social,"{""Social"": 0.236, ""Necessary"": 0.011, ""Optional"": 0.006}",0.011,0.236,0.006,1,TRUE,3282,"can_tho,da_nang,hanoi,hcmc,pleiku",FALSE,TRUE,TRUE
industrial_equipment,Business & Professional Services,1,taxonomy,Necessary,Necessary,"{""Necessary"": 0.061, ""Social"": 0.039, ""Optional"": 0.008}",0.061,0.039,0.008,1,TRUE,3213,"can_tho,da_nang,hanoi,hcmc,pleiku",FALSE,TRUE,TRUE
accommodation,Accommodation & Travel,0.259,bart,Social,Social|Necessary,"{""Social"": 0.938, ""Necessary"": 0.667, ""Optional"": 0.223}",0.667,0.938,0.223,1,TRUE,3057,"can_tho,da_nang,hanoi,hcmc,pleiku",TRUE,FALSE,TRUE
childrens_clothing_store,Retail & Shopping,1,taxonomy,Social,Social,"{""Social"": 0.495, ""Optional"": 0.025, ""Necessary"": 0.016}",0.016,0.495,0.025,1,TRUE,2941,"can_tho,da_nang,hanoi,hcmc,pleiku",FALSE,TRUE,TRUE
tattoo_and_piercing,Beauty & Personal Care,1,taxonomy,Social,Social,"{""Social"": 0.049, ""Necessary"": 0.003, ""Optional"": 0.002}",0.003,0.049,0.002,1,TRUE,2919,"can_tho,da_nang,hanoi,hcmc,pleiku",FALSE,TRUE,TRUE
eat_and_drink,Food & Drink,0.24,bart,Social,Social,"{""Social"": 0.962, ""Necessary"": 0.052, ""Optional"": 0.008}",0.052,0.962,0.008,1,TRUE,2881,"can_tho,da_nang,hanoi,hcmc,pleiku",TRUE,FALSE,TRUE
auto_parts_and_supply_store,Automotive & Transport,0.587,bart,Necessary,Necessary,"{""Necessary"": 0.086, ""Social"": 0.01, ""Optional"": 0.002}",0.086,0.01,0.002,1,TRUE,2689,"can_tho,da_nang,hanoi,hcmc,pleiku",FALSE,TRUE,TRUE
computer_store,Retail & Shopping,1,taxonomy,Social,Social,"{""Social"": 0.469, ""Optional"": 0.255, ""Necessary"": 0.119}",0.119,0.469,0.255,1,TRUE,2602,"can_tho,da_nang,hanoi,hcmc,pleiku",FALSE,TRUE,TRUE
central_government_office,Civic & Government,0.68,bart,Social,Social,"{""Social"": 0.138, ""Optional"": 0.11, ""Necessary"": 0.012}",0.012,0.138,0.11,0,TRUE,2583,"can_tho,da_nang,hanoi,hcmc,pleiku",FALSE,TRUE,TRUE
wholesale_store,Retail & Shopping,1,taxonomy,Social,Social,"{""Social"": 0.453, ""Necessary"": 0.217, ""Optional"": 0.036}",0.217,0.453,0.036,1,TRUE,2547,"can_tho,da_nang,hanoi,hcmc,pleiku",FALSE,TRUE,TRUE
buddhist_temple,Community & Religion,0.858,bart,Social,Social,"{""Social"": 0.346, ""Optional"": 0.056, ""Necessary"": 0.01}",0.01,0.346,0.056,1,TRUE,2521,"can_tho,da_nang,hanoi,hcmc,pleiku",FALSE,TRUE,TRUE
health_food_store,Daily Needs & Grocery,1,taxonomy,Social,Social,"{""Social"": 0.478, ""Necessary"": 0.434, ""Optional"": 0.003}",0.434,0.478,0.003,1,TRUE,2481,"can_tho,da_nang,hanoi,hcmc,pleiku",FALSE,TRUE,TRUE
dentist,Healthcare,1,taxonomy,Social,Social,"{""Social"": 0.17, ""Necessary"": 0.075, ""Optional"": 0.004}",0.075,0.17,0.004,0,TRUE,2454,"can_tho,da_nang,hanoi,hcmc,pleiku",FALSE,TRUE,TRUE
freight_and_cargo_service,Business & Professional Services,1,taxonomy,Social,Social,"{""Social"": 0.208, ""Necessary"": 0.108, ""Optional"": 0.003}",0.108,0.208,0.003,1,TRUE,2251,"can_tho,da_nang,hanoi,hcmc,pleiku",FALSE,TRUE,TRUE
building_supply_store,Retail & Shopping,1,taxonomy,Necessary,Necessary,"{""Necessary"": 0.072, ""Social"": 0.013, ""Optional"": 0.002}",0.072,0.013,0.002,1,TRUE,2139,"can_tho,da_nang,hanoi,hcmc,pleiku",FALSE,TRUE,TRUE
karaoke,Accommodation & Travel,0.1,bart,Social,Social,"{""Social"": 0.429, ""Optional"": 0.01, ""Necessary"": 0.002}",0.002,0.429,0.01,1,TRUE,2101,"can_tho,da_nang,hanoi,hcmc,pleiku",TRUE,TRUE,TRUE
business_manufacturing_and_supply,Business & Professional Services,1,taxonomy,Necessary,Necessary,"{""Necessary"": 0.019, ""Social"": 0.005, ""Optional"": 0.0}",0.019,0.005,0,1,TRUE,2048,"can_tho,da_nang,hanoi,hcmc,pleiku",FALSE,TRUE,TRUE
mens_clothing_store,Retail & Shopping,1,taxonomy,Social,Social,"{""Social"": 0.349, ""Necessary"": 0.032, ""Optional"": 0.023}",0.032,0.349,0.023,1,TRUE,1936,"can_tho,da_nang,hanoi,hcmc,pleiku",FALSE,TRUE,TRUE
appliance_repair_service,Home & Garden Services,1,taxonomy,Social,Social,"{""Social"": 0.431, ""Necessary"": 0.059, ""Optional"": 0.003}",0.059,0.431,0.003,1,TRUE,1682,"can_tho,da_nang,hanoi,hcmc,pleiku",FALSE,TRUE,TRUE
educational_services,Education,1,taxonomy,Social,Social,"{""Social"": 0.01, ""Necessary"": 0.003, ""Optional"": 0.0}",0.003,0.01,0,0,TRUE,1668,"can_tho,da_nang,hanoi,hcmc,pleiku",FALSE,TRUE,TRUE
pet_services,Community & Religion,0.164,bart,Social,Social,"{""Social"": 0.877, ""Optional"": 0.426, ""Necessary"": 0.233}",0.233,0.877,0.426,1,TRUE,1601,"can_tho,da_nang,hanoi,hcmc,pleiku",TRUE,FALSE,TRUE
it_service_and_computer_repair,Business & Professional Services,1,taxonomy,Social,Social,"{""Social"": 0.093, ""Necessary"": 0.062, ""Optional"": 0.001}",0.062,0.093,0.001,1,TRUE,1572,"can_tho,da_nang,hanoi,hcmc,pleiku",FALSE,TRUE,TRUE
active_life,Recreation & Sport,0.227,bart,Social,Social|Necessary|Optional,"{""Social"": 0.985, ""Necessary"": 0.96, ""Optional"": 0.934}",0.96,0.985,0.934,1,TRUE,1549,"can_tho,da_nang,hanoi,hcmc,pleiku",TRUE,TRUE,TRUE
chinese_restaurant,Food & Drink,1,taxonomy,Social,Social,"{""Social"": 0.441, ""Necessary"": 0.019, ""Optional"": 0.017}",0.019,0.441,0.017,1,TRUE,1538,"can_tho,da_nang,hanoi,hcmc,pleiku",FALSE,TRUE,TRUE
food,Food & Drink,0.254,bart,Social,Social,"{""Social"": 0.332, ""Necessary"": 0.132, ""Optional"": 0.015}",0.132,0.332,0.015,1,TRUE,1516,"can_tho,da_nang,hanoi,hcmc,pleiku",TRUE,TRUE,TRUE
food_beverage_service_distribution,Food & Drink,0.484,bart,Social,Social,"{""Social"": 0.279, ""Necessary"": 0.135, ""Optional"": 0.007}",0.135,0.279,0.007,1,TRUE,1474,"can_tho,da_nang,hanoi,hcmc,pleiku",FALSE,TRUE,TRUE
cosmetic_dentist,Healthcare,1,taxonomy,Social,Social,"{""Social"": 0.302, ""Necessary"": 0.087, ""Optional"": 0.008}",0.087,0.302,0.008,0,TRUE,1433,"can_tho,da_nang,hanoi,hcmc,pleiku",FALSE,TRUE,TRUE
bookstore,Retail & Shopping,1,taxonomy,Social,Social,"{""Social"": 0.138, ""Optional"": 0.038, ""Necessary"": 0.02}",0.02,0.138,0.038,1,TRUE,1425,"can_tho,da_nang,hanoi,hcmc,pleiku",FALSE,TRUE,TRUE
toy_store,Retail & Shopping,1,taxonomy,Social,Social,"{""Social"": 0.442, ""Optional"": 0.111, ""Necessary"": 0.019}",0.019,0.442,0.111,1,TRUE,1400,"can_tho,da_nang,hanoi,hcmc,pleiku",FALSE,TRUE,TRUE
japanese_restaurant,Food & Drink,1,taxonomy,Social,Social,"{""Social"": 0.452, ""Optional"": 0.022, ""Necessary"": 0.022}",0.022,0.452,0.022,1,TRUE,1392,"can_tho,da_nang,hanoi,hcmc,pleiku",FALSE,TRUE,TRUE
religious_organization,Community & Religion,1,taxonomy,Social,Social,"{""Social"": 0.181, ""Necessary"": 0.009, ""Optional"": 0.003}",0.009,0.181,0.003,1,TRUE,1361,"can_tho,da_nang,hanoi,hcmc,pleiku",FALSE,TRUE,TRUE
home_cleaning,Home & Garden Services,1,taxonomy,Social,Social,"{""Social"": 0.297, ""Necessary"": 0.21, ""Optional"": 0.018}",0.21,0.297,0.018,1,TRUE,1304,"can_tho,da_nang,hanoi,hcmc,pleiku",FALSE,TRUE,TRUE
home_improvement_store,Retail & Shopping,1,taxonomy,Social,Social,"{""Social"": 0.145, ""Necessary"": 0.031, ""Optional"": 0.005}",0.031,0.145,0.005,1,TRUE,1290,"can_tho,da_nang,hanoi,hcmc,pleiku",FALSE,TRUE,TRUE
commercial_industrial,Business & Professional Services,1,taxonomy,Necessary,Necessary,"{""Necessary"": 0.049, ""Social"": 0.002, ""Optional"": 0.002}",0.049,0.002,0.002,1,TRUE,1214,"can_tho,da_nang,hanoi,hcmc",FALSE,TRUE,TRUE
laundromat,Home & Garden Services,1,taxonomy,Necessary,Necessary,"{""Necessary"": 0.205, ""Social"": 0.063, ""Optional"": 0.002}",0.205,0.063,0.002,1,TRUE,1207,"can_tho,da_nang,hanoi,hcmc,pleiku",FALSE,TRUE,TRUE
eyewear_and_optician,Beauty & Personal Care,0.128,bart,Social,Social|Optional,"{""Social"": 0.901, ""Optional"": 0.505, ""Necessary"": 0.218}",0.218,0.901,0.505,1,TRUE,1185,"can_tho,da_nang,hanoi,hcmc,pleiku",TRUE,FALSE,TRUE
agriculture,Business & Professional Services,1,taxonomy,Social,Social,"{""Social"": 0.092, ""Necessary"": 0.009, ""Optional"": 0.003}",0.009,0.092,0.003,1,TRUE,1112,"can_tho,da_nang,hanoi,hcmc,pleiku",FALSE,TRUE,TRUE
public_service_and_government,Civic & Government,0.363,bart,Social,Social,"{""Social"": 0.456, ""Necessary"": 0.082, ""Optional"": 0.005}",0.082,0.456,0.005,0,TRUE,1099,"can_tho,da_nang,hanoi,hcmc,pleiku",FALSE,TRUE,TRUE
barbecue_restaurant,Food & Drink,1,taxonomy,Social,Social,"{""Social"": 0.33, ""Necessary"": 0.011, ""Optional"": 0.006}",0.011,0.33,0.006,1,TRUE,1097,"can_tho,da_nang,hanoi,hcmc,pleiku",FALSE,TRUE,TRUE
musical_instrument_store,Retail & Shopping,1,taxonomy,Social,Social,"{""Social"": 0.366, ""Optional"": 0.063, ""Necessary"": 0.016}",0.016,0.366,0.063,1,TRUE,1072,"can_tho,da_nang,hanoi,hcmc,pleiku",FALSE,TRUE,TRUE
vegetarian_restaurant,Food & Drink,1,taxonomy,Social,Social,"{""Social"": 0.402, ""Optional"": 0.017, ""Necessary"": 0.014}",0.014,0.402,0.017,1,TRUE,1068,"can_tho,da_nang,hanoi,hcmc,pleiku",FALSE,TRUE,TRUE
corporate_office,Business & Professional Services,1,taxonomy,Optional,Optional,"{""Optional"": 0.154, ""Necessary"": 0.042, ""Social"": 0.022}",0.042,0.022,0.154,1,TRUE,1051,"can_tho,da_nang,hanoi,hcmc,pleiku",FALSE,TRUE,TRUE
liquor_store,Daily Needs & Grocery,1,taxonomy,Social,Social,"{""Social"": 0.104, ""Necessary"": 0.014, ""Optional"": 0.012}",0.014,0.104,0.012,1,TRUE,1013,"can_tho,da_nang,hanoi,hcmc,pleiku",FALSE,TRUE,TRUE
diagnostic_services,Healthcare,1,taxonomy,Social,Social,"{""Social"": 0.465, ""Necessary"": 0.17, ""Optional"": 0.004}",0.17,0.465,0.004,0,TRUE,995,"can_tho,da_nang,hanoi,hcmc,pleiku",FALSE,TRUE,TRUE
luggage_store,Retail & Shopping,1,taxonomy,Social,Social,"{""Social"": 0.278, ""Necessary"": 0.143, ""Optional"": 0.096}",0.143,0.278,0.096,1,TRUE,976,"can_tho,da_nang,hanoi,hcmc,pleiku",FALSE,TRUE,TRUE
automotive_services_and_repair,Automotive & Transport,1,taxonomy,Necessary,Necessary,"{""Necessary"": 0.065, ""Social"": 0.058, ""Optional"": 0.001}",0.065,0.058,0.001,1,TRUE,945,"can_tho,da_nang,hanoi,hcmc,pleiku",FALSE,TRUE,TRUE
resort,Accommodation & Travel,1,taxonomy,Social,Social,"{""Social"": 0.328, ""Optional"": 0.109, ""Necessary"": 0.001}",0.001,0.328,0.109,1,TRUE,939,"can_tho,da_nang,hanoi,hcmc,pleiku",FALSE,TRUE,TRUE
car_rental_agency,Automotive & Transport,0.592,bart,Social,Social,"{""Social"": 0.364, ""Necessary"": 0.236, ""Optional"": 0.091}",0.236,0.364,0.091,1,TRUE,927,"can_tho,da_nang,hanoi,hcmc,pleiku",FALSE,TRUE,TRUE
agricultural_service,Agriculture & Industry,1,taxonomy,Social,Social,"{""Social"": 0.136, ""Necessary"": 0.046, ""Optional"": 0.001}",0.046,0.136,0.001,1,TRUE,844,"can_tho,da_nang,hanoi,hcmc,pleiku",FALSE,TRUE,TRUE
driving_school,Education,1,taxonomy,Social,Social,"{""Social"": 0.35, ""Necessary"": 0.052, ""Optional"": 0.013}",0.052,0.35,0.013,0,TRUE,834,"can_tho,da_nang,hanoi,hcmc,pleiku",FALSE,TRUE,TRUE
thai_restaurant,Food & Drink,1,taxonomy,Social,Social,"{""Social"": 0.336, ""Necessary"": 0.016, ""Optional"": 0.012}",0.016,0.336,0.012,1,TRUE,807,"can_tho,da_nang,hanoi,hcmc,pleiku",FALSE,TRUE,TRUE
tutoring_center,Education,1,taxonomy,Social,Social,"{""Social"": 0.035, ""Necessary"": 0.006, ""Optional"": 0.0}",0.006,0.035,0,0,TRUE,806,"can_tho,da_nang,hanoi,hcmc,pleiku",FALSE,TRUE,TRUE
bicycle_shop,Automotive & Transport,0.126,bart,Social,Social|Necessary,"{""Social"": 0.735, ""Necessary"": 0.671, ""Optional"": 0.307}",0.671,0.735,0.307,1,TRUE,794,"can_tho,da_nang,hanoi,hcmc,pleiku",TRUE,FALSE,TRUE
nursery_and_gardening,Home & Garden Services,0.214,bart,Social,Social,"{""Social"": 0.118, ""Necessary"": 0.005, ""Optional"": 0.003}",0.005,0.118,0.003,1,TRUE,773,"can_tho,da_nang,hanoi,hcmc,pleiku",TRUE,TRUE,TRUE
hardware_store,Retail & Shopping,1,taxonomy,Social,Social,"{""Social"": 0.109, ""Necessary"": 0.107, ""Optional"": 0.021}",0.107,0.109,0.021,1,TRUE,770,"can_tho,da_nang,hanoi,hcmc,pleiku",FALSE,TRUE,TRUE
medical_service_organizations,Healthcare,1,taxonomy,Necessary,Necessary,"{""Necessary"": 0.253, ""Social"": 0.218, ""Optional"": 0.001}",0.253,0.218,0.001,0,TRUE,768,"can_tho,da_nang,hanoi,hcmc,pleiku",FALSE,TRUE,TRUE
skin_care,Healthcare,0.133,bart,Social,Social,"{""Social"": 0.867, ""Optional"": 0.214, ""Necessary"": 0.142}",0.142,0.867,0.214,0,TRUE,757,"can_tho,da_nang,hanoi,hcmc,pleiku",TRUE,FALSE,TRUE
vitamins_and_supplements,Healthcare,0.249,bart,Social,Social,"{""Social"": 0.357, ""Necessary"": 0.182, ""Optional"": 0.008}",0.182,0.357,0.008,0,TRUE,738,"can_tho,da_nang,hanoi,hcmc,pleiku",TRUE,TRUE,TRUE
photography_store_and_services,Healthcare,0.092,bart,Social,Social,"{""Social"": 0.375, ""Necessary"": 0.106, ""Optional"": 0.058}",0.106,0.375,0.058,0,TRUE,735,"can_tho,da_nang,hanoi,hcmc,pleiku",TRUE,TRUE,TRUE
gas_station,Automotive & Transport,1,taxonomy,Necessary,Necessary,"{""Necessary"": 0.214, ""Social"": 0.195, ""Optional"": 0.031}",0.214,0.195,0.031,1,TRUE,721,"can_tho,da_nang,hanoi,hcmc,pleiku",FALSE,TRUE,TRUE
linen,Accommodation & Travel,0.124,bart,Social,Social|Optional|Necessary,"{""Social"": 0.942, ""Optional"": 0.808, ""Necessary"": 0.542}",0.542,0.942,0.808,1,TRUE,688,"can_tho,da_nang,hanoi,hcmc,pleiku",TRUE,TRUE,TRUE
office_equipment,Retail & Shopping,1,taxonomy,Optional,Optional,"{""Optional"": 0.118, ""Necessary"": 0.109, ""Social"": 0.074}",0.109,0.074,0.118,1,TRUE,686,"can_tho,da_nang,hanoi,hcmc,pleiku",FALSE,TRUE,TRUE
pizza_restaurant,Food & Drink,1,taxonomy,Social,Social,"{""Social"": 0.118, ""Necessary"": 0.009, ""Optional"": 0.004}",0.009,0.118,0.004,1,TRUE,673,"can_tho,da_nang,hanoi,hcmc",FALSE,TRUE,TRUE
theme_restaurant,Food & Drink,1,taxonomy,Social,Social,"{""Social"": 0.292, ""Optional"": 0.029, ""Necessary"": 0.012}",0.012,0.292,0.029,1,TRUE,666,"can_tho,da_nang,hanoi,hcmc,pleiku",FALSE,TRUE,TRUE
surgical_appliances_and_supplies,Business & Professional Services,1,taxonomy,Social,Social,"{""Social"": 0.038, ""Necessary"": 0.013, ""Optional"": 0.001}",0.013,0.038,0.001,1,TRUE,665,"can_tho,da_nang,hanoi,hcmc,pleiku",FALSE,TRUE,TRUE
business_advertising,Business & Professional Services,1,taxonomy,Social,Social,"{""Social"": 0.343, ""Necessary"": 0.272, ""Optional"": 0.174}",0.272,0.343,0.174,1,TRUE,663,"can_tho,da_nang,hanoi,hcmc",FALSE,TRUE,TRUE
breakfast_and_brunch_restaurant,Food & Drink,1,taxonomy,Social,Social,"{""Social"": 0.267, ""Necessary"": 0.023, ""Optional"": 0.001}",0.023,0.267,0.001,1,TRUE,635,"can_tho,da_nang,hanoi,hcmc,pleiku",FALSE,TRUE,TRUE
pharmaceutical_companies,Business & Professional Services,1,taxonomy,Necessary,Necessary,"{""Necessary"": 0.184, ""Social"": 0.143, ""Optional"": 0.037}",0.184,0.143,0.037,1,TRUE,633,"can_tho,da_nang,hanoi,hcmc,pleiku",FALSE,TRUE,TRUE
fruits_and_vegetables,Agriculture & Industry,0.248,bart,Social,Social,"{""Social"": 0.823, ""Necessary"": 0.199, ""Optional"": 0.186}",0.199,0.823,0.186,1,TRUE,627,"can_tho,da_nang,hanoi,hcmc,pleiku",TRUE,FALSE,TRUE
stadium_arena,Recreation & Sport,1,taxonomy,Optional,Optional,"{""Optional"": 0.307, ""Necessary"": 0.138, ""Social"": 0.033}",0.138,0.033,0.307,1,TRUE,614,"can_tho,da_nang,hanoi,hcmc,pleiku",FALSE,TRUE,TRUE
e_cigarette_store,Retail & Shopping,1,taxonomy,Social,Social,"{""Social"": 0.334, ""Necessary"": 0.082, ""Optional"": 0.071}",0.082,0.334,0.071,1,TRUE,589,"can_tho,da_nang,hanoi,hcmc,pleiku",FALSE,TRUE,TRUE
hair_supply_stores,Retail & Shopping,1,taxonomy,Social,Social,"{""Social"": 0.363, ""Necessary"": 0.035, ""Optional"": 0.01}",0.035,0.363,0.01,1,TRUE,568,"can_tho,da_nang,hanoi,hcmc,pleiku",FALSE,TRUE,TRUE
medical_center,Healthcare,1,taxonomy,Social,Social,"{""Social"": 0.221, ""Necessary"": 0.164, ""Optional"": 0.004}",0.164,0.221,0.004,0,TRUE,567,"can_tho,da_nang,hanoi,hcmc,pleiku",FALSE,TRUE,TRUE
organic_grocery_store,Daily Needs & Grocery,1,taxonomy,Necessary,Necessary,"{""Necessary"": 0.226, ""Social"": 0.136, ""Optional"": 0.002}",0.226,0.136,0.002,1,TRUE,546,"can_tho,da_nang,hanoi,hcmc,pleiku",FALSE,TRUE,TRUE
painting,Home & Garden Services,1,taxonomy,Social,Social,"{""Social"": 0.441, ""Optional"": 0.118, ""Necessary"": 0.011}",0.011,0.441,0.118,1,TRUE,541,"can_tho,da_nang,hanoi,hcmc,pleiku",FALSE,TRUE,TRUE
audio_visual_equipment_store,Retail & Shopping,1,taxonomy,Social,Social,"{""Social"": 0.113, ""Necessary"": 0.057, ""Optional"": 0.034}",0.057,0.113,0.034,1,TRUE,540,"can_tho,da_nang,hanoi,hcmc,pleiku",FALSE,TRUE,TRUE
b2b_science_and_technology,Business & Professional Services,1,taxonomy,Social,Social,"{""Social"": 0.363, ""Optional"": 0.055, ""Necessary"": 0.053}",0.053,0.363,0.055,1,TRUE,537,"can_tho,da_nang,hanoi,hcmc,pleiku",FALSE,TRUE,TRUE
sports_wear,Recreation & Sport,0.254,bart,Social,Social|Optional,"{""Social"": 0.941, ""Optional"": 0.881, ""Necessary"": 0.297}",0.297,0.941,0.881,1,TRUE,501,"can_tho,da_nang,hanoi,hcmc",TRUE,FALSE,TRUE
pawn_shop,Retail & Shopping,1,taxonomy,Social,Social,"{""Social"": 0.159, ""Optional"": 0.02, ""Necessary"": 0.007}",0.007,0.159,0.02,1,TRUE,500,"can_tho,da_nang,hanoi,hcmc,pleiku",FALSE,TRUE,TRUE
travel_company,Business & Professional Services,1,taxonomy,Social,Social|Optional|Necessary,"{""Social"": 0.948, ""Optional"": 0.891, ""Necessary"": 0.683}",0.683,0.948,0.891,1,TRUE,463,"can_tho,da_nang,hanoi,hcmc",FALSE,TRUE,TRUE
passport_and_visa_services,Accommodation & Travel,1,taxonomy,Social,Social,"{""Social"": 0.116, ""Necessary"": 0.061, ""Optional"": 0.003}",0.061,0.116,0.003,1,TRUE,457,"da_nang,hanoi,hcmc",FALSE,TRUE,TRUE
martial_arts_club,Recreation & Sport,1,taxonomy,Social,Social,"{""Social"": 0.268, ""Optional"": 0.095, ""Necessary"": 0.012}",0.012,0.268,0.095,1,TRUE,451,"can_tho,da_nang,hanoi,hcmc",FALSE,TRUE,TRUE
tire_dealer_and_repair,Automotive & Transport,1,taxonomy,Necessary,Necessary,"{""Necessary"": 0.144, ""Social"": 0.034, ""Optional"": 0.001}",0.144,0.034,0.001,1,TRUE,436,"can_tho,da_nang,hanoi,hcmc,pleiku",FALSE,TRUE,TRUE
storage_facility,Business & Professional Services,1,taxonomy,Social,Social,"{""Social"": 0.075, ""Necessary"": 0.056, ""Optional"": 0.026}",0.056,0.075,0.026,1,TRUE,417,"can_tho,da_nang,hanoi,hcmc,pleiku",FALSE,TRUE,TRUE
desserts,Food & Drink,0.142,bart,Social,Social,"{""Social"": 0.845, ""Optional"": 0.155, ""Necessary"": 0.005}",0.005,0.845,0.155,1,TRUE,416,"can_tho,da_nang,hanoi,hcmc,pleiku",TRUE,FALSE,TRUE
b2b_energy_and_mining,Business & Professional Services,1,taxonomy,Social,Social,"{""Social"": 0.234, ""Necessary"": 0.018, ""Optional"": 0.006}",0.018,0.234,0.006,1,TRUE,414,"can_tho,da_nang,hanoi,hcmc,pleiku",FALSE,TRUE,TRUE
physical_therapy,Healthcare,1,taxonomy,Social,Social,"{""Social"": 0.071, ""Necessary"": 0.061, ""Optional"": 0.002}",0.061,0.071,0.002,0,TRUE,411,"can_tho,da_nang,hanoi,hcmc,pleiku",FALSE,TRUE,TRUE
home_and_garden,Home & Garden Services,0.286,bart,Social,Social,"{""Social"": 0.942, ""Optional"": 0.458, ""Necessary"": 0.028}",0.028,0.942,0.458,1,TRUE,407,"can_tho,da_nang,hanoi,hcmc,pleiku",TRUE,FALSE,TRUE
sushi_restaurant,Food & Drink,1,taxonomy,Social,Social,"{""Social"": 0.251, ""Necessary"": 0.007, ""Optional"": 0.006}",0.007,0.251,0.006,1,TRUE,407,"can_tho,da_nang,hanoi,hcmc",FALSE,TRUE,TRUE
fitness_trainer,Recreation & Sport,1,taxonomy,Social,Social,"{""Social"": 0.372, ""Necessary"": 0.193, ""Optional"": 0.026}",0.193,0.372,0.026,1,TRUE,403,"can_tho,da_nang,hanoi,hcmc,pleiku",FALSE,TRUE,TRUE
b2b_electronic_equipment,Healthcare,0.159,bart,Social,Social,"{""Social"": 0.61, ""Optional"": 0.367, ""Necessary"": 0.15}",0.15,0.61,0.367,0,TRUE,401,"can_tho,da_nang,hanoi,hcmc",TRUE,FALSE,TRUE
environmental_conservation_organization,Agriculture & Industry,1,taxonomy,Social,Social,"{""Social"": 0.14, ""Necessary"": 0.011, ""Optional"": 0.006}",0.011,0.14,0.006,1,TRUE,364,"can_tho,da_nang,hanoi,hcmc,pleiku",FALSE,TRUE,TRUE
investing,Business & Professional Services,1,taxonomy,Social,Social,"{""Social"": 0.165, ""Necessary"": 0.019, ""Optional"": 0.004}",0.019,0.165,0.004,1,TRUE,363,"can_tho,da_nang,hanoi,hcmc,pleiku",FALSE,TRUE,TRUE
cinema,Culture & Arts,0.588,bart,Necessary,Necessary,"{""Necessary"": 0.058, ""Social"": 0.018, ""Optional"": 0.012}",0.058,0.018,0.012,1,TRUE,362,"can_tho,da_nang,hanoi,hcmc,pleiku",FALSE,TRUE,TRUE
water_treatment_equipment_and_services,Business & Professional Services,1,taxonomy,Social,Social,"{""Social"": 0.316, ""Necessary"": 0.042, ""Optional"": 0.032}",0.042,0.316,0.032,1,TRUE,359,"can_tho,da_nang,hanoi,hcmc,pleiku",FALSE,TRUE,TRUE
beach,Recreation & Sport,1,taxonomy,Social,Social,"{""Social"": 0.455, ""Optional"": 0.063, ""Necessary"": 0.002}",0.002,0.455,0.063,1,TRUE,345,"can_tho,da_nang,hanoi,hcmc,pleiku",FALSE,TRUE,TRUE
dance_school,Education,0.172,bart,Social,Social,"{""Social"": 0.52, ""Necessary"": 0.017, ""Optional"": 0.009}",0.017,0.52,0.009,0,TRUE,329,"can_tho,da_nang,hanoi,hcmc,pleiku",TRUE,FALSE,TRUE
massage_therapy,Beauty & Personal Care,1,taxonomy,Social,Social,"{""Social"": 0.192, ""Necessary"": 0.022, ""Optional"": 0.005}",0.022,0.192,0.005,1,TRUE,327,"can_tho,da_nang,hanoi,hcmc,pleiku",FALSE,TRUE,TRUE
airline,Automotive & Transport,1,taxonomy,Social,Social,"{""Social"": 0.265, ""Optional"": 0.226, ""Necessary"": 0.156}",0.156,0.265,0.226,1,TRUE,327,"can_tho,da_nang,hanoi,hcmc",FALSE,TRUE,TRUE
landscaping,Home & Garden Services,1,taxonomy,Optional,Optional,"{""Optional"": 0.196, ""Social"": 0.094, ""Necessary"": 0.082}",0.082,0.094,0.196,1,TRUE,321,"can_tho,da_nang,hanoi,hcmc,pleiku",FALSE,TRUE,TRUE
parking,Automotive & Transport,1,taxonomy,Necessary,Necessary,"{""Necessary"": 0.361, ""Social"": 0.075, ""Optional"": 0.065}",0.361,0.075,0.065,1,TRUE,320,"can_tho,da_nang,hanoi,hcmc",FALSE,TRUE,TRUE
soup_restaurant,Food & Drink,1,taxonomy,Social,Social,"{""Social"": 0.34, ""Necessary"": 0.025, ""Optional"": 0.008}",0.025,0.34,0.008,1,TRUE,320,"can_tho,da_nang,hanoi,hcmc",FALSE,TRUE,TRUE
merchandising_service,Business & Professional Services,1,taxonomy,Necessary,Necessary,"{""Necessary"": 0.193, ""Social"": 0.105, ""Optional"": 0.004}",0.193,0.105,0.004,1,TRUE,307,"can_tho,da_nang,hanoi,hcmc",FALSE,TRUE,TRUE
commercial_real_estate,Business & Professional Services,1,taxonomy,Social,Social,"{""Social"": 0.353, ""Necessary"": 0.17, ""Optional"": 0.009}",0.17,0.353,0.009,1,TRUE,307,"can_tho,da_nang,hanoi,hcmc",FALSE,TRUE,TRUE
superstore,Daily Needs & Grocery,1,taxonomy,Necessary,Necessary,"{""Necessary"": 0.232, ""Optional"": 0.134, ""Social"": 0.05}",0.232,0.05,0.134,1,TRUE,302,"can_tho,da_nang,hanoi,hcmc,pleiku",FALSE,TRUE,TRUE
educational_research_institute,Education,1,taxonomy,Social,Social,"{""Social"": 0.015, ""Necessary"": 0.003, ""Optional"": 0.001}",0.003,0.015,0.001,0,TRUE,302,"can_tho,da_nang,hanoi,hcmc,pleiku",FALSE,TRUE,TRUE
food_delivery_service,Food & Drink,1,taxonomy,Social,Social,"{""Social"": 0.295, ""Necessary"": 0.206, ""Optional"": 0.002}",0.206,0.295,0.002,1,TRUE,299,"can_tho,da_nang,hanoi,hcmc,pleiku",FALSE,TRUE,TRUE
pilates_studio,Recreation & Sport,1,taxonomy,Social,Social,"{""Social"": 0.268, ""Necessary"": 0.095, ""Optional"": 0.011}",0.095,0.268,0.011,1,TRUE,291,"da_nang,hanoi,hcmc",FALSE,TRUE,TRUE
armed_forces_branch,Civic & Government,1,taxonomy,Social,Social,"{""Social"": 0.347, ""Optional"": 0.025, ""Necessary"": 0.022}",0.022,0.347,0.025,0,TRUE,289,"can_tho,da_nang,hanoi,hcmc,pleiku",FALSE,TRUE,TRUE
hunting_and_fishing_supplies,Civic & Government,0.127,bart,Optional,Optional,"{""Optional"": 0.014, ""Social"": 0.006, ""Necessary"": 0.003}",0.003,0.006,0.014,0,TRUE,277,"can_tho,da_nang,hanoi,hcmc,pleiku",TRUE,TRUE,TRUE
bar_and_grill_restaurant,Food & Drink,1,taxonomy,Social,Social,"{""Social"": 0.121, ""Necessary"": 0.01, ""Optional"": 0.003}",0.01,0.121,0.003,1,TRUE,275,"can_tho,da_nang,hanoi,hcmc",FALSE,TRUE,TRUE
political_organization,Civic & Government,1,taxonomy,Social,Social,"{""Social"": 0.286, ""Necessary"": 0.047, ""Optional"": 0.009}",0.047,0.286,0.009,0,TRUE,275,"can_tho,da_nang,hanoi,hcmc,pleiku",FALSE,TRUE,TRUE
obstetrician_and_gynecologist,Healthcare,1,taxonomy,Social,Social,"{""Social"": 0.263, ""Necessary"": 0.09, ""Optional"": 0.004}",0.09,0.263,0.004,0,TRUE,271,"can_tho,da_nang,hanoi,hcmc,pleiku",FALSE,TRUE,TRUE
psychic,Accommodation & Travel,0.123,bart,Social,Social,"{""Social"": 0.843, ""Optional"": 0.104, ""Necessary"": 0.069}",0.069,0.843,0.104,1,TRUE,265,"can_tho,da_nang,hanoi,hcmc,pleiku",TRUE,FALSE,TRUE
airport,Automotive & Transport,1,taxonomy,Social,Social,"{""Social"": 0.115, ""Optional"": 0.082, ""Necessary"": 0.069}",0.069,0.115,0.082,1,TRUE,259,"can_tho,da_nang,hanoi,hcmc,pleiku",FALSE,TRUE,TRUE
buffet_restaurant,Food & Drink,1,taxonomy,Social,Social,"{""Social"": 0.041, ""Necessary"": 0.011, ""Optional"": 0.002}",0.011,0.041,0.002,1,TRUE,251,"can_tho,da_nang,hanoi,hcmc,pleiku",FALSE,TRUE,TRUE
badminton_court,Recreation & Sport,1,taxonomy,Optional,Optional,"{""Optional"": 0.416, ""Social"": 0.357, ""Necessary"": 0.042}",0.042,0.357,0.416,1,TRUE,248,"can_tho,da_nang,hanoi,hcmc,pleiku",FALSE,TRUE,TRUE
glass_and_mirror_sales_service,Home & Garden Services,1,taxonomy,Social,Social,"{""Social"": 0.291, ""Optional"": 0.077, ""Necessary"": 0.077}",0.077,0.291,0.077,1,TRUE,246,"can_tho,da_nang,hanoi,hcmc,pleiku",FALSE,TRUE,TRUE
library,Community & Religion,1,taxonomy,Social,Social,"{""Social"": 0.165, ""Necessary"": 0.073, ""Optional"": 0.071}",0.073,0.165,0.071,1,TRUE,242,"can_tho,da_nang,hanoi,hcmc",FALSE,TRUE,TRUE
electric_utility_provider,Utilities & Infrastructure,1,taxonomy,Social,Social,"{""Social"": 0.482, ""Necessary"": 0.153, ""Optional"": 0.068}",0.153,0.482,0.068,1,TRUE,235,"can_tho,da_nang,hanoi,hcmc,pleiku",FALSE,TRUE,TRUE
steakhouse,Food & Drink,1,taxonomy,Social,Social,"{""Social"": 0.101, ""Necessary"": 0.018, ""Optional"": 0.015}",0.018,0.101,0.015,1,TRUE,233,"can_tho,da_nang,hanoi,hcmc",FALSE,TRUE,TRUE
mass_media,Automotive & Transport,0.114,bart,Social,Social|Optional,"{""Social"": 0.934, ""Optional"": 0.651, ""Necessary"": 0.299}",0.299,0.934,0.651,1,TRUE,231,"can_tho,da_nang,hanoi,hcmc,pleiku",TRUE,FALSE,TRUE
solar_installation,Home & Garden Services,1,taxonomy,Social,Social,"{""Social"": 0.409, ""Optional"": 0.245, ""Necessary"": 0.125}",0.125,0.409,0.245,1,TRUE,228,"can_tho,da_nang,hanoi,hcmc,pleiku",FALSE,TRUE,TRUE
hobby_shop,Retail & Shopping,1,taxonomy,Social,Social,"{""Social"": 0.412, ""Optional"": 0.193, ""Necessary"": 0.003}",0.003,0.412,0.193,1,TRUE,227,"can_tho,da_nang,hanoi,hcmc",FALSE,TRUE,TRUE
italian_restaurant,Food & Drink,1,taxonomy,Social,Social,"{""Social"": 0.42, ""Optional"": 0.023, ""Necessary"": 0.021}",0.021,0.42,0.023,1,TRUE,222,"can_tho,da_nang,hanoi,hcmc",FALSE,TRUE,TRUE
souvenir_shop,Retail & Shopping,0.09,bart,Social,Social,"{""Social"": 0.348, ""Necessary"": 0.024, ""Optional"": 0.007}",0.024,0.348,0.007,1,TRUE,220,"can_tho,da_nang,hanoi,hcmc",TRUE,TRUE,TRUE
video_game_store,Retail & Shopping,1,taxonomy,Social,Social,"{""Social"": 0.491, ""Optional"": 0.071, ""Necessary"": 0.029}",0.029,0.491,0.071,1,TRUE,220,"can_tho,da_nang,hanoi,hcmc",FALSE,TRUE,TRUE
restaurant_equipment_and_supply,Business & Professional Services,1,taxonomy,Social,Social,"{""Social"": 0.042, ""Necessary"": 0.013, ""Optional"": 0.008}",0.013,0.042,0.008,1,TRUE,211,"can_tho,da_nang,hanoi,hcmc",FALSE,TRUE,TRUE
plumbing,Home & Garden Services,1,taxonomy,Social,Social,"{""Social"": 0.223, ""Necessary"": 0.051, ""Optional"": 0.031}",0.051,0.223,0.031,1,TRUE,197,"can_tho,da_nang,hanoi,hcmc",FALSE,TRUE,TRUE
theatre,Culture & Arts,0.471,bart,Necessary,Necessary,"{""Necessary"": 0.009, ""Social"": 0.006, ""Optional"": 0.005}",0.009,0.006,0.005,1,TRUE,196,"can_tho,da_nang,hanoi,hcmc",FALSE,TRUE,TRUE
key_and_locksmith,Home & Garden Services,1,taxonomy,Social,Social,"{""Social"": 0.499, ""Necessary"": 0.258, ""Optional"": 0.018}",0.258,0.499,0.018,1,TRUE,194,"can_tho,da_nang,hanoi,hcmc",FALSE,TRUE,TRUE
medical_research_and_development,Business & Professional Services,1,taxonomy,Social,Social,"{""Social"": 0.255, ""Necessary"": 0.047, ""Optional"": 0.001}",0.047,0.255,0.001,1,TRUE,189,"can_tho,da_nang,hanoi,hcmc",FALSE,TRUE,TRUE
automation_services,Business & Professional Services,1,taxonomy,Necessary,Necessary,"{""Necessary"": 0.225, ""Social"": 0.215, ""Optional"": 0.048}",0.225,0.215,0.048,1,TRUE,188,"can_tho,da_nang,hanoi,hcmc",FALSE,TRUE,TRUE
funeral_services_and_cemeteries,Daily Needs & Grocery,0.147,bart,Social,Social,"{""Social"": 0.001, ""Necessary"": 0.001, ""Optional"": 0.0}",0.001,0.001,0,1,TRUE,186,"can_tho,da_nang,hanoi,hcmc,pleiku",TRUE,TRUE,TRUE
laboratory_testing,Healthcare,1,taxonomy,Necessary,Necessary,"{""Necessary"": 0.01, ""Social"": 0.002, ""Optional"": 0.001}",0.01,0.002,0.001,0,TRUE,175,"can_tho,da_nang,hanoi,hcmc,pleiku",FALSE,TRUE,TRUE
environmental_and_ecological_services_for_businesses,Business & Professional Services,0.354,bart,Necessary,Necessary,"{""Necessary"": 0.006, ""Social"": 0.004, ""Optional"": 0.001}",0.006,0.004,0.001,1,TRUE,174,"can_tho,da_nang,hanoi,hcmc",FALSE,TRUE,TRUE
fire_protection_service,Home & Garden Services,1,taxonomy,Necessary,Necessary,"{""Necessary"": 0.025, ""Social"": 0.014, ""Optional"": 0.002}",0.025,0.014,0.002,1,TRUE,172,"can_tho,da_nang,hanoi,hcmc",FALSE,TRUE,TRUE
plastic_company,Agriculture & Industry,0.136,bart,Social,Social|Optional,"{""Social"": 0.89, ""Optional"": 0.638, ""Necessary"": 0.161}",0.161,0.89,0.638,1,TRUE,171,"can_tho,da_nang,hanoi,hcmc,pleiku",TRUE,FALSE,TRUE
tobacco_shop,Daily Needs & Grocery,1,taxonomy,Social,Social,"{""Social"": 0.145, ""Necessary"": 0.007, ""Optional"": 0.002}",0.007,0.145,0.002,1,TRUE,167,"can_tho,da_nang,hanoi,hcmc",FALSE,TRUE,TRUE
furniture_assembly,Home & Garden Services,1,taxonomy,Social,Social,"{""Social"": 0.373, ""Necessary"": 0.168, ""Optional"": 0.05}",0.168,0.373,0.05,1,TRUE,166,"can_tho,da_nang,hanoi,hcmc,pleiku",FALSE,TRUE,TRUE
hat_shop,Retail & Shopping,0.317,bart,Social,Social|Optional,"{""Social"": 0.93, ""Optional"": 0.558, ""Necessary"": 0.18}",0.18,0.93,0.558,1,TRUE,165,"can_tho,da_nang,hanoi,hcmc",TRUE,FALSE,TRUE
specialty_foods,Food & Drink,0.283,bart,Social,Social,"{""Social"": 0.756, ""Necessary"": 0.032, ""Optional"": 0.012}",0.032,0.756,0.012,1,TRUE,162,"can_tho,da_nang,hanoi,hcmc,pleiku",TRUE,FALSE,TRUE
cooking_school,Education,1,taxonomy,Social,Social,"{""Social"": 0.26, ""Necessary"": 0.016, ""Optional"": 0.001}",0.016,0.26,0.001,0,TRUE,161,"can_tho,da_nang,hanoi,hcmc,pleiku",FALSE,TRUE,TRUE
pest_control_service,Home & Garden Services,1,taxonomy,Social,Social,"{""Social"": 0.056, ""Necessary"": 0.009, ""Optional"": 0.002}",0.009,0.056,0.002,1,TRUE,155,"can_tho,da_nang,hanoi,hcmc",FALSE,TRUE,TRUE
tennis_court,Recreation & Sport,1,taxonomy,Optional,Optional,"{""Optional"": 0.475, ""Social"": 0.396, ""Necessary"": 0.033}",0.033,0.396,0.475,1,TRUE,149,"can_tho,da_nang,hanoi,hcmc",FALSE,TRUE,TRUE
frozen_yoghurt_shop,Daily Needs & Grocery,0.118,bart,Social,Social,"{""Social"": 0.578, ""Necessary"": 0.051, ""Optional"": 0.018}",0.051,0.578,0.018,1,TRUE,148,"can_tho,da_nang,hanoi,hcmc",TRUE,FALSE,TRUE
football_stadium,Recreation & Sport,1,taxonomy,Optional,Optional,"{""Optional"": 0.433, ""Necessary"": 0.042, ""Social"": 0.004}",0.042,0.004,0.433,1,TRUE,146,"can_tho,da_nang,hanoi,hcmc,pleiku",FALSE,TRUE,TRUE
thrift_store,Retail & Shopping,0.119,bart,Social,Social,"{""Social"": 0.741, ""Optional"": 0.177, ""Necessary"": 0.03}",0.03,0.741,0.177,1,TRUE,144,"can_tho,da_nang,hanoi,hcmc",TRUE,FALSE,TRUE
medical_spa,Beauty & Personal Care,1,taxonomy,Social,Social,"{""Social"": 0.333, ""Necessary"": 0.034, ""Optional"": 0.004}",0.034,0.333,0.004,1,TRUE,141,"can_tho,da_nang,hanoi,hcmc,pleiku",FALSE,TRUE,TRUE
gift_shop,Retail & Shopping,1,taxonomy,Social,Social,"{""Social"": 0.328, ""Optional"": 0.014, ""Necessary"": 0.012}",0.012,0.328,0.014,1,TRUE,136,"can_tho,da_nang,hanoi,hcmc",FALSE,TRUE,TRUE
eye_care_clinic,Healthcare,1,taxonomy,Necessary,Necessary,"{""Necessary"": 0.185, ""Social"": 0.09, ""Optional"": 0.001}",0.185,0.09,0.001,0,TRUE,133,"can_tho,da_nang,hanoi,hcmc,pleiku",FALSE,TRUE,TRUE
janitorial_services,Business & Professional Services,1,taxonomy,Social,Social,"{""Social"": 0.096, ""Necessary"": 0.03, ""Optional"": 0.003}",0.03,0.096,0.003,1,TRUE,132,"can_tho,da_nang,hanoi,hcmc",FALSE,TRUE,TRUE
french_restaurant,Food & Drink,1,taxonomy,Social,Social,"{""Social"": 0.443, ""Optional"": 0.025, ""Necessary"": 0.025}",0.025,0.443,0.025,1,TRUE,131,"da_nang,hanoi,hcmc,pleiku",FALSE,TRUE,TRUE
topic_publisher,Healthcare,0.142,bart,Social,Social|Optional,"{""Social"": 0.956, ""Optional"": 0.603, ""Necessary"": 0.392}",0.392,0.956,0.603,0,TRUE,124,"can_tho,da_nang,hanoi,hcmc",TRUE,FALSE,TRUE
adult_entertainment,Culture & Arts,0.262,bart,Optional,Optional|Social,"{""Optional"": 0.947, ""Social"": 0.862, ""Necessary"": 0.001}",0.001,0.862,0.947,1,TRUE,122,"can_tho,da_nang,hanoi,hcmc,pleiku",TRUE,FALSE,TRUE
health_food_restaurant,Food & Drink,1,taxonomy,Social,Social,"{""Social"": 0.113, ""Necessary"": 0.049, ""Optional"": 0.002}",0.049,0.113,0.002,1,TRUE,121,"can_tho,da_nang,hanoi,hcmc",FALSE,TRUE,TRUE
emergency_roadside_service,Automotive & Transport,1,taxonomy,Social,Social,"{""Social"": 0.008, ""Necessary"": 0.003, ""Optional"": 0.0}",0.003,0.008,0,1,TRUE,121,"hanoi,hcmc",FALSE,TRUE,TRUE
tanning_salon,Beauty & Personal Care,1,taxonomy,Social,Social,"{""Social"": 0.257, ""Necessary"": 0.032, ""Optional"": 0.019}",0.032,0.257,0.019,1,TRUE,120,"can_tho,da_nang,hanoi,hcmc",FALSE,TRUE,TRUE
courthouse,Civic & Government,1,taxonomy,Optional,Optional,"{""Optional"": 0.105, ""Social"": 0.077, ""Necessary"": 0.018}",0.018,0.077,0.105,0,TRUE,117,"can_tho,da_nang,hanoi,hcmc",FALSE,TRUE,TRUE
used_vintage_and_consignment,Civic & Government,0.142,bart,Social,Social,"{""Social"": 0.654, ""Optional"": 0.137, ""Necessary"": 0.022}",0.022,0.654,0.137,0,TRUE,115,"can_tho,da_nang,hanoi,hcmc,pleiku",TRUE,FALSE,TRUE
life_coach,Beauty & Personal Care,1,taxonomy,Social,Social|Optional|Necessary,"{""Social"": 0.941, ""Optional"": 0.721, ""Necessary"": 0.592}",0.592,0.941,0.721,1,TRUE,113,"can_tho,da_nang,hanoi,hcmc",FALSE,TRUE,TRUE
computer_coaching,Education,1,taxonomy,Social,Social,"{""Social"": 0.419, ""Necessary"": 0.039, ""Optional"": 0.006}",0.039,0.419,0.006,0,TRUE,109,"can_tho,da_nang,hanoi,hcmc",FALSE,TRUE,TRUE
public_plaza,Civic & Government,1,taxonomy,Social,Social|Optional|Necessary,"{""Social"": 0.992, ""Optional"": 0.919, ""Necessary"": 0.599}",0.599,0.992,0.919,0,TRUE,108,"can_tho,da_nang,hanoi,hcmc",FALSE,TRUE,TRUE
movers,Home & Garden Services,1,taxonomy,Social,Social|Necessary|Optional,"{""Social"": 0.852, ""Necessary"": 0.727, ""Optional"": 0.59}",0.727,0.852,0.59,1,TRUE,107,"can_tho,da_nang,hanoi,hcmc",FALSE,TRUE,TRUE
driving_range,Recreation & Sport,1,taxonomy,Necessary,Necessary|Optional|Social,"{""Necessary"": 0.737, ""Optional"": 0.709, ""Social"": 0.698}",0.737,0.698,0.709,1,TRUE,106,"can_tho,da_nang,hanoi,hcmc",FALSE,TRUE,TRUE
structure_and_geography,Healthcare,0.148,bart,Social,Social,"{""Social"": 0.325, ""Necessary"": 0.083, ""Optional"": 0.045}",0.083,0.325,0.045,0,TRUE,104,"can_tho,da_nang,hanoi,hcmc",TRUE,TRUE,TRUE
motorcycle_rentals,Automotive & Transport,0.28,bart,Social,Social,"{""Social"": 0.371, ""Necessary"": 0.346, ""Optional"": 0.337}",0.346,0.371,0.337,1,TRUE,99,"can_tho,da_nang,hanoi,hcmc,pleiku",TRUE,TRUE,TRUE
auto_manufacturers_and_distributors,Automotive & Transport,0.439,bart,Social,Social,"{""Social"": 0.207, ""Necessary"": 0.18, ""Optional"": 0.087}",0.18,0.207,0.087,1,TRUE,99,"da_nang,hanoi,hcmc",FALSE,TRUE,TRUE
educational_supply_store,Retail & Shopping,1,taxonomy,Necessary,Necessary,"{""Necessary"": 0.008, ""Social"": 0.001, ""Optional"": 0.0}",0.008,0.001,0,1,TRUE,99,"da_nang,hanoi,hcmc,pleiku",FALSE,TRUE,TRUE
monument,Culture & Arts,1,taxonomy,Optional,Optional,"{""Optional"": 0.064, ""Necessary"": 0.019, ""Social"": 0.016}",0.019,0.016,0.064,1,TRUE,99,"can_tho,da_nang,hanoi,hcmc",FALSE,TRUE,TRUE
movie_television_studio,Business & Professional Services,1,taxonomy,Social,Social,"{""Social"": 0.106, ""Optional"": 0.023, ""Necessary"": 0.007}",0.007,0.106,0.023,1,TRUE,98,"can_tho,da_nang,hanoi,hcmc",FALSE,TRUE,TRUE
burger_restaurant,Food & Drink,1,taxonomy,Social,Social,"{""Social"": 0.28, ""Necessary"": 0.018, ""Optional"": 0.013}",0.018,0.28,0.013,1,TRUE,96,"can_tho,da_nang,hanoi,hcmc",FALSE,TRUE,TRUE
winery,Food & Drink,1,taxonomy,Social,Social,"{""Social"": 0.415, ""Optional"": 0.246, ""Necessary"": 0.009}",0.009,0.415,0.246,1,TRUE,96,"can_tho,da_nang,hanoi,hcmc",FALSE,TRUE,TRUE
motel,Accommodation & Travel,1,taxonomy,Social,Social,"{""Social"": 0.072, ""Optional"": 0.02, ""Necessary"": 0.013}",0.013,0.072,0.02,1,TRUE,94,"can_tho,da_nang,hanoi,hcmc,pleiku",FALSE,TRUE,TRUE
dim_sum_restaurant,Food & Drink,1,taxonomy,Social,Social,"{""Social"": 0.277, ""Necessary"": 0.009, ""Optional"": 0.006}",0.009,0.277,0.006,1,TRUE,90,"can_tho,da_nang,hanoi,hcmc",FALSE,TRUE,TRUE
private_school,Education,1,taxonomy,Social,Social,"{""Social"": 0.49, ""Optional"": 0.043, ""Necessary"": 0.003}",0.003,0.49,0.043,0,TRUE,89,"can_tho,da_nang,hanoi,hcmc",FALSE,TRUE,TRUE
fertility,Agriculture & Industry,0.182,bart,Social,Social,"{""Social"": 0.87, ""Optional"": 0.276, ""Necessary"": 0.044}",0.044,0.87,0.276,1,TRUE,85,"can_tho,da_nang,hanoi,hcmc",TRUE,FALSE,TRUE
orthodontist,Healthcare,1,taxonomy,Social,Social,"{""Social"": 0.458, ""Necessary"": 0.042, ""Optional"": 0.008}",0.042,0.458,0.008,0,TRUE,83,"can_tho,da_nang,hanoi,hcmc",FALSE,TRUE,TRUE
bed_and_breakfast,Accommodation & Travel,1,taxonomy,Social,Social,"{""Social"": 0.172, ""Necessary"": 0.007, ""Optional"": 0.002}",0.007,0.172,0.002,1,TRUE,81,"can_tho,da_nang,hanoi,hcmc",FALSE,TRUE,TRUE
traffic_school,Education,1,taxonomy,Social,Social,"{""Social"": 0.25, ""Necessary"": 0.139, ""Optional"": 0.004}",0.139,0.25,0.004,0,TRUE,79,"can_tho,da_nang,hanoi,hcmc",FALSE,TRUE,TRUE
septic_services,Utilities & Infrastructure,1,taxonomy,Social,Social,"{""Social"": 0.489, ""Necessary"": 0.092, ""Optional"": 0.057}",0.092,0.489,0.057,1,TRUE,79,"can_tho,hanoi,hcmc",FALSE,TRUE,TRUE
credit_and_debt_counseling,Business & Professional Services,1,taxonomy,Social,Social,"{""Social"": 0.035, ""Necessary"": 0.008, ""Optional"": 0.0}",0.008,0.035,0,1,TRUE,77,"can_tho,da_nang,hanoi,hcmc",FALSE,TRUE,TRUE
music_and_dvd_store,Retail & Shopping,1,taxonomy,Social,Social,"{""Social"": 0.346, ""Necessary"": 0.027, ""Optional"": 0.013}",0.027,0.346,0.013,1,TRUE,76,"da_nang,hanoi,hcmc",FALSE,TRUE,TRUE
outdoor_gear,Recreation & Sport,0.325,bart,Social,Social|Optional,"{""Social"": 0.978, ""Optional"": 0.943, ""Necessary"": 0.296}",0.296,0.978,0.943,1,TRUE,74,"can_tho,da_nang,hanoi,hcmc",TRUE,FALSE,TRUE
live_and_raw_food_restaurant,Food & Drink,1,taxonomy,Social,Social,"{""Social"": 0.009, ""Necessary"": 0.002, ""Optional"": 0.001}",0.002,0.009,0.001,1,TRUE,71,"can_tho,da_nang,hanoi,hcmc",FALSE,TRUE,TRUE
prosthodontist,Healthcare,1,taxonomy,Social,Social,"{""Social"": 0.414, ""Necessary"": 0.034, ""Optional"": 0.014}",0.034,0.414,0.014,0,TRUE,69,"can_tho,da_nang,hanoi,hcmc",FALSE,TRUE,TRUE
hotel_supply_service,Business & Professional Services,1,taxonomy,Social,Social,"{""Social"": 0.335, ""Necessary"": 0.068, ""Optional"": 0.019}",0.068,0.335,0.019,1,TRUE,68,"can_tho,da_nang,hanoi,hcmc",FALSE,TRUE,TRUE
public_school,Education,1,taxonomy,Social,Social,"{""Social"": 0.438, ""Optional"": 0.033, ""Necessary"": 0.014}",0.014,0.438,0.033,0,TRUE,68,"da_nang,hanoi,hcmc",FALSE,TRUE,TRUE
oil_change_station,Automotive & Transport,1,taxonomy,Necessary,Necessary,"{""Necessary"": 0.308, ""Social"": 0.047, ""Optional"": 0.004}",0.308,0.047,0.004,1,TRUE,68,"can_tho,da_nang,hanoi,hcmc",FALSE,TRUE,TRUE
vehicle_shipping,Automotive & Transport,1,taxonomy,Necessary,Necessary,"{""Necessary"": 0.309, ""Social"": 0.304, ""Optional"": 0.041}",0.309,0.304,0.041,1,TRUE,67,"can_tho,da_nang,hanoi,hcmc,pleiku",FALSE,TRUE,TRUE
chiropractor,Healthcare,1,taxonomy,Social,Social,"{""Social"": 0.251, ""Necessary"": 0.076, ""Optional"": 0.009}",0.076,0.251,0.009,0,TRUE,67,"can_tho,da_nang,hanoi,hcmc",FALSE,TRUE,TRUE
fishing_charter,Recreation & Sport,1,taxonomy,Social,Social,"{""Social"": 0.287, ""Optional"": 0.205, ""Necessary"": 0.01}",0.01,0.287,0.205,1,TRUE,63,"can_tho,da_nang,hanoi,hcmc",FALSE,TRUE,TRUE
meat_wholesaler,Business & Professional Services,1,taxonomy,Social,Social,"{""Social"": 0.483, ""Necessary"": 0.125, ""Optional"": 0.065}",0.125,0.483,0.065,1,TRUE,63,"can_tho,da_nang,hanoi,hcmc",FALSE,TRUE,TRUE
commercial_vehicle_dealer,Automotive & Transport,1,taxonomy,Necessary,Necessary,"{""Necessary"": 0.206, ""Social"": 0.051, ""Optional"": 0.014}",0.206,0.051,0.014,1,TRUE,63,"can_tho,da_nang,hanoi,hcmc",FALSE,TRUE,TRUE
bike_repair_maintenance,Business & Professional Services,1,taxonomy,Necessary,Necessary,"{""Necessary"": 0.376, ""Social"": 0.283, ""Optional"": 0.005}",0.376,0.283,0.005,1,TRUE,62,"can_tho,da_nang,hanoi,hcmc",FALSE,TRUE,TRUE
golf_course,Recreation & Sport,1,taxonomy,Optional,Optional,"{""Optional"": 0.343, ""Social"": 0.025, ""Necessary"": 0.011}",0.011,0.025,0.343,1,TRUE,60,"can_tho,da_nang,hanoi,hcmc,pleiku",FALSE,TRUE,TRUE
cosmetology_school,Education,1,taxonomy,Social,Social,"{""Social"": 0.43, ""Necessary"": 0.012, ""Optional"": 0.004}",0.012,0.43,0.004,0,TRUE,60,"can_tho,da_nang,hanoi,hcmc",FALSE,TRUE,TRUE
history_museum,Culture & Arts,1,taxonomy,Optional,Optional,"{""Optional"": 0.495, ""Social"": 0.034, ""Necessary"": 0.009}",0.009,0.034,0.495,1,TRUE,60,"can_tho,da_nang,hanoi,hcmc,pleiku",FALSE,TRUE,TRUE
womens_health_clinic,Healthcare,1,taxonomy,Necessary,Necessary,"{""Necessary"": 0.165, ""Social"": 0.085, ""Optional"": 0.002}",0.165,0.085,0.002,0,TRUE,58,"can_tho,da_nang,hanoi,hcmc",FALSE,TRUE,TRUE
limo_services,Automotive & Transport,1,taxonomy,Social,Social|Optional|Necessary,"{""Social"": 0.858, ""Optional"": 0.628, ""Necessary"": 0.564}",0.564,0.858,0.628,1,TRUE,58,"da_nang,hanoi,hcmc",FALSE,TRUE,TRUE
restaurant_wholesale,Business & Professional Services,1,taxonomy,Social,Social,"{""Social"": 0.039, ""Necessary"": 0.024, ""Optional"": 0.009}",0.024,0.039,0.009,1,TRUE,57,"da_nang,hanoi,hcmc",FALSE,TRUE,TRUE
casino,Recreation & Sport,1,taxonomy,Social,Social,"{""Social"": 0.119, ""Optional"": 0.034, ""Necessary"": 0.023}",0.023,0.119,0.034,1,TRUE,57,"can_tho,da_nang,hanoi,hcmc",FALSE,TRUE,TRUE
commercial_refrigeration,Business & Professional Services,1,taxonomy,Necessary,Necessary,"{""Necessary"": 0.157, ""Social"": 0.008, ""Optional"": 0.003}",0.157,0.008,0.003,1,TRUE,57,"can_tho,da_nang,hanoi,hcmc",FALSE,TRUE,TRUE
taiwanese_restaurant,Food & Drink,1,taxonomy,Social,Social,"{""Social"": 0.307, ""Optional"": 0.018, ""Necessary"": 0.013}",0.013,0.307,0.018,1,TRUE,56,"da_nang,hanoi,hcmc",FALSE,TRUE,TRUE
prenatal_perinatal_care,Healthcare,1,taxonomy,Social,Social,"{""Social"": 0.177, ""Necessary"": 0.018, ""Optional"": 0.0}",0.018,0.177,0,0,TRUE,55,"can_tho,da_nang,hanoi,hcmc",FALSE,TRUE,TRUE
meditation_center,Beauty & Personal Care,1,taxonomy,Social,Social,"{""Social"": 0.007, ""Optional"": 0.002, ""Necessary"": 0.001}",0.001,0.007,0.002,1,TRUE,53,"can_tho,da_nang,hanoi,hcmc",FALSE,TRUE,TRUE
travel_agents,Accommodation & Travel,1,taxonomy,Social,Social|Optional|Necessary,"{""Social"": 0.919, ""Optional"": 0.843, ""Necessary"": 0.622}",0.622,0.919,0.843,1,TRUE,53,"can_tho,da_nang,hanoi,hcmc",FALSE,TRUE,TRUE
business_to_business,Business & Professional Services,1,taxonomy,Necessary,Necessary,"{""Necessary"": 0.25, ""Social"": 0.005, ""Optional"": 0.002}",0.25,0.005,0.002,1,TRUE,53,"can_tho,da_nang,hanoi,hcmc",FALSE,TRUE,TRUE
vocational_and_technical_school,Education,1,taxonomy,Social,Social,"{""Social"": 0.029, ""Necessary"": 0.003, ""Optional"": 0.0}",0.003,0.029,0,0,TRUE,53,"can_tho,da_nang,hanoi,hcmc",FALSE,TRUE,TRUE
miniature_golf_course,Recreation & Sport,1,taxonomy,Optional,Optional,"{""Optional"": 0.221, ""Social"": 0.036, ""Necessary"": 0.01}",0.01,0.036,0.221,1,TRUE,49,"da_nang,hanoi,hcmc",FALSE,TRUE,TRUE
european_restaurant,Food & Drink,1,taxonomy,Social,Social,"{""Social"": 0.394, ""Optional"": 0.034, ""Necessary"": 0.02}",0.02,0.394,0.034,1,TRUE,46,"can_tho,da_nang,hanoi,hcmc",FALSE,TRUE,TRUE
asian_fusion_restaurant,Food & Drink,1,taxonomy,Social,Social,"{""Social"": 0.385, ""Necessary"": 0.019, ""Optional"": 0.018}",0.019,0.385,0.018,1,TRUE,44,"da_nang,hanoi,hcmc",FALSE,TRUE,TRUE
educational_camp,Education,1,taxonomy,Social,Social,"{""Social"": 0.009, ""Necessary"": 0.001, ""Optional"": 0.0}",0.001,0.009,0,0,TRUE,44,"can_tho,da_nang,hanoi,hcmc",FALSE,TRUE,TRUE
airport_shuttles,Automotive & Transport,1,taxonomy,Social,Social,"{""Social"": 0.292, ""Necessary"": 0.179, ""Optional"": 0.178}",0.179,0.292,0.178,1,TRUE,42,"can_tho,da_nang,hanoi,hcmc",FALSE,TRUE,TRUE
boat_service_and_repair,Automotive & Transport,1,taxonomy,Social,Social,"{""Social"": 0.259, ""Necessary"": 0.037, ""Optional"": 0.006}",0.037,0.259,0.006,1,TRUE,42,"can_tho,da_nang,hanoi,hcmc",FALSE,TRUE,TRUE
fountain,Civic & Government,1,taxonomy,Social,Social,"{""Social"": 0.44, ""Optional"": 0.371, ""Necessary"": 0.146}",0.146,0.44,0.371,0,TRUE,42,"can_tho,da_nang,hanoi,hcmc,pleiku",FALSE,TRUE,TRUE
fair,Healthcare,0.108,bart,Social,Social|Optional,"{""Social"": 0.947, ""Optional"": 0.741, ""Necessary"": 0.425}",0.425,0.947,0.741,0,TRUE,41,"can_tho,da_nang,hanoi,hcmc",TRUE,FALSE,TRUE
sculpture_statue,Culture & Arts,1,taxonomy,Optional,Optional,"{""Optional"": 0.357, ""Social"": 0.302, ""Necessary"": 0.02}",0.02,0.302,0.357,1,TRUE,40,"can_tho,da_nang,hanoi,hcmc",FALSE,TRUE,TRUE
boat_parts_and_supply_store,Automotive & Transport,0.154,bart,Necessary,Necessary,"{""Necessary"": 0.033, ""Social"": 0.029, ""Optional"": 0.006}",0.033,0.029,0.006,1,TRUE,38,"da_nang,hanoi,hcmc",TRUE,TRUE,TRUE
packing_supply,Utilities & Infrastructure,0.272,bart,Social,Social|Necessary,"{""Social"": 0.789, ""Necessary"": 0.731, ""Optional"": 0.138}",0.731,0.789,0.138,1,TRUE,37,"can_tho,da_nang,hanoi,hcmc",TRUE,FALSE,TRUE
german_restaurant,Food & Drink,1,taxonomy,Social,Social,"{""Social"": 0.481, ""Optional"": 0.044, ""Necessary"": 0.023}",0.023,0.481,0.044,1,TRUE,36,"can_tho,da_nang,hanoi,hcmc",FALSE,TRUE,TRUE
truck_rentals,Automotive & Transport,0.259,bart,Social,Social,"{""Social"": 0.541, ""Optional"": 0.176, ""Necessary"": 0.096}",0.096,0.541,0.176,1,TRUE,36,"can_tho,da_nang,hanoi,hcmc",TRUE,FALSE,TRUE
gelato,Food & Drink,0.149,bart,Social,Social|Optional,"{""Social"": 0.894, ""Optional"": 0.522, ""Necessary"": 0.143}",0.143,0.894,0.522,1,TRUE,35,"da_nang,hanoi,hcmc",TRUE,FALSE,TRUE
airport_terminal,Automotive & Transport,1,taxonomy,Social,Social,"{""Social"": 0.274, ""Necessary"": 0.104, ""Optional"": 0.064}",0.104,0.274,0.064,1,TRUE,34,"can_tho,da_nang,hanoi,hcmc",FALSE,TRUE,TRUE
career_counseling,Business & Professional Services,1,taxonomy,Social,Social,"{""Social"": 0.173, ""Necessary"": 0.008, ""Optional"": 0.001}",0.008,0.173,0.001,1,TRUE,34,"can_tho,da_nang,hanoi,hcmc",FALSE,TRUE,TRUE
indo_chinese_restaurant,Food & Drink,1,taxonomy,Social,Social,"{""Social"": 0.31, ""Optional"": 0.02, ""Necessary"": 0.019}",0.019,0.31,0.02,1,TRUE,33,"can_tho,da_nang,hanoi,hcmc",FALSE,TRUE,TRUE
internal_medicine,Healthcare,1,taxonomy,Necessary,Necessary,"{""Necessary"": 0.282, ""Social"": 0.107, ""Optional"": 0.001}",0.282,0.107,0.001,0,TRUE,33,"can_tho,da_nang,hanoi,hcmc,pleiku",FALSE,TRUE,TRUE
theaters_and_performance_venues,Culture & Arts,0.715,bart,Necessary,Necessary,"{""Necessary"": 0.015, ""Social"": 0.001, ""Optional"": 0.001}",0.015,0.001,0.001,1,TRUE,32,"da_nang,hanoi,hcmc",FALSE,TRUE,TRUE
cabin,Accommodation & Travel,1,taxonomy,Social,Social,"{""Social"": 0.12, ""Optional"": 0.071, ""Necessary"": 0.012}",0.012,0.12,0.071,1,TRUE,32,"da_nang,hanoi,hcmc",FALSE,TRUE,TRUE
firework_retailer,Retail & Shopping,0.126,bart,Social,Social,"{""Social"": 0.558, ""Optional"": 0.267, ""Necessary"": 0.119}",0.119,0.558,0.267,1,TRUE,31,"can_tho,da_nang,hanoi,hcmc,pleiku",TRUE,FALSE,TRUE
political_party_office,Civic & Government,1,taxonomy,Social,Social,"{""Social"": 0.091, ""Optional"": 0.026, ""Necessary"": 0.009}",0.009,0.091,0.026,0,TRUE,31,"da_nang,hanoi,hcmc",FALSE,TRUE,TRUE
medical_school,Education,1,taxonomy,Social,Social,"{""Social"": 0.466, ""Necessary"": 0.01, ""Optional"": 0.002}",0.01,0.466,0.002,0,TRUE,29,"can_tho,da_nang,hanoi,hcmc",FALSE,TRUE,TRUE
general_dentistry,Healthcare,1,taxonomy,Social,Social,"{""Social"": 0.272, ""Necessary"": 0.031, ""Optional"": 0.004}",0.031,0.272,0.004,0,TRUE,29,"hanoi,hcmc",FALSE,TRUE,TRUE
auto_body_shop,Automotive & Transport,1,taxonomy,Social,Social,"{""Social"": 0.471, ""Optional"": 0.115, ""Necessary"": 0.081}",0.081,0.471,0.115,1,TRUE,28,"can_tho,da_nang,hanoi,hcmc",FALSE,TRUE,TRUE
halal_restaurant,Food & Drink,1,taxonomy,Social,Social,"{""Social"": 0.369, ""Necessary"": 0.022, ""Optional"": 0.013}",0.022,0.369,0.013,1,TRUE,28,"da_nang,hanoi,hcmc",FALSE,TRUE,TRUE
fence_and_gate_sales_service,Home & Garden Services,1,taxonomy,Social,Social,"{""Social"": 0.127, ""Necessary"": 0.061, ""Optional"": 0.038}",0.061,0.127,0.038,1,TRUE,28,"can_tho,da_nang,hanoi,hcmc",FALSE,TRUE,TRUE
garbage_collection_service,Utilities & Infrastructure,1,taxonomy,Necessary,Necessary,"{""Necessary"": 0.084, ""Social"": 0.017, ""Optional"": 0.001}",0.084,0.017,0.001,1,TRUE,28,"can_tho,da_nang,hanoi,hcmc",FALSE,TRUE,TRUE
abuse_and_addiction_treatment,Healthcare,1,taxonomy,Social,Social,"{""Social"": 0.029, ""Necessary"": 0.0, ""Optional"": 0.0}",0,0.029,0,0,TRUE,28,"can_tho,hanoi,hcmc",FALSE,TRUE,TRUE
pop_up_shop,Business & Professional Services,0.236,bart,Social,Social,"{""Social"": 0.936, ""Optional"": 0.289, ""Necessary"": 0.08}",0.08,0.936,0.289,1,TRUE,28,"can_tho,da_nang,hanoi,hcmc",TRUE,FALSE,TRUE
rock_climbing_spot,Recreation & Sport,1,taxonomy,Optional,Optional,"{""Optional"": 0.215, ""Social"": 0.172, ""Necessary"": 0.018}",0.018,0.172,0.215,1,TRUE,25,"da_nang,hanoi,hcmc",FALSE,TRUE,TRUE
doner_kebab,Food & Drink,0.341,bart,Social,Social|Optional,"{""Social"": 0.875, ""Optional"": 0.559, ""Necessary"": 0.136}",0.136,0.875,0.559,1,TRUE,24,"da_nang,hanoi,hcmc",TRUE,FALSE,TRUE
divorce_and_family_law,Business & Professional Services,1,taxonomy,Social,Social,"{""Social"": 0.355, ""Optional"": 0.01, ""Necessary"": 0.004}",0.004,0.355,0.01,1,TRUE,24,"can_tho,da_nang,hanoi,hcmc",FALSE,TRUE,TRUE
malaysian_restaurant,Food & Drink,1,taxonomy,Social,Social,"{""Social"": 0.49, ""Optional"": 0.049, ""Necessary"": 0.023}",0.023,0.49,0.049,1,TRUE,23,"da_nang,hanoi,hcmc",FALSE,TRUE,TRUE
garage_door_service,Home & Garden Services,1,taxonomy,Social,Social,"{""Social"": 0.378, ""Optional"": 0.209, ""Necessary"": 0.147}",0.147,0.378,0.209,1,TRUE,23,"can_tho,da_nang,hanoi,hcmc,pleiku",FALSE,TRUE,TRUE
ambulance_and_ems_services,Healthcare,1,taxonomy,Social,Social,"{""Social"": 0.162, ""Necessary"": 0.143, ""Optional"": 0.001}",0.143,0.162,0.001,0,TRUE,22,"can_tho,da_nang,hanoi,hcmc",FALSE,TRUE,TRUE
food_banks,Community & Religion,1,taxonomy,Social,Social,"{""Social"": 0.379, ""Necessary"": 0.014, ""Optional"": 0.007}",0.014,0.379,0.007,1,TRUE,22,"can_tho,da_nang,hanoi,hcmc",FALSE,TRUE,TRUE
singaporean_restaurant,Food & Drink,1,taxonomy,Social,Social,"{""Social"": 0.412, ""Optional"": 0.041, ""Necessary"": 0.027}",0.027,0.412,0.041,1,TRUE,21,"can_tho,hanoi,hcmc",FALSE,TRUE,TRUE
boot_camp,Recreation & Sport,1,taxonomy,Social,Social,"{""Social"": 0.113, ""Necessary"": 0.004, ""Optional"": 0.0}",0.004,0.113,0,1,TRUE,20,"can_tho,da_nang,hanoi,hcmc",FALSE,TRUE,TRUE
jail_and_prison,Civic & Government,1,taxonomy,Social,Social,"{""Social"": 0.001, ""Necessary"": 0.0, ""Optional"": 0.0}",0,0.001,0,0,TRUE,20,"can_tho,da_nang,hanoi,hcmc,pleiku",FALSE,TRUE,TRUE
middle_eastern_restaurant,Food & Drink,1,taxonomy,Social,Social,"{""Social"": 0.244, ""Optional"": 0.017, ""Necessary"": 0.009}",0.009,0.244,0.017,1,TRUE,19,"can_tho,da_nang,hanoi,hcmc,pleiku",FALSE,TRUE,TRUE
junkyard,Retail & Shopping,1,taxonomy,Social,Social,"{""Social"": 0.465, ""Optional"": 0.028, ""Necessary"": 0.003}",0.003,0.465,0.028,1,TRUE,19,"da_nang,hanoi,hcmc",FALSE,TRUE,TRUE
drive_in_theater,Culture & Arts,1,taxonomy,Social,Social,"{""Social"": 0.117, ""Optional"": 0.102, ""Necessary"": 0.026}",0.026,0.117,0.102,1,TRUE,19,"da_nang,hanoi,hcmc",FALSE,TRUE,TRUE
atv_rentals_and_tours,Utilities & Infrastructure,0.23,bart,Optional,Optional,"{""Optional"": 0.308, ""Social"": 0.185, ""Necessary"": 0.013}",0.013,0.185,0.308,1,TRUE,18,"can_tho,da_nang,hanoi,hcmc",TRUE,TRUE,TRUE
astrologer,Healthcare,0.237,bart,Social,Social,"{""Social"": 0.856, ""Optional"": 0.367, ""Necessary"": 0.115}",0.115,0.856,0.367,0,TRUE,18,"da_nang,hanoi,hcmc",TRUE,FALSE,TRUE
hot_dog_restaurant,Food & Drink,1,taxonomy,Social,Social,"{""Social"": 0.32, ""Optional"": 0.015, ""Necessary"": 0.008}",0.008,0.32,0.015,1,TRUE,18,"can_tho,da_nang,hanoi,hcmc",FALSE,TRUE,TRUE
comfort_food_restaurant,Food & Drink,1,taxonomy,Social,Social,"{""Social"": 0.111, ""Necessary"": 0.006, ""Optional"": 0.001}",0.006,0.111,0.001,1,TRUE,18,"da_nang,hanoi,hcmc",FALSE,TRUE,TRUE
railroad_freight,Business & Professional Services,1,taxonomy,Social,Social,"{""Social"": 0.486, ""Necessary"": 0.315, ""Optional"": 0.052}",0.315,0.486,0.052,1,TRUE,17,"can_tho,da_nang,hanoi,hcmc",FALSE,TRUE,TRUE
vegan_restaurant,Food & Drink,1,taxonomy,Social,Social,"{""Social"": 0.364, ""Optional"": 0.021, ""Necessary"": 0.016}",0.016,0.364,0.021,1,TRUE,17,"da_nang,hanoi,hcmc",FALSE,TRUE,TRUE
fitness_exercise_equipment,Recreation & Sport,0.526,bart,Necessary,Necessary,"{""Necessary"": 0.344, ""Social"": 0.014, ""Optional"": 0.011}",0.344,0.014,0.011,1,TRUE,17,"can_tho,hanoi,hcmc",FALSE,TRUE,TRUE
recycling_center,Home & Garden Services,1,taxonomy,Social,Social,"{""Social"": 0.204, ""Necessary"": 0.12, ""Optional"": 0.002}",0.12,0.204,0.002,1,TRUE,17,"can_tho,da_nang,hanoi,hcmc",FALSE,TRUE,TRUE
palace,Culture & Arts,1,taxonomy,Optional,Optional,"{""Optional"": 0.143, ""Necessary"": 0.027, ""Social"": 0.026}",0.027,0.026,0.143,1,TRUE,17,"hanoi,hcmc",FALSE,TRUE,TRUE
newspaper_and_magazines_store,Retail & Shopping,1,taxonomy,Social,Social,"{""Social"": 0.07, ""Necessary"": 0.053, ""Optional"": 0.009}",0.053,0.07,0.009,1,TRUE,17,"da_nang,hanoi,hcmc",FALSE,TRUE,TRUE
tire_shop,Automotive & Transport,1,taxonomy,Social,Social,"{""Social"": 0.361, ""Necessary"": 0.079, ""Optional"": 0.006}",0.079,0.361,0.006,1,TRUE,16,"can_tho,hanoi,hcmc",FALSE,TRUE,TRUE
panamanian_restaurant,Food & Drink,1,taxonomy,Social,Social,"{""Social"": 0.433, ""Optional"": 0.024, ""Necessary"": 0.022}",0.022,0.433,0.024,1,TRUE,16,"can_tho,da_nang,hanoi,hcmc",FALSE,TRUE,TRUE
trophy_shop,Retail & Shopping,0.175,bart,Social,Social,"{""Social"": 0.574, ""Necessary"": 0.054, ""Optional"": 0.051}",0.054,0.574,0.051,1,TRUE,16,"can_tho,da_nang,hanoi,hcmc",TRUE,FALSE,TRUE
fish_and_chips_restaurant,Food & Drink,1,taxonomy,Social,Social,"{""Social"": 0.159, ""Optional"": 0.009, ""Necessary"": 0.005}",0.005,0.159,0.009,1,TRUE,16,"can_tho,da_nang,hanoi,hcmc",FALSE,TRUE,TRUE
self_storage_facility,Business & Professional Services,1,taxonomy,Social,Social,"{""Social"": 0.031, ""Necessary"": 0.015, ""Optional"": 0.008}",0.015,0.031,0.008,1,TRUE,16,"can_tho,da_nang,hanoi,hcmc",FALSE,TRUE,TRUE
surgical_center,Healthcare,1,taxonomy,Social,Social,"{""Social"": 0.052, ""Necessary"": 0.02, ""Optional"": 0.001}",0.02,0.052,0.001,0,TRUE,16,"hanoi,hcmc",FALSE,TRUE,TRUE
jazz_and_blues,Culture & Arts,0.151,bart,Social,Social,"{""Social"": 0.912, ""Optional"": 0.387, ""Necessary"": 0.117}",0.117,0.912,0.387,1,TRUE,16,"da_nang,hanoi,hcmc",TRUE,FALSE,TRUE
skate_shop,Recreation & Sport,0.349,bart,Social,Social|Optional,"{""Social"": 0.87, ""Optional"": 0.547, ""Necessary"": 0.129}",0.129,0.87,0.547,1,TRUE,15,"da_nang,hanoi,hcmc",TRUE,FALSE,TRUE
auditorium,Culture & Arts,1,taxonomy,Social,Social,"{""Social"": 0.253, ""Optional"": 0.115, ""Necessary"": 0.074}",0.074,0.253,0.115,1,TRUE,15,"can_tho,da_nang,hanoi,hcmc",FALSE,TRUE,TRUE
surgeon,Healthcare,1,taxonomy,Social,Social,"{""Social"": 0.346, ""Necessary"": 0.051, ""Optional"": 0.018}",0.051,0.346,0.018,0,TRUE,15,"can_tho,hanoi,hcmc",FALSE,TRUE,TRUE
metal_materials_and_experts,Business & Professional Services,0.147,bart,Social,Social,"{""Social"": 0.377, ""Optional"": 0.082, ""Necessary"": 0.027}",0.027,0.377,0.082,1,TRUE,15,"can_tho,da_nang,hanoi,hcmc",TRUE,TRUE,TRUE
wholesaler,Business & Professional Services,1,taxonomy,Necessary,Necessary,"{""Necessary"": 0.317, ""Social"": 0.092, ""Optional"": 0.009}",0.317,0.092,0.009,1,TRUE,14,"hanoi,hcmc",FALSE,TRUE,TRUE
telemarketing_services,Business & Professional Services,1,taxonomy,Social,Social,"{""Social"": 0.076, ""Necessary"": 0.017, ""Optional"": 0.003}",0.017,0.076,0.003,1,TRUE,14,"da_nang,hanoi,hcmc",FALSE,TRUE,TRUE
carpet_cleaning,Home & Garden Services,1,taxonomy,Social,Social,"{""Social"": 0.342, ""Necessary"": 0.225, ""Optional"": 0.065}",0.225,0.342,0.065,1,TRUE,14,"da_nang,hanoi,hcmc",FALSE,TRUE,TRUE
custom_clothing,Retail & Shopping,0.252,bart,Social,Social|Optional,"{""Social"": 0.93, ""Optional"": 0.572, ""Necessary"": 0.286}",0.286,0.93,0.572,1,TRUE,14,"da_nang,hanoi,hcmc",TRUE,FALSE,TRUE
excavation_service,Home & Garden Services,1,taxonomy,Social,Social,"{""Social"": 0.265, ""Necessary"": 0.095, ""Optional"": 0.009}",0.095,0.265,0.009,1,TRUE,14,"da_nang,hanoi,hcmc",FALSE,TRUE,TRUE
alcohol_and_drug_treatment_center,Healthcare,1,taxonomy,Social,Social,"{""Social"": 0.001, ""Necessary"": 0.0, ""Optional"": 0.0}",0,0.001,0,0,TRUE,14,"da_nang,hanoi,hcmc",FALSE,TRUE,TRUE
criminal_defense_law,Business & Professional Services,1,taxonomy,Social,Social,"{""Social"": 0.406, ""Necessary"": 0.025, ""Optional"": 0.003}",0.025,0.406,0.003,1,TRUE,14,"hanoi,hcmc",FALSE,TRUE,TRUE
business_consulting,Business & Professional Services,1,taxonomy,Social,Social,"{""Social"": 0.228, ""Necessary"": 0.035, ""Optional"": 0.002}",0.035,0.228,0.002,1,TRUE,13,"da_nang,hanoi,hcmc",FALSE,TRUE,TRUE
public_restrooms,Civic & Government,1,taxonomy,Necessary,Necessary,"{""Necessary"": 0.355, ""Social"": 0.056, ""Optional"": 0.021}",0.355,0.056,0.021,0,TRUE,13,"da_nang,hanoi,hcmc",FALSE,TRUE,TRUE
circus,Community & Religion,0.086,bart,Social,Social,"{""Social"": 0.08, ""Optional"": 0.005, ""Necessary"": 0.002}",0.002,0.08,0.005,1,TRUE,12,"can_tho,hanoi,hcmc",TRUE,TRUE,TRUE
art_restoration_service,Business & Professional Services,1,taxonomy,Social,Social,"{""Social"": 0.387, ""Optional"": 0.028, ""Necessary"": 0.027}",0.027,0.387,0.028,1,TRUE,12,"da_nang,hanoi,hcmc,pleiku",FALSE,TRUE,TRUE
e_commerce_service,Business & Professional Services,1,taxonomy,Social,Social,"{""Social"": 0.317, ""Necessary"": 0.149, ""Optional"": 0.022}",0.149,0.317,0.022,1,TRUE,12,"hanoi,hcmc",FALSE,TRUE,TRUE
prosthetics,Healthcare,1,taxonomy,Social,Social,"{""Social"": 0.399, ""Optional"": 0.098, ""Necessary"": 0.012}",0.012,0.399,0.098,0,TRUE,12,"can_tho,da_nang,hanoi,hcmc",FALSE,TRUE,TRUE
warehouses,Business & Professional Services,1,taxonomy,Social,Social,"{""Social"": 0.039, ""Optional"": 0.022, ""Necessary"": 0.017}",0.017,0.039,0.022,1,TRUE,12,"hanoi,hcmc",FALSE,TRUE,TRUE
filipino_restaurant,Food & Drink,1,taxonomy,Social,Social,"{""Social"": 0.372, ""Optional"": 0.026, ""Necessary"": 0.014}",0.014,0.372,0.026,1,TRUE,11,"da_nang,hcmc",FALSE,TRUE,TRUE
currency_exchange,Business & Professional Services,1,taxonomy,Social,Social,"{""Social"": 0.34, ""Necessary"": 0.155, ""Optional"": 0.009}",0.155,0.34,0.009,1,TRUE,11,"da_nang,hanoi,hcmc",FALSE,TRUE,TRUE
boat_rental_and_training,Recreation & Sport,1,taxonomy,Social,Social,"{""Social"": 0.216, ""Necessary"": 0.045, ""Optional"": 0.019}",0.045,0.216,0.019,1,TRUE,11,"da_nang,hanoi,hcmc",FALSE,TRUE,TRUE
home_decor,Daily Needs & Grocery,0.115,bart,Social,Social|Optional,"{""Social"": 0.941, ""Optional"": 0.65, ""Necessary"": 0.124}",0.124,0.941,0.65,1,TRUE,11,"hanoi,hcmc",TRUE,FALSE,TRUE
automotive_storage_facility,Business & Professional Services,1,taxonomy,Necessary,Necessary,"{""Necessary"": 0.009, ""Social"": 0.007, ""Optional"": 0.005}",0.009,0.007,0.005,1,TRUE,11,"da_nang,hanoi,hcmc",FALSE,TRUE,TRUE
telecommunications,Utilities & Infrastructure,1,taxonomy,Social,Social,"{""Social"": 0.463, ""Necessary"": 0.131, ""Optional"": 0.103}",0.131,0.463,0.103,1,TRUE,11,"da_nang,hanoi,hcmc",FALSE,TRUE,TRUE
cave,Recreation & Sport,1,taxonomy,Social,Social,"{""Social"": 0.16, ""Optional"": 0.07, ""Necessary"": 0.009}",0.009,0.16,0.07,1,TRUE,11,"can_tho,da_nang,hanoi,hcmc",FALSE,TRUE,TRUE
russian_restaurant,Food & Drink,1,taxonomy,Social,Social,"{""Social"": 0.409, ""Optional"": 0.029, ""Necessary"": 0.019}",0.019,0.409,0.029,1,TRUE,11,"da_nang,hanoi,hcmc",FALSE,TRUE,TRUE
greek_restaurant,Food & Drink,1,taxonomy,Social,Social,"{""Social"": 0.486, ""Necessary"": 0.018, ""Optional"": 0.009}",0.018,0.486,0.009,1,TRUE,11,"da_nang,hanoi,hcmc",FALSE,TRUE,TRUE
laser_hair_removal,Beauty & Personal Care,1,taxonomy,Social,Social,"{""Social"": 0.453, ""Optional"": 0.058, ""Necessary"": 0.028}",0.028,0.453,0.058,1,TRUE,11,"da_nang,hanoi,hcmc",FALSE,TRUE,TRUE
turkish_restaurant,Food & Drink,1,taxonomy,Social,Social,"{""Social"": 0.49, ""Optional"": 0.02, ""Necessary"": 0.016}",0.016,0.49,0.02,1,TRUE,11,"da_nang,hanoi,hcmc",FALSE,TRUE,TRUE
betting_center,Recreation & Sport,1,taxonomy,Social,Social,"{""Social"": 0.491, ""Necessary"": 0.032, ""Optional"": 0.011}",0.032,0.491,0.011,1,TRUE,10,"hanoi,hcmc",FALSE,TRUE,TRUE
taco_restaurant,Food & Drink,1,taxonomy,Social,Social,"{""Social"": 0.402, ""Necessary"": 0.024, ""Optional"": 0.007}",0.024,0.402,0.007,1,TRUE,10,"da_nang,hanoi,hcmc",FALSE,TRUE,TRUE
freight_forwarding_agency,Business & Professional Services,1,taxonomy,Social,Social,"{""Social"": 0.422, ""Necessary"": 0.09, ""Optional"": 0.074}",0.09,0.422,0.074,1,TRUE,10,"can_tho,hanoi,hcmc",FALSE,TRUE,TRUE
blood_and_plasma_donation_center,Healthcare,1,taxonomy,Social,Social,"{""Social"": 0.071, ""Necessary"": 0.005, ""Optional"": 0.003}",0.005,0.071,0.003,0,TRUE,10,"hanoi,hcmc",FALSE,TRUE,TRUE
shooting_range,Recreation & Sport,1,taxonomy,Optional,Optional,"{""Optional"": 0.148, ""Social"": 0.009, ""Necessary"": 0.008}",0.008,0.009,0.148,1,TRUE,10,"can_tho,hanoi,hcmc",FALSE,TRUE,TRUE
scuba_diving_center,Recreation & Sport,1,taxonomy,Social,Social,"{""Social"": 0.039, ""Optional"": 0.01, ""Necessary"": 0.009}",0.009,0.039,0.01,1,TRUE,10,"da_nang,hcmc",FALSE,TRUE,TRUE
automotive_wheel_polishing_service,Automotive & Transport,1,taxonomy,Social,Social,"{""Social"": 0.128, ""Necessary"": 0.098, ""Optional"": 0.006}",0.098,0.128,0.006,1,TRUE,9,"can_tho,hanoi,hcmc",FALSE,TRUE,TRUE
molecular_gastronomy_restaurant,Food & Drink,1,taxonomy,Social,Social,"{""Social"": 0.02, ""Optional"": 0.005, ""Necessary"": 0.003}",0.003,0.02,0.005,1,TRUE,9,"hanoi,hcmc",FALSE,TRUE,TRUE
poke_restaurant,Food & Drink,1,taxonomy,Social,Social,"{""Social"": 0.336, ""Optional"": 0.042, ""Necessary"": 0.017}",0.017,0.336,0.042,1,TRUE,9,"da_nang,hanoi,hcmc",FALSE,TRUE,TRUE
distillery,Food & Drink,1,taxonomy,Social,Social,"{""Social"": 0.259, ""Optional"": 0.089, ""Necessary"": 0.009}",0.009,0.259,0.089,1,TRUE,9,"da_nang,hanoi,hcmc",FALSE,TRUE,TRUE
disability_services_and_support_organization,Community & Religion,1,taxonomy,Social,Social,"{""Social"": 0.163, ""Necessary"": 0.03, ""Optional"": 0.004}",0.03,0.163,0.004,1,TRUE,9,"can_tho,da_nang,hanoi,hcmc",FALSE,TRUE,TRUE
periodontist,Healthcare,1,taxonomy,Social,Social,"{""Social"": 0.489, ""Necessary"": 0.024, ""Optional"": 0.012}",0.024,0.489,0.012,0,TRUE,8,"can_tho,hanoi,hcmc",FALSE,TRUE,TRUE
rv_rentals,Automotive & Transport,0.302,bart,Social,Social,"{""Social"": 0.654, ""Optional"": 0.277, ""Necessary"": 0.151}",0.151,0.654,0.277,1,TRUE,8,"can_tho,da_nang,hanoi,hcmc",TRUE,FALSE,TRUE
theatrical_productions,Business & Professional Services,1,taxonomy,Necessary,Necessary,"{""Necessary"": 0.032, ""Social"": 0.02, ""Optional"": 0.015}",0.032,0.02,0.015,1,TRUE,8,"da_nang,hanoi,hcmc",FALSE,TRUE,TRUE
occupational_therapy,Healthcare,1,taxonomy,Necessary,Necessary,"{""Necessary"": 0.331, ""Social"": 0.029, ""Optional"": 0.001}",0.331,0.029,0.001,0,TRUE,8,"hanoi,hcmc",FALSE,TRUE,TRUE
duty_free_shop,Beauty & Personal Care,0.146,bart,Social,Social,"{""Social"": 0.301, ""Optional"": 0.152, ""Necessary"": 0.005}",0.005,0.301,0.152,1,TRUE,7,"da_nang,hanoi,hcmc",TRUE,TRUE,TRUE
personal_care_service,Beauty & Personal Care,1,taxonomy,Social,Social,"{""Social"": 0.333, ""Necessary"": 0.074, ""Optional"": 0.004}",0.074,0.333,0.004,1,TRUE,7,"hanoi,hcmc",FALSE,TRUE,TRUE
gents_tailor,Community & Religion,0.154,bart,Social,Social|Optional,"{""Social"": 0.866, ""Optional"": 0.62, ""Necessary"": 0.313}",0.313,0.866,0.62,1,TRUE,7,"da_nang,hanoi",TRUE,FALSE,TRUE
massage_school,Education,1,taxonomy,Social,Social,"{""Social"": 0.311, ""Necessary"": 0.01, ""Optional"": 0.001}",0.01,0.311,0.001,0,TRUE,7,"hanoi,hcmc",FALSE,TRUE,TRUE
kitchen_supply_store,Retail & Shopping,1,taxonomy,Necessary,Necessary,"{""Necessary"": 0.076, ""Social"": 0.057, ""Optional"": 0.003}",0.076,0.057,0.003,1,TRUE,7,"hanoi,hcmc",FALSE,TRUE,TRUE
religious_school,Education,1,taxonomy,Social,Social,"{""Social"": 0.313, ""Necessary"": 0.002, ""Optional"": 0.001}",0.002,0.313,0.001,0,TRUE,7,"da_nang,hanoi,hcmc",FALSE,TRUE,TRUE
audiovisual_equipment_rental,Business & Professional Services,1,taxonomy,Social,Social,"{""Social"": 0.389, ""Necessary"": 0.056, ""Optional"": 0.028}",0.056,0.389,0.028,1,TRUE,7,"hanoi,hcmc",FALSE,TRUE,TRUE
surf_shop,Recreation & Sport,0.15,bart,Social,Social,"{""Social"": 0.701, ""Optional"": 0.112, ""Necessary"": 0.005}",0.005,0.701,0.112,1,TRUE,6,da_nang,TRUE,FALSE,TRUE
tennis_stadium,Recreation & Sport,1,taxonomy,Optional,Optional,"{""Optional"": 0.355, ""Necessary"": 0.038, ""Social"": 0.025}",0.038,0.025,0.355,1,TRUE,6,"da_nang,hanoi,hcmc",FALSE,TRUE,TRUE
nicaraguan_restaurant,Food & Drink,1,taxonomy,Social,Social,"{""Social"": 0.301, ""Optional"": 0.019, ""Necessary"": 0.015}",0.015,0.301,0.019,1,TRUE,6,"hanoi,hcmc",FALSE,TRUE,TRUE
cajun_and_creole_restaurant,Food & Drink,1,taxonomy,Social,Social,"{""Social"": 0.067, ""Necessary"": 0.004, ""Optional"": 0.002}",0.004,0.067,0.002,1,TRUE,6,"da_nang,hanoi,hcmc",FALSE,TRUE,TRUE
burmese_restaurant,Food & Drink,1,taxonomy,Social,Social,"{""Social"": 0.451, ""Necessary"": 0.019, ""Optional"": 0.018}",0.019,0.451,0.018,1,TRUE,6,"da_nang,hanoi",FALSE,TRUE,TRUE
cards_and_stationery_store,Retail & Shopping,1,taxonomy,Social,Social,"{""Social"": 0.295, ""Necessary"": 0.025, ""Optional"": 0.022}",0.025,0.295,0.022,1,TRUE,5,"hanoi,hcmc",FALSE,TRUE,TRUE
fondue_restaurant,Food & Drink,1,taxonomy,Social,Social,"{""Social"": 0.407, ""Necessary"": 0.01, ""Optional"": 0.007}",0.01,0.407,0.007,1,TRUE,5,hanoi,FALSE,TRUE,TRUE
observatory,Culture & Arts,1,taxonomy,Social,Social,"{""Social"": 0.138, ""Optional"": 0.047, ""Necessary"": 0.006}",0.006,0.138,0.047,1,TRUE,5,"da_nang,hanoi,hcmc",FALSE,TRUE,TRUE
homeless_shelter,Community & Religion,1,taxonomy,Social,Social,"{""Social"": 0.247, ""Optional"": 0.005, ""Necessary"": 0.002}",0.002,0.247,0.005,1,TRUE,5,"hanoi,hcmc",FALSE,TRUE,TRUE
hospice,Healthcare,1,taxonomy,Social,Social,"{""Social"": 0.212, ""Necessary"": 0.002, ""Optional"": 0.0}",0.002,0.212,0,0,TRUE,5,"da_nang,hanoi,hcmc",FALSE,TRUE,TRUE
mediterranean_restaurant,Food & Drink,1,taxonomy,Social,Social,"{""Social"": 0.439, ""Necessary"": 0.027, ""Optional"": 0.016}",0.027,0.439,0.016,1,TRUE,5,"da_nang,hcmc",FALSE,TRUE,TRUE
historical_tours,Accommodation & Travel,1,taxonomy,Optional,Optional,"{""Optional"": 0.072, ""Social"": 0.017, ""Necessary"": 0.006}",0.006,0.017,0.072,1,TRUE,5,"hanoi,hcmc",FALSE,TRUE,TRUE
marriage_or_relationship_counselor,Healthcare,1,taxonomy,Social,Social,"{""Social"": 0.189, ""Necessary"": 0.006, ""Optional"": 0.001}",0.006,0.189,0.001,0,TRUE,5,"hanoi,hcmc",FALSE,TRUE,TRUE
b2b_equipment_maintenance_and_repair,Business & Professional Services,1,taxonomy,Social,Social,"{""Social"": 0.206, ""Necessary"": 0.083, ""Optional"": 0.001}",0.083,0.206,0.001,1,TRUE,4,"hanoi,hcmc",FALSE,TRUE,TRUE
heliports,Automotive & Transport,1,taxonomy,Social,Social,"{""Social"": 0.182, ""Optional"": 0.075, ""Necessary"": 0.037}",0.037,0.182,0.075,1,TRUE,4,"hanoi,hcmc",FALSE,TRUE,TRUE
opera_and_ballet,Culture & Arts,1,taxonomy,Social,Social,"{""Social"": 0.287, ""Optional"": 0.039, ""Necessary"": 0.038}",0.038,0.287,0.039,1,TRUE,4,"hanoi,hcmc",FALSE,TRUE,TRUE
leather_goods,Retail & Shopping,0.12,bart,Social,Social,"{""Social"": 0.813, ""Optional"": 0.305, ""Necessary"": 0.149}",0.149,0.813,0.305,1,TRUE,4,"hanoi,hcmc",TRUE,FALSE,TRUE
latin_american_restaurant,Food & Drink,1,taxonomy,Social,Social,"{""Social"": 0.228, ""Optional"": 0.024, ""Necessary"": 0.02}",0.02,0.228,0.024,1,TRUE,4,"hanoi,hcmc",FALSE,TRUE,TRUE
electrical_supply_store,Retail & Shopping,1,taxonomy,Necessary,Necessary,"{""Necessary"": 0.076, ""Social"": 0.047, ""Optional"": 0.007}",0.076,0.047,0.007,1,TRUE,4,"hanoi,hcmc",FALSE,TRUE,TRUE
egyptian_restaurant,Food & Drink,1,taxonomy,Social,Social,"{""Social"": 0.449, ""Optional"": 0.022, ""Necessary"": 0.021}",0.021,0.449,0.022,1,TRUE,4,hanoi,FALSE,TRUE,TRUE
money_transfer_services,Business & Professional Services,1,taxonomy,Social,Social,"{""Social"": 0.333, ""Necessary"": 0.089, ""Optional"": 0.024}",0.089,0.333,0.024,1,TRUE,4,"can_tho,da_nang,hanoi,hcmc",FALSE,TRUE,TRUE
bail_bonds_service,Business & Professional Services,1,taxonomy,Social,Social,"{""Social"": 0.427, ""Necessary"": 0.034, ""Optional"": 0.014}",0.034,0.427,0.014,1,TRUE,4,"hanoi,hcmc",FALSE,TRUE,TRUE
airline_ticket_agency,Automotive & Transport,1,taxonomy,Social,Social,"{""Social"": 0.25, ""Optional"": 0.086, ""Necessary"": 0.063}",0.063,0.25,0.086,1,TRUE,4,"hanoi,hcmc",FALSE,TRUE,TRUE
gluten_free_restaurant,Food & Drink,1,taxonomy,Social,Social,"{""Social"": 0.188, ""Optional"": 0.01, ""Necessary"": 0.004}",0.004,0.188,0.01,1,TRUE,4,"hanoi,hcmc",FALSE,TRUE,TRUE
generator_installation_repair,Business & Professional Services,1,taxonomy,Social,Social,"{""Social"": 0.423, ""Necessary"": 0.162, ""Optional"": 0.007}",0.162,0.423,0.007,1,TRUE,4,"hanoi,hcmc",FALSE,TRUE,TRUE
gastroenterologist,Healthcare,1,taxonomy,Social,Social,"{""Social"": 0.399, ""Necessary"": 0.117, ""Optional"": 0.009}",0.117,0.399,0.009,0,TRUE,4,hanoi,FALSE,TRUE,TRUE
glass_blowing,Accommodation & Travel,0.131,bart,Social,Social|Optional,"{""Social"": 0.833, ""Optional"": 0.502, ""Necessary"": 0.176}",0.176,0.833,0.502,1,TRUE,3,hanoi,TRUE,FALSE,TRUE
coworking_space,Business & Professional Services,1,taxonomy,Social,Social,"{""Social"": 0.034, ""Necessary"": 0.023, ""Optional"": 0.001}",0.023,0.034,0.001,1,TRUE,3,"da_nang,hanoi,hcmc",FALSE,TRUE,TRUE
laser_eye_surgery_lasik,Healthcare,1,taxonomy,Social,Social,"{""Social"": 0.218, ""Necessary"": 0.044, ""Optional"": 0.004}",0.044,0.218,0.004,0,TRUE,3,hanoi,FALSE,TRUE,TRUE
beer_wine_and_spirits,Food & Drink,0.272,bart,Social,Social,"{""Social"": 0.832, ""Optional"": 0.058, ""Necessary"": 0.017}",0.017,0.832,0.058,1,TRUE,3,"hanoi,hcmc",TRUE,FALSE,TRUE
wills_trusts_and_probate,Business & Professional Services,1,taxonomy,Social,Social,"{""Social"": 0.39, ""Necessary"": 0.021, ""Optional"": 0.013}",0.021,0.39,0.013,1,TRUE,3,"hanoi,hcmc",FALSE,TRUE,TRUE
architectural_tours,Accommodation & Travel,1,taxonomy,Optional,Optional,"{""Optional"": 0.353, ""Social"": 0.091, ""Necessary"": 0.016}",0.016,0.091,0.353,1,TRUE,3,"da_nang,hanoi,hcmc",FALSE,TRUE,TRUE
texmex_restaurant,Food & Drink,1,taxonomy,Social,Social,"{""Social"": 0.483, ""Optional"": 0.031, ""Necessary"": 0.023}",0.023,0.483,0.031,1,TRUE,3,"hanoi,hcmc",FALSE,TRUE,TRUE
mechanical_engineers,Home & Garden Services,1,taxonomy,Social,Social,"{""Social"": 0.352, ""Necessary"": 0.108, ""Optional"": 0.05}",0.108,0.352,0.05,1,TRUE,3,"hanoi,hcmc",FALSE,TRUE,TRUE
apartments,Business & Professional Services,1,taxonomy,Social,Social,"{""Social"": 0.366, ""Optional"": 0.169, ""Necessary"": 0.141}",0.141,0.366,0.169,1,TRUE,3,hcmc,FALSE,TRUE,TRUE
mobile_phone_accessories,Utilities & Infrastructure,0.324,bart,Social,Social|Optional,"{""Social"": 0.91, ""Optional"": 0.556, ""Necessary"": 0.448}",0.448,0.91,0.556,1,TRUE,3,"da_nang,hcmc",TRUE,FALSE,TRUE
shredding_services,Business & Professional Services,1,taxonomy,Social,Social,"{""Social"": 0.416, ""Optional"": 0.136, ""Necessary"": 0.09}",0.09,0.416,0.136,1,TRUE,3,"can_tho,hanoi",FALSE,TRUE,TRUE
baby_gear_and_furniture,Civic & Government,0.151,bart,Social,Social,"{""Social"": 0.744, ""Optional"": 0.202, ""Necessary"": 0.032}",0.032,0.744,0.202,0,TRUE,3,"can_tho,da_nang,hcmc",TRUE,FALSE,TRUE
packing_services,Home & Garden Services,1,taxonomy,Social,Social|Necessary|Optional,"{""Social"": 0.921, ""Necessary"": 0.713, ""Optional"": 0.515}",0.713,0.921,0.515,1,TRUE,3,hcmc,FALSE,TRUE,TRUE
b2b_scientific_equipment,Business & Professional Services,1,taxonomy,Social,Social,"{""Social"": 0.029, ""Necessary"": 0.028, ""Optional"": 0.002}",0.028,0.029,0.002,1,TRUE,3,hcmc,FALSE,TRUE,TRUE
farm_equipment_and_supply,Business & Professional Services,1,taxonomy,Social,Social,"{""Social"": 0.072, ""Necessary"": 0.007, ""Optional"": 0.001}",0.007,0.072,0.001,1,TRUE,3,hcmc,FALSE,TRUE,TRUE
science_museum,Culture & Arts,1,taxonomy,Optional,Optional,"{""Optional"": 0.445, ""Social"": 0.02, ""Necessary"": 0.011}",0.011,0.02,0.445,1,TRUE,3,"hanoi,hcmc",FALSE,TRUE,TRUE
exhibition_and_trade_center,Culture & Arts,0.544,bart,Necessary,Necessary,"{""Necessary"": 0.027, ""Social"": 0.005, ""Optional"": 0.004}",0.027,0.005,0.004,1,TRUE,3,"hanoi,hcmc",FALSE,TRUE,TRUE
herb_and_spice_shop,Civic & Government,0.096,bart,Social,Social,"{""Social"": 0.485, ""Necessary"": 0.055, ""Optional"": 0.019}",0.055,0.485,0.019,0,TRUE,3,hanoi,TRUE,TRUE,TRUE
temple,Community & Religion,0.704,bart,Optional,Optional,"{""Optional"": 0.102, ""Social"": 0.063, ""Necessary"": 0.015}",0.015,0.063,0.102,1,TRUE,3,"hanoi,hcmc",FALSE,TRUE,TRUE
paving_contractor,Home & Garden Services,1,taxonomy,Social,Social,"{""Social"": 0.444, ""Necessary"": 0.201, ""Optional"": 0.149}",0.201,0.444,0.149,1,TRUE,3,"da_nang,hcmc",FALSE,TRUE,TRUE
afghan_restaurant,Food & Drink,0.497,bart,Social,Social,"{""Social"": 0.426, ""Optional"": 0.024, ""Necessary"": 0.011}",0.011,0.426,0.024,1,TRUE,3,"hanoi,hcmc",FALSE,TRUE,TRUE
public_transportation,Automotive & Transport,0.346,bart,Necessary,Necessary|Social,"{""Necessary"": 0.811, ""Social"": 0.702, ""Optional"": 0.034}",0.811,0.702,0.034,1,TRUE,3,"hanoi,hcmc",TRUE,FALSE,TRUE
courier_and_delivery_services,Automotive & Transport,1,taxonomy,Necessary,Necessary,"{""Necessary"": 0.47, ""Social"": 0.353, ""Optional"": 0.018}",0.47,0.353,0.018,1,TRUE,2,hanoi,FALSE,TRUE,TRUE
woodworking_supply_store,Retail & Shopping,1,taxonomy,Social,Social,"{""Social"": 0.188, ""Necessary"": 0.011, ""Optional"": 0.006}",0.011,0.188,0.006,1,TRUE,2,hcmc,FALSE,TRUE,TRUE
altering_and_remodeling_contractor,Home & Garden Services,1,taxonomy,Social,Social,"{""Social"": 0.09, ""Necessary"": 0.032, ""Optional"": 0.004}",0.032,0.09,0.004,1,TRUE,2,"hanoi,hcmc",FALSE,TRUE,TRUE
sri_lankan_restaurant,Food & Drink,1,taxonomy,Social,Social,"{""Social"": 0.218, ""Necessary"": 0.017, ""Optional"": 0.009}",0.017,0.218,0.009,1,TRUE,2,"hanoi,hcmc",FALSE,TRUE,TRUE
track_stadium,Recreation & Sport,1,taxonomy,Optional,Optional,"{""Optional"": 0.446, ""Necessary"": 0.104, ""Social"": 0.037}",0.104,0.037,0.446,1,TRUE,2,"can_tho,hcmc",FALSE,TRUE,TRUE
business_equipment_and_supply,Business & Professional Services,1,taxonomy,Necessary,Necessary,"{""Necessary"": 0.057, ""Social"": 0.01, ""Optional"": 0.001}",0.057,0.01,0.001,1,TRUE,2,"hanoi,hcmc",FALSE,TRUE,TRUE
trailer_rentals,Automotive & Transport,0.264,bart,Social,Social,"{""Social"": 0.626, ""Optional"": 0.176, ""Necessary"": 0.074}",0.074,0.626,0.176,1,TRUE,2,"da_nang,hcmc",TRUE,FALSE,TRUE
basketball_stadium,Recreation & Sport,1,taxonomy,Optional,Optional,"{""Optional"": 0.484, ""Necessary"": 0.05, ""Social"": 0.004}",0.05,0.004,0.484,1,TRUE,2,"hanoi,hcmc",FALSE,TRUE,TRUE
taxidermist,Business & Professional Services,1,taxonomy,Social,Social,"{""Social"": 0.164, ""Optional"": 0.022, ""Necessary"": 0.007}",0.007,0.164,0.022,1,TRUE,2,hanoi,FALSE,TRUE,TRUE
syrian_restaurant,Food & Drink,1,taxonomy,Social,Social,"{""Social"": 0.357, ""Optional"": 0.02, ""Necessary"": 0.016}",0.016,0.357,0.02,1,TRUE,2,hcmc,FALSE,TRUE,TRUE
ukrainian_restaurant,Food & Drink,1,taxonomy,Social,Social,"{""Social"": 0.495, ""Optional"": 0.055, ""Necessary"": 0.019}",0.019,0.495,0.055,1,TRUE,2,hanoi,FALSE,TRUE,TRUE
child_care_and_day_care,Community & Religion,1,taxonomy,Necessary,Necessary,"{""Necessary"": 0.129, ""Social"": 0.046, ""Optional"": 0.002}",0.129,0.046,0.002,1,TRUE,2,"da_nang,hcmc",FALSE,TRUE,TRUE
cleaning_services,Business & Professional Services,1,taxonomy,Social,Social,"{""Social"": 0.335, ""Necessary"": 0.137, ""Optional"": 0.016}",0.137,0.335,0.016,1,TRUE,2,"da_nang,hcmc",FALSE,TRUE,TRUE
abortion_clinic,Healthcare,1,taxonomy,Social,Social,"{""Social"": 0.009, ""Necessary"": 0.003, ""Optional"": 0.0}",0.003,0.009,0,0,TRUE,2,hanoi,FALSE,TRUE,TRUE
hospital_equipment_and_supplies,Business & Professional Services,1,taxonomy,Social,Social,"{""Social"": 0.047, ""Necessary"": 0.044, ""Optional"": 0.002}",0.044,0.047,0.002,1,TRUE,2,hcmc,FALSE,TRUE,TRUE
junk_removal_and_hauling,Home & Garden Services,1,taxonomy,Necessary,Necessary,"{""Necessary"": 0.057, ""Social"": 0.019, ""Optional"": 0.005}",0.057,0.019,0.005,1,TRUE,2,hcmc,FALSE,TRUE,TRUE
promotional_products_and_services,Business & Professional Services,1,taxonomy,Social,Social,"{""Social"": 0.411, ""Optional"": 0.112, ""Necessary"": 0.021}",0.021,0.411,0.112,1,TRUE,2,hcmc,FALSE,TRUE,TRUE
eastern_european_restaurant,Food & Drink,1,taxonomy,Social,Social,"{""Social"": 0.133, ""Optional"": 0.016, ""Necessary"": 0.014}",0.014,0.133,0.016,1,TRUE,2,hanoi,FALSE,TRUE,TRUE
emergency_pet_hospital,Pet Services,1,taxonomy,Social,Social,"{""Social"": 0.047, ""Necessary"": 0.005, ""Optional"": 0.0}",0.005,0.047,0,1,TRUE,2,"hanoi,hcmc",FALSE,TRUE,TRUE
emergency_room,Healthcare,1,taxonomy,Social,Social,"{""Social"": 0.016, ""Necessary"": 0.001, ""Optional"": 0.0}",0.001,0.016,0,0,TRUE,2,hcmc,FALSE,TRUE,TRUE
nursing_school,Education,1,taxonomy,Social,Social,"{""Social"": 0.372, ""Necessary"": 0.009, ""Optional"": 0.001}",0.009,0.372,0.001,0,TRUE,2,"hanoi,hcmc",FALSE,TRUE,TRUE
planetarium,Culture & Arts,1,taxonomy,Social,Social,"{""Social"": 0.256, ""Optional"": 0.087, ""Necessary"": 0.012}",0.012,0.256,0.087,1,TRUE,2,"hanoi,hcmc",FALSE,TRUE,TRUE
lebanese_restaurant,Food & Drink,1,taxonomy,Social,Social,"{""Social"": 0.432, ""Necessary"": 0.021, ""Optional"": 0.016}",0.021,0.432,0.016,1,TRUE,2,"hanoi,hcmc",FALSE,TRUE,TRUE
peruvian_restaurant,Food & Drink,1,taxonomy,Social,Social,"{""Social"": 0.435, ""Necessary"": 0.02, ""Optional"": 0.016}",0.02,0.435,0.016,1,TRUE,2,hcmc,FALSE,TRUE,TRUE
seafood_wholesaler,Business & Professional Services,1,taxonomy,Social,Social,"{""Social"": 0.412, ""Necessary"": 0.129, ""Optional"": 0.04}",0.129,0.412,0.04,1,TRUE,2,"can_tho,hcmc",FALSE,TRUE,TRUE
guatemalan_restaurant,Food & Drink,1,taxonomy,Social,Social,"{""Social"": 0.387, ""Optional"": 0.023, ""Necessary"": 0.021}",0.021,0.387,0.023,1,TRUE,2,"hanoi,hcmc",FALSE,TRUE,TRUE
laundry_services,Home & Garden Services,1,taxonomy,Social,Social,"{""Social"": 0.253, ""Necessary"": 0.086, ""Optional"": 0.015}",0.086,0.253,0.015,1,TRUE,2,"da_nang,hcmc",FALSE,TRUE,TRUE
frozen_foods,Accommodation & Travel,0.164,bart,Social,Social,"{""Social"": 0.634, ""Necessary"": 0.139, ""Optional"": 0.101}",0.139,0.634,0.101,1,TRUE,2,"hanoi,hcmc",TRUE,FALSE,TRUE
hearing_aid_provider,Healthcare,0.227,bart,Social,Social,"{""Social"": 0.742, ""Necessary"": 0.139, ""Optional"": 0.077}",0.139,0.742,0.077,0,TRUE,2,hcmc,TRUE,FALSE,TRUE
honduran_restaurant,Food & Drink,1,taxonomy,Social,Social,"{""Social"": 0.448, ""Optional"": 0.03, ""Necessary"": 0.02}",0.02,0.448,0.03,1,TRUE,2,"hanoi,hcmc",FALSE,TRUE,TRUE
packaging_contractors_and_service,Automotive & Transport,1,taxonomy,Social,Social,"{""Social"": 0.432, ""Necessary"": 0.056, ""Optional"": 0.049}",0.056,0.432,0.049,1,TRUE,1,hcmc,FALSE,TRUE,TRUE
b2b_medical_support_services,Business & Professional Services,1,taxonomy,Social,Social,"{""Social"": 0.161, ""Necessary"": 0.155, ""Optional"": 0.003}",0.155,0.161,0.003,1,TRUE,1,hanoi,FALSE,TRUE,TRUE
b2b_farming,Business & Professional Services,1,taxonomy,Social,Social,"{""Social"": 0.321, ""Optional"": 0.02, ""Necessary"": 0.014}",0.014,0.321,0.02,1,TRUE,1,hanoi,FALSE,TRUE,TRUE
organization,Civic & Government,1,taxonomy,Necessary,Necessary,"{""Necessary"": 0.074, ""Social"": 0.039, ""Optional"": 0.005}",0.074,0.039,0.005,0,TRUE,1,hanoi,FALSE,TRUE,TRUE
trucks_and_industrial_vehicles,Agriculture & Industry,0.412,bart,Necessary,Necessary,"{""Necessary"": 0.066, ""Social"": 0.008, ""Optional"": 0.007}",0.066,0.008,0.007,1,TRUE,1,hcmc,FALSE,TRUE,TRUE
b2b_truck_equipment_parts_and_accessories,Civic & Government,0.14,bart,Social,Social,"{""Social"": 0.512, ""Optional"": 0.13, ""Necessary"": 0.112}",0.112,0.512,0.13,0,TRUE,1,hcmc,TRUE,FALSE,TRUE
grilling_equipment,Recreation & Sport,0.116,bart,Social,Social,"{""Social"": 0.846, ""Optional"": 0.099, ""Necessary"": 0.023}",0.023,0.846,0.099,1,TRUE,1,hcmc,TRUE,FALSE,TRUE
trains,Automotive & Transport,1,taxonomy,Necessary,Necessary,"{""Necessary"": 0.247, ""Social"": 0.235, ""Optional"": 0.078}",0.247,0.235,0.078,1,TRUE,1,hanoi,FALSE,TRUE,TRUE
gun_and_ammo,Civic & Government,0.165,bart,Social,Social,"{""Social"": 0.744, ""Optional"": 0.343, ""Necessary"": 0.03}",0.03,0.744,0.343,0,TRUE,1,hanoi,TRUE,FALSE,TRUE
bathroom_fixture_stores,Retail & Shopping,1,taxonomy,Social,Social,"{""Social"": 0.113, ""Necessary"": 0.049, ""Optional"": 0.014}",0.049,0.113,0.014,1,TRUE,1,hanoi,FALSE,TRUE,TRUE
truck_gas_station,Automotive & Transport,1,taxonomy,Social,Social,"{""Social"": 0.259, ""Optional"": 0.08, ""Necessary"": 0.052}",0.052,0.259,0.08,1,TRUE,1,hcmc,FALSE,TRUE,TRUE
dental_laboratories,Healthcare,0.78,bart,Social,Social,"{""Social"": 0.082, ""Necessary"": 0.048, ""Optional"": 0.002}",0.048,0.082,0.002,0,TRUE,1,hanoi,FALSE,TRUE,TRUE
hockey_arena,Recreation & Sport,1,taxonomy,Optional,Optional,"{""Optional"": 0.476, ""Social"": 0.406, ""Necessary"": 0.053}",0.053,0.406,0.476,1,TRUE,1,hcmc,FALSE,TRUE,TRUE
laboratory_equipment_supplier,Business & Professional Services,1,taxonomy,Social,Social,"{""Social"": 0.041, ""Necessary"": 0.011, ""Optional"": 0.005}",0.011,0.041,0.005,1,TRUE,1,hcmc,FALSE,TRUE,TRUE
animal_hospital,Pet Services,1,taxonomy,Social,Social,"{""Social"": 0.367, ""Optional"": 0.092, ""Necessary"": 0.015}",0.015,0.367,0.092,1,TRUE,1,hcmc,FALSE,TRUE,TRUE
knitting_supply,Utilities & Infrastructure,0.277,bart,Social,Social,"{""Social"": 0.904, ""Necessary"": 0.197, ""Optional"": 0.195}",0.197,0.904,0.195,1,TRUE,1,hcmc,TRUE,FALSE,TRUE
kosher_restaurant,Food & Drink,1,taxonomy,Social,Social,"{""Social"": 0.33, ""Necessary"": 0.019, ""Optional"": 0.017}",0.019,0.33,0.017,1,TRUE,1,hcmc,FALSE,TRUE,TRUE
window_treatment_store,Retail & Shopping,1,taxonomy,Social,Social,"{""Social"": 0.494, ""Optional"": 0.222, ""Necessary"": 0.104}",0.104,0.494,0.222,1,TRUE,1,hcmc,FALSE,TRUE,TRUE
leather_products_manufacturer,Business & Professional Services,1,taxonomy,Social,Social,"{""Social"": 0.46, ""Optional"": 0.075, ""Necessary"": 0.039}",0.039,0.46,0.075,1,TRUE,1,hanoi,FALSE,TRUE,TRUE
machine_and_tool_rentals,Business & Professional Services,1,taxonomy,Social,Social,"{""Social"": 0.097, ""Necessary"": 0.045, ""Optional"": 0.003}",0.045,0.097,0.003,1,TRUE,1,hanoi,FALSE,TRUE,TRUE
addiction_rehabilitation_center,Healthcare,1,taxonomy,Social,Social,"{""Social"": 0.012, ""Necessary"": 0.001, ""Optional"": 0.0}",0.001,0.012,0,0,TRUE,1,hcmc,FALSE,TRUE,TRUE
jamaican_restaurant,Food & Drink,1,taxonomy,Social,Social,"{""Social"": 0.497, ""Optional"": 0.023, ""Necessary"": 0.018}",0.018,0.497,0.023,1,TRUE,1,hcmc,FALSE,TRUE,TRUE
oil_and_gas,Business & Professional Services,1,taxonomy,Social,Social,"{""Social"": 0.253, ""Necessary"": 0.069, ""Optional"": 0.025}",0.069,0.253,0.025,1,TRUE,1,hcmc,FALSE,TRUE,TRUE
australian_restaurant,Food & Drink,1,taxonomy,Social,Social,"{""Social"": 0.449, ""Optional"": 0.06, ""Necessary"": 0.03}",0.03,0.449,0.06,1,TRUE,1,hanoi,FALSE,TRUE,TRUE
hot_air_balloons_tour,Accommodation & Travel,1,taxonomy,Optional,Optional,"{""Optional"": 0.442, ""Social"": 0.426, ""Necessary"": 0.016}",0.016,0.426,0.442,1,TRUE,1,hanoi,FALSE,TRUE,TRUE
washer_and_dryer_repair_service,Home & Garden Services,1,taxonomy,Social,Social,"{""Social"": 0.16, ""Necessary"": 0.05, ""Optional"": 0.001}",0.05,0.16,0.001,1,TRUE,1,hcmc,FALSE,TRUE,TRUE
argentine_restaurant,Food & Drink,1,taxonomy,Social,Social,"{""Social"": 0.329, ""Optional"": 0.045, ""Necessary"": 0.017}",0.017,0.329,0.045,1,TRUE,1,hcmc,FALSE,TRUE,TRUE
industrial_spares_and_products_wholesaler,Business & Professional Services,1,taxonomy,Social,Social,"{""Social"": 0.029, ""Necessary"": 0.012, ""Optional"": 0.001}",0.012,0.029,0.001,1,TRUE,1,hanoi,FALSE,TRUE,TRUE
archery_shop,Recreation & Sport,0.122,bart,Social,Social,"{""Social"": 0.69, ""Optional"": 0.234, ""Necessary"": 0.048}",0.048,0.69,0.234,1,TRUE,1,hanoi,TRUE,FALSE,TRUE
persian_iranian_restaurant,Food & Drink,0.497,bart,Social,Social,"{""Social"": 0.167, ""Necessary"": 0.013, ""Optional"": 0.013}",0.013,0.167,0.013,1,TRUE,1,hanoi,FALSE,TRUE,TRUE
electrical_wholesaler,Business & Professional Services,1,taxonomy,Social,Social,"{""Social"": 0.42, ""Optional"": 0.15, ""Necessary"": 0.111}",0.111,0.42,0.15,1,TRUE,1,hanoi,FALSE,TRUE,TRUE
dumpling_restaurant,Food & Drink,1,taxonomy,Social,Social,"{""Social"": 0.367, ""Necessary"": 0.024, ""Optional"": 0.011}",0.024,0.367,0.011,1,TRUE,1,hanoi,FALSE,TRUE,TRUE
dumpster_rentals,Business & Professional Services,1,taxonomy,Social,Social,"{""Social"": 0.216, ""Optional"": 0.141, ""Necessary"": 0.019}",0.019,0.216,0.141,1,TRUE,1,da_nang,FALSE,TRUE,TRUE
ecuadorian_restaurant,Food & Drink,1,taxonomy,Social,Social,"{""Social"": 0.494, ""Necessary"": 0.023, ""Optional"": 0.02}",0.023,0.494,0.02,1,TRUE,1,hanoi,FALSE,TRUE,TRUE
coal_and_coke,Business & Professional Services,1,taxonomy,Social,Social,"{""Social"": 0.142, ""Optional"": 0.014, ""Necessary"": 0.013}",0.013,0.142,0.014,1,TRUE,1,hcmc,FALSE,TRUE,TRUE
electronics_repair_shop,Business & Professional Services,1,taxonomy,Necessary,Necessary,"{""Necessary"": 0.067, ""Social"": 0.018, ""Optional"": 0.001}",0.067,0.018,0.001,1,TRUE,1,hcmc,FALSE,TRUE,TRUE
recording_and_rehearsal_studio,Business & Professional Services,1,taxonomy,Necessary,Necessary,"{""Necessary"": 0.003, ""Social"": 0.001, ""Optional"": 0.0}",0.003,0.001,0,1,TRUE,1,hcmc,FALSE,TRUE,TRUE
engine_repair_service,Automotive & Transport,1,taxonomy,Social,Social,"{""Social"": 0.469, ""Necessary"": 0.053, ""Optional"": 0.002}",0.053,0.469,0.002,1,TRUE,1,hcmc,FALSE,TRUE,TRUE
ranch,Agriculture & Industry,1,taxonomy,Social,Social|Optional|Necessary,"{""Social"": 0.95, ""Optional"": 0.847, ""Necessary"": 0.542}",0.542,0.95,0.847,1,TRUE,1,hcmc,FALSE,TRUE,TRUE
cosmetic_products_manufacturer,Business & Professional Services,1,taxonomy,Social,Social,"{""Social"": 0.324, ""Optional"": 0.049, ""Necessary"": 0.025}",0.025,0.324,0.049,1,TRUE,1,hanoi,FALSE,TRUE,TRUE
slovakian_restaurant,Food & Drink,1,taxonomy,Social,Social,"{""Social"": 0.48, ""Optional"": 0.05, ""Necessary"": 0.028}",0.028,0.48,0.05,1,TRUE,1,hanoi,FALSE,TRUE,TRUE
scuba_diving_instruction,Recreation & Sport,1,taxonomy,Social,Social,"{""Social"": 0.059, ""Necessary"": 0.018, ""Optional"": 0.003}",0.018,0.059,0.003,1,TRUE,1,hcmc,FALSE,TRUE,TRUE
dental_supply_store,Retail & Shopping,1,taxonomy,Necessary,Necessary,"{""Necessary"": 0.137, ""Social"": 0.057, ""Optional"": 0.002}",0.137,0.057,0.002,1,TRUE,1,hcmc,FALSE,TRUE,TRUE
cycling_classes,Recreation & Sport,0.182,bart,Social,Social|Optional,"{""Social"": 0.854, ""Optional"": 0.541, ""Necessary"": 0.352}",0.352,0.854,0.541,1,TRUE,1,hanoi,TRUE,FALSE,TRUE
shipping_collection_services,Automotive & Transport,1,taxonomy,Social,Social,"{""Social"": 0.325, ""Necessary"": 0.122, ""Optional"": 0.018}",0.122,0.325,0.018,1,TRUE,1,hcmc,FALSE,TRUE,TRUE
customized_merchandise,Retail & Shopping,0.168,bart,Social,Social,"{""Social"": 0.119, ""Necessary"": 0.032, ""Optional"": 0.02}",0.032,0.119,0.02,1,TRUE,1,hcmc,TRUE,TRUE,TRUE
dialysis_clinic,Healthcare,1,taxonomy,Necessary,Necessary,"{""Necessary"": 0.152, ""Social"": 0.032, ""Optional"": 0.001}",0.152,0.032,0.001,0,TRUE,1,hanoi,FALSE,TRUE,TRUE
crisis_intervention_services,Healthcare,1,taxonomy,Social,Social,"{""Social"": 0.119, ""Necessary"": 0.004, ""Optional"": 0.0}",0.004,0.119,0,0,TRUE,1,da_nang,FALSE,TRUE,TRUE
dog_walkers,Pet Services,1,taxonomy,Social,Social|Optional|Necessary,"{""Social"": 0.967, ""Optional"": 0.883, ""Necessary"": 0.504}",0.504,0.967,0.883,1,TRUE,1,hanoi,FALSE,TRUE,TRUE
scandinavian_restaurant,Food & Drink,1,taxonomy,Social,Social,"{""Social"": 0.472, ""Optional"": 0.049, ""Necessary"": 0.026}",0.026,0.472,0.049,1,TRUE,1,hcmc,FALSE,TRUE,TRUE
ski_and_snowboard_shop,Recreation & Sport,0.376,bart,Optional,Optional,"{""Optional"": 0.359, ""Social"": 0.221, ""Necessary"": 0.035}",0.035,0.221,0.359,1,TRUE,1,hcmc,FALSE,TRUE,TRUE
salvadoran_restaurant,Food & Drink,1,taxonomy,Social,Social,"{""Social"": 0.362, ""Optional"": 0.039, ""Necessary"": 0.024}",0.024,0.362,0.039,1,TRUE,1,hanoi,FALSE,TRUE,TRUE
counseling_and_mental_health,Healthcare,1,taxonomy,Social,Social,"{""Social"": 0.064, ""Necessary"": 0.019, ""Optional"": 0.0}",0.019,0.064,0,0,TRUE,1,hanoi,FALSE,TRUE,TRUE
chilean_restaurant,Food & Drink,1,taxonomy,Social,Social,"{""Social"": 0.497, ""Optional"": 0.053, ""Necessary"": 0.028}",0.028,0.497,0.053,1,TRUE,1,can_tho,FALSE,TRUE,TRUE
formal_wear_store,Retail & Shopping,1,taxonomy,Social,Social,"{""Social"": 0.098, ""Necessary"": 0.072, ""Optional"": 0.023}",0.072,0.098,0.023,1,TRUE,1,hcmc,FALSE,TRUE,TRUE
polish_restaurant,Food & Drink,1,taxonomy,Social,Social,"{""Social"": 0.482, ""Optional"": 0.023, ""Necessary"": 0.017}",0.017,0.482,0.023,1,TRUE,1,hanoi,FALSE,TRUE,TRUE
food_and_beverage_exporter,Business & Professional Services,1,taxonomy,Social,Social,"{""Social"": 0.498, ""Necessary"": 0.119, ""Optional"": 0.027}",0.119,0.498,0.027,1,TRUE,1,hcmc,FALSE,TRUE,TRUE
food_safety_training,Education,1,taxonomy,Social,Social,"{""Social"": 0.032, ""Necessary"": 0.009, ""Optional"": 0.0}",0.009,0.032,0,0,TRUE,1,hcmc,FALSE,TRUE,TRUE
brake_service_and_repair,Automotive & Transport,1,taxonomy,Social,Social,"{""Social"": 0.424, ""Necessary"": 0.179, ""Optional"": 0.003}",0.179,0.424,0.003,1,TRUE,1,hanoi,FALSE,TRUE,TRUE
radio_and_television_commercials,Business & Professional Services,1,taxonomy,Necessary,Necessary,"{""Necessary"": 0.024, ""Social"": 0.02, ""Optional"": 0.012}",0.024,0.02,0.012,1,TRUE,1,hanoi,FALSE,TRUE,TRUE
furniture_accessory_store,Retail & Shopping,1,taxonomy,Social,Social,"{""Social"": 0.196, ""Necessary"": 0.027, ""Optional"": 0.025}",0.027,0.196,0.025,1,TRUE,1,hanoi,FALSE,TRUE,TRUE
pharmaceutical_products_wholesaler,Business & Professional Services,1,taxonomy,Necessary,Necessary,"{""Necessary"": 0.147, ""Social"": 0.126, ""Optional"": 0.027}",0.147,0.126,0.027,1,TRUE,1,hcmc,FALSE,TRUE,TRUE
furniture_reupholstery,Home & Garden Services,1,taxonomy,Social,Social,"{""Social"": 0.436, ""Optional"": 0.057, ""Necessary"": 0.033}",0.033,0.436,0.057,1,TRUE,1,hanoi,FALSE,TRUE,TRUE
fertilizer_store,Business & Professional Services,1,taxonomy,Social,Social,"{""Social"": 0.208, ""Necessary"": 0.05, ""Optional"": 0.042}",0.05,0.208,0.042,1,TRUE,1,hcmc,FALSE,TRUE,TRUE
business_office_supplies_and_stationery,Business & Professional Services,1,taxonomy,Social,Social,"{""Social"": 0.01, ""Necessary"": 0.006, ""Optional"": 0.001}",0.006,0.01,0.001,1,TRUE,1,hcmc,FALSE,TRUE,TRUE
ethical_grocery,Civic & Government,0.187,bart,Social,Social,"{""Social"": 0.583, ""Necessary"": 0.227, ""Optional"": 0.01}",0.227,0.583,0.01,0,TRUE,1,hanoi,TRUE,FALSE,TRUE
event_technology_service,Business & Professional Services,1,taxonomy,Social,Social,"{""Social"": 0.457, ""Necessary"": 0.086, ""Optional"": 0.029}",0.086,0.457,0.029,1,TRUE,1,da_nang,FALSE,TRUE,TRUE
cambodian_restaurant,Food & Drink,1,taxonomy,Social,Social,"{""Social"": 0.41, ""Necessary"": 0.022, ""Optional"": 0.021}",0.022,0.41,0.021,1,TRUE,1,can_tho,FALSE,TRUE,TRUE
produce_wholesaler,Business & Professional Services,1,taxonomy,Social,Social,"{""Social"": 0.371, ""Necessary"": 0.194, ""Optional"": 0.014}",0.194,0.371,0.014,1,TRUE,1,hcmc,FALSE,TRUE,TRUE
farming_services,Business & Professional Services,1,taxonomy,Social,Social,"{""Social"": 0.151, ""Necessary"": 0.031, ""Optional"": 0.006}",0.031,0.151,0.006,1,TRUE,1,hanoi,FALSE,TRUE,TRUE
business_schools,Education,1,taxonomy,Social,Social,"{""Social"": 0.249, ""Necessary"": 0.01, ""Optional"": 0.003}",0.01,0.249,0.003,0,TRUE,1,hcmc,FALSE,TRUE,TRUE
coffee_shop,Food & Drink,1,taxonomy,Social,Social,"{""Social"": 0.964, ""Necessary"": 0.23, ""Optional"": 0.014}",0.23,0.964,0.014,1,TRUE,31400,"can_tho,da_nang,hanoi,hcmc,pleiku",FALSE,FALSE,FALSE
shopping,Retail & Shopping,1,taxonomy,Necessary,Necessary,"{""Necessary"": 0.53, ""Social"": 0.008, ""Optional"": 0.006}",0.53,0.008,0.006,1,TRUE,30550,"can_tho,da_nang,hanoi,hcmc,pleiku",FALSE,FALSE,FALSE
real_estate_service,Business & Professional Services,1,taxonomy,Social,Social,"{""Social"": 0.844, ""Optional"": 0.307, ""Necessary"": 0.048}",0.048,0.844,0.307,1,TRUE,21521,"can_tho,da_nang,hanoi,hcmc,pleiku",FALSE,FALSE,FALSE
beauty_salon,Beauty & Personal Care,1,taxonomy,Social,Social,"{""Social"": 0.535, ""Optional"": 0.043, ""Necessary"": 0.011}",0.011,0.535,0.043,1,TRUE,15811,"can_tho,da_nang,hanoi,hcmc,pleiku",FALSE,FALSE,FALSE
cafe,Food & Drink,1,taxonomy,Social,Social,"{""Social"": 0.972, ""Necessary"": 0.224, ""Optional"": 0.037}",0.224,0.972,0.037,1,TRUE,14839,"can_tho,da_nang,hanoi,hcmc,pleiku",FALSE,FALSE,FALSE
diner,Food & Drink,1,taxonomy,Social,Social,"{""Social"": 0.557, ""Necessary"": 0.065, ""Optional"": 0.008}",0.065,0.557,0.008,1,TRUE,10047,"can_tho,da_nang,hanoi,hcmc,pleiku",FALSE,FALSE,FALSE
education,Education,1,taxonomy,Social,Social,"{""Social"": 0.66, ""Optional"": 0.004, ""Necessary"": 0.003}",0.003,0.66,0.004,0,TRUE,7745,"can_tho,da_nang,hanoi,hcmc,pleiku",FALSE,FALSE,FALSE
car_dealer,Automotive & Transport,1,taxonomy,Social,Social|Optional,"{""Social"": 0.862, ""Optional"": 0.543, ""Necessary"": 0.232}",0.232,0.862,0.543,1,TRUE,7260,"can_tho,da_nang,hanoi,hcmc,pleiku",FALSE,FALSE,FALSE
vietnamese_restaurant,Food & Drink,1,taxonomy,Social,Social,"{""Social"": 0.534, ""Necessary"": 0.029, ""Optional"": 0.012}",0.029,0.534,0.012,1,TRUE,7245,"can_tho,da_nang,hanoi,hcmc,pleiku",FALSE,FALSE,FALSE
bakery,Food & Drink,1,taxonomy,Social,Social,"{""Social"": 0.509, ""Necessary"": 0.073, ""Optional"": 0.012}",0.073,0.509,0.012,1,TRUE,7109,"can_tho,da_nang,hanoi,hcmc,pleiku",FALSE,FALSE,FALSE
hair_salon,Beauty & Personal Care,1,taxonomy,Social,Social,"{""Social"": 0.649, ""Optional"": 0.069, ""Necessary"": 0.014}",0.014,0.649,0.069,1,TRUE,5949,"can_tho,da_nang,hanoi,hcmc,pleiku",FALSE,FALSE,FALSE
barber,Beauty & Personal Care,1,taxonomy,Social,Social,"{""Social"": 0.672, ""Optional"": 0.15, ""Necessary"": 0.082}",0.082,0.672,0.15,1,TRUE,5223,"can_tho,da_nang,hanoi,hcmc,pleiku",FALSE,FALSE,FALSE
shoe_store,Retail & Shopping,1,taxonomy,Social,Social,"{""Social"": 0.54, ""Necessary"": 0.113, ""Optional"": 0.073}",0.113,0.54,0.073,1,TRUE,4993,"can_tho,da_nang,hanoi,hcmc,pleiku",FALSE,FALSE,FALSE
elementary_school,Education,1,taxonomy,Social,Social,"{""Social"": 0.858, ""Optional"": 0.068, ""Necessary"": 0.009}",0.009,0.858,0.068,0,TRUE,4623,"can_tho,da_nang,hanoi,hcmc,pleiku",FALSE,FALSE,FALSE
pharmacy,Retail & Shopping,1,taxonomy,Necessary,Necessary,"{""Necessary"": 0.677, ""Social"": 0.032, ""Optional"": 0.002}",0.677,0.032,0.002,1,TRUE,4550,"can_tho,da_nang,hanoi,hcmc,pleiku",FALSE,FALSE,FALSE
real_estate_agent,Business & Professional Services,1,taxonomy,Social,Social,"{""Social"": 0.801, ""Optional"": 0.396, ""Necessary"": 0.046}",0.046,0.801,0.396,1,TRUE,4519,"can_tho,da_nang,hanoi,hcmc,pleiku",FALSE,FALSE,FALSE
fashion_accessories_store,Retail & Shopping,1,taxonomy,Social,Social,"{""Social"": 0.55, ""Necessary"": 0.064, ""Optional"": 0.031}",0.064,0.55,0.031,1,TRUE,4388,"can_tho,da_nang,hanoi,hcmc,pleiku",FALSE,FALSE,FALSE
nail_salon,Beauty & Personal Care,1,taxonomy,Social,Social,"{""Social"": 0.504, ""Necessary"": 0.056, ""Optional"": 0.025}",0.056,0.504,0.025,1,TRUE,4052,"can_tho,da_nang,hanoi,hcmc,pleiku",FALSE,FALSE,FALSE
interior_design,Home & Garden Services,1,taxonomy,Social,Social|Optional,"{""Social"": 0.924, ""Optional"": 0.668, ""Necessary"": 0.386}",0.386,0.924,0.668,1,TRUE,3918,"can_tho,da_nang,hanoi,hcmc,pleiku",FALSE,FALSE,FALSE
home_goods_store,Retail & Shopping,1,taxonomy,Social,Social,"{""Social"": 0.715, ""Necessary"": 0.138, ""Optional"": 0.046}",0.138,0.715,0.046,1,TRUE,3549,"can_tho,da_nang,hanoi,hcmc,pleiku",FALSE,FALSE,FALSE
jewelry_store,Retail & Shopping,1,taxonomy,Social,Social,"{""Social"": 0.628, ""Optional"": 0.077, ""Necessary"": 0.018}",0.018,0.628,0.077,1,TRUE,3449,"can_tho,da_nang,hanoi,hcmc,pleiku",FALSE,FALSE,FALSE
preschool,Education,1,taxonomy,Social,Social,"{""Social"": 0.573, ""Optional"": 0.018, ""Necessary"": 0.001}",0.001,0.573,0.018,0,TRUE,3423,"can_tho,da_nang,hanoi,hcmc,pleiku",FALSE,FALSE,FALSE
gym,Recreation & Sport,1,taxonomy,Social,Social,"{""Social"": 0.66, ""Optional"": 0.182, ""Necessary"": 0.139}",0.139,0.66,0.182,1,TRUE,3393,"can_tho,da_nang,hanoi,hcmc,pleiku",FALSE,FALSE,FALSE
printing_services,Business & Professional Services,1,taxonomy,Social,Social,"{""Social"": 0.859, ""Necessary"": 0.281, ""Optional"": 0.268}",0.281,0.859,0.268,1,TRUE,3359,"can_tho,da_nang,hanoi,hcmc,pleiku",FALSE,FALSE,FALSE
tours,Automotive & Transport,1,taxonomy,Optional,Optional,"{""Optional"": 0.677, ""Social"": 0.458, ""Necessary"": 0.016}",0.016,0.458,0.677,1,TRUE,3203,"can_tho,da_nang,hanoi,hcmc,pleiku",FALSE,FALSE,FALSE
college_university,Education,1,taxonomy,Social,Social,"{""Social"": 0.843, ""Optional"": 0.164, ""Necessary"": 0.006}",0.006,0.843,0.164,0,TRUE,3056,"can_tho,da_nang,hanoi,hcmc,pleiku",FALSE,FALSE,FALSE
arts_and_entertainment,Culture & Arts,1,taxonomy,Optional,Optional,"{""Optional"": 0.945, ""Social"": 0.041, ""Necessary"": 0.0}",0,0.041,0.945,1,TRUE,2996,"can_tho,da_nang,hanoi,hcmc,pleiku",FALSE,FALSE,FALSE
language_school,Education,1,taxonomy,Social,Social,"{""Social"": 0.786, ""Optional"": 0.016, ""Necessary"": 0.009}",0.009,0.786,0.016,0,TRUE,2697,"can_tho,da_nang,hanoi,hcmc,pleiku",FALSE,FALSE,FALSE
bar,Food & Drink,1,taxonomy,Social,Social|Optional,"{""Social"": 0.943, ""Optional"": 0.64, ""Necessary"": 0.17}",0.17,0.943,0.64,1,TRUE,2476,"can_tho,da_nang,hanoi,hcmc,pleiku",FALSE,FALSE,FALSE
transportation,Automotive & Transport,0.424,bart,Necessary,Necessary,"{""Necessary"": 0.877, ""Social"": 0.224, ""Optional"": 0.008}",0.877,0.224,0.008,1,TRUE,2456,"can_tho,da_nang,hanoi,hcmc,pleiku",FALSE,FALSE,FALSE
bank_credit_union,Business & Professional Services,1,taxonomy,Social,Social,"{""Social"": 0.833, ""Optional"": 0.343, ""Necessary"": 0.075}",0.075,0.833,0.343,1,TRUE,2452,"can_tho,da_nang,hanoi,hcmc,pleiku",FALSE,FALSE,FALSE
health_spa,Beauty & Personal Care,1,taxonomy,Social,Social,"{""Social"": 0.546, ""Necessary"": 0.065, ""Optional"": 0.035}",0.065,0.546,0.035,1,TRUE,2382,"can_tho,da_nang,hanoi,hcmc,pleiku",FALSE,FALSE,FALSE
shopping_center,Retail & Shopping,1,taxonomy,Necessary,Necessary,"{""Necessary"": 0.736, ""Social"": 0.002, ""Optional"": 0.001}",0.736,0.002,0.001,1,TRUE,2361,"can_tho,da_nang,hanoi,hcmc,pleiku",FALSE,FALSE,FALSE
architectural_designer,Business & Professional Services,1,taxonomy,Social,Social|Optional,"{""Social"": 0.857, ""Optional"": 0.578, ""Necessary"": 0.229}",0.229,0.857,0.578,1,TRUE,2208,"can_tho,da_nang,hanoi,hcmc,pleiku",FALSE,FALSE,FALSE
tea_room,Food & Drink,1,taxonomy,Social,Social,"{""Social"": 0.912, ""Optional"": 0.263, ""Necessary"": 0.025}",0.025,0.912,0.263,1,TRUE,2171,"can_tho,da_nang,hanoi,hcmc,pleiku",FALSE,FALSE,FALSE
motorcycle_repair,Automotive & Transport,1,taxonomy,Social,Social,"{""Social"": 0.603, ""Necessary"": 0.343, ""Optional"": 0.168}",0.343,0.603,0.168,1,TRUE,2093,"can_tho,da_nang,hanoi,hcmc,pleiku",FALSE,FALSE,FALSE
software_development,Business & Professional Services,1,taxonomy,Social,Social,"{""Social"": 0.802, ""Optional"": 0.146, ""Necessary"": 0.025}",0.025,0.802,0.146,1,TRUE,2041,"can_tho,da_nang,hanoi,hcmc,pleiku",FALSE,FALSE,FALSE
advertising_agency,Business & Professional Services,1,taxonomy,Social,Social,"{""Social"": 0.881, ""Optional"": 0.492, ""Necessary"": 0.146}",0.146,0.881,0.492,1,TRUE,1832,"can_tho,da_nang,hanoi,hcmc,pleiku",FALSE,FALSE,FALSE
convenience_store,Daily Needs & Grocery,1,taxonomy,Necessary,Necessary,"{""Necessary"": 0.657, ""Social"": 0.02, ""Optional"": 0.001}",0.657,0.02,0.001,1,TRUE,1789,"can_tho,da_nang,hanoi,hcmc,pleiku",FALSE,FALSE,FALSE
bridal_shop,Retail & Shopping,1,taxonomy,Social,Social,"{""Social"": 0.9, ""Optional"": 0.401, ""Necessary"": 0.169}",0.169,0.9,0.401,1,TRUE,1673,"can_tho,da_nang,hanoi,hcmc,pleiku",FALSE,FALSE,FALSE
motorcycle_dealer,Automotive & Transport,1,taxonomy,Social,Social|Optional,"{""Social"": 0.784, ""Optional"": 0.613, ""Necessary"": 0.428}",0.428,0.784,0.613,1,TRUE,1660,"can_tho,da_nang,hanoi,hcmc,pleiku",FALSE,FALSE,FALSE
home_staging,Business & Professional Services,1,taxonomy,Social,Social,"{""Social"": 0.832, ""Optional"": 0.416, ""Necessary"": 0.061}",0.061,0.832,0.416,1,TRUE,1550,"can_tho,da_nang,hanoi,hcmc,pleiku",FALSE,FALSE,FALSE
korean_restaurant,Food & Drink,1,taxonomy,Social,Social,"{""Social"": 0.611, ""Necessary"": 0.032, ""Optional"": 0.024}",0.032,0.611,0.024,1,TRUE,1525,"can_tho,da_nang,hanoi,hcmc,pleiku",FALSE,FALSE,FALSE
arts_and_crafts,Culture & Arts,0.441,bart,Social,Social,"{""Social"": 0.501, ""Optional"": 0.128, ""Necessary"": 0.001}",0.001,0.501,0.128,1,TRUE,1523,"can_tho,da_nang,hanoi,hcmc,pleiku",FALSE,FALSE,FALSE
information_technology_company,Business & Professional Services,1,taxonomy,Social,Social,"{""Social"": 0.621, ""Optional"": 0.225, ""Necessary"": 0.084}",0.084,0.621,0.225,1,TRUE,1499,"can_tho,da_nang,hanoi,hcmc,pleiku",FALSE,FALSE,FALSE
church_cathedral,Community & Religion,0.75,bart,Social,Social,"{""Social"": 0.688, ""Optional"": 0.088, ""Necessary"": 0.018}",0.018,0.688,0.088,1,TRUE,1499,"can_tho,da_nang,hanoi,hcmc,pleiku",FALSE,FALSE,FALSE
campus_building,Education,1,taxonomy,Social,Social,"{""Social"": 0.659, ""Optional"": 0.213, ""Necessary"": 0.184}",0.184,0.659,0.213,0,TRUE,1461,"can_tho,da_nang,hanoi,hcmc,pleiku",FALSE,FALSE,FALSE
lawyer,Business & Professional Services,1,taxonomy,Social,Social|Optional,"{""Social"": 0.89, ""Optional"": 0.586, ""Necessary"": 0.291}",0.291,0.89,0.586,1,TRUE,1420,"can_tho,da_nang,hanoi,hcmc,pleiku",FALSE,FALSE,FALSE
financial_service,Business & Professional Services,1,taxonomy,Social,Social,"{""Social"": 0.743, ""Necessary"": 0.162, ""Optional"": 0.092}",0.162,0.743,0.092,1,TRUE,1420,"can_tho,da_nang,hanoi,hcmc,pleiku",FALSE,FALSE,FALSE
asian_restaurant,Food & Drink,1,taxonomy,Social,Social,"{""Social"": 0.626, ""Optional"": 0.047, ""Necessary"": 0.027}",0.027,0.626,0.047,1,TRUE,1404,"can_tho,da_nang,hanoi,hcmc,pleiku",FALSE,FALSE,FALSE
sporting_goods,Recreation & Sport,0.455,bart,Optional,Optional|Social,"{""Optional"": 0.85, ""Social"": 0.681, ""Necessary"": 0.335}",0.335,0.681,0.85,1,TRUE,1385,"can_tho,da_nang,hanoi,hcmc,pleiku",FALSE,FALSE,FALSE
ice_cream_shop,Food & Drink,1,taxonomy,Social,Social,"{""Social"": 0.792, ""Necessary"": 0.022, ""Optional"": 0.011}",0.022,0.792,0.011,1,TRUE,1302,"can_tho,da_nang,hanoi,hcmc,pleiku",FALSE,FALSE,FALSE
sports_and_recreation_venue,Recreation & Sport,1,taxonomy,Optional,Optional|Social,"{""Optional"": 0.856, ""Social"": 0.845, ""Necessary"": 0.005}",0.005,0.845,0.856,1,TRUE,1269,"can_tho,da_nang,hanoi,hcmc,pleiku",FALSE,FALSE,FALSE
yoga_studio,Recreation & Sport,1,taxonomy,Social,Social,"{""Social"": 0.59, ""Necessary"": 0.056, ""Optional"": 0.017}",0.056,0.59,0.017,1,TRUE,1234,"can_tho,da_nang,hanoi,hcmc,pleiku",FALSE,FALSE,FALSE
costume_store,Retail & Shopping,1,taxonomy,Social,Social,"{""Social"": 0.603, ""Optional"": 0.127, ""Necessary"": 0.068}",0.068,0.603,0.127,1,TRUE,1223,"can_tho,da_nang,hanoi,hcmc,pleiku",FALSE,FALSE,FALSE
wedding_planning,Business & Professional Services,1,taxonomy,Social,Social,"{""Social"": 0.792, ""Optional"": 0.034, ""Necessary"": 0.005}",0.005,0.792,0.034,1,TRUE,1214,"can_tho,da_nang,hanoi,hcmc,pleiku",FALSE,FALSE,FALSE
food_truck,Food & Drink,1,taxonomy,Social,Social,"{""Social"": 0.905, ""Necessary"": 0.443, ""Optional"": 0.362}",0.443,0.905,0.362,1,TRUE,1208,"can_tho,da_nang,hanoi,hcmc,pleiku",FALSE,FALSE,FALSE
music_venue,Culture & Arts,1,taxonomy,Social,Social|Optional,"{""Social"": 0.981, ""Optional"": 0.595, ""Necessary"": 0.088}",0.088,0.981,0.595,1,TRUE,1204,"can_tho,da_nang,hanoi,hcmc,pleiku",FALSE,FALSE,FALSE
marketing_agency,Business & Professional Services,1,taxonomy,Social,Social,"{""Social"": 0.858, ""Optional"": 0.326, ""Necessary"": 0.158}",0.158,0.858,0.326,1,TRUE,1188,"can_tho,da_nang,hanoi,hcmc",FALSE,FALSE,FALSE
industrial_company,Business & Professional Services,1,taxonomy,Social,Social,"{""Social"": 0.71, ""Optional"": 0.165, ""Necessary"": 0.1}",0.1,0.71,0.165,1,TRUE,1103,"can_tho,da_nang,hanoi,hcmc",FALSE,FALSE,FALSE
home_service,Home & Garden Services,1,taxonomy,Social,Social|Optional,"{""Social"": 0.902, ""Optional"": 0.599, ""Necessary"": 0.313}",0.313,0.902,0.599,1,TRUE,1096,"can_tho,da_nang,hanoi,hcmc,pleiku",FALSE,FALSE,FALSE
park,Recreation & Sport,1,taxonomy,Social,Social|Optional,"{""Social"": 0.921, ""Optional"": 0.883, ""Necessary"": 0.046}",0.046,0.921,0.883,1,TRUE,1094,"can_tho,da_nang,hanoi,hcmc,pleiku",FALSE,FALSE,FALSE
smoothie_juice_bar,Food & Drink,1,taxonomy,Social,Social,"{""Social"": 0.787, ""Optional"": 0.162, ""Necessary"": 0.155}",0.155,0.787,0.162,1,TRUE,1091,"can_tho,da_nang,hanoi,hcmc,pleiku",FALSE,FALSE,FALSE
pool_billiards,Recreation & Sport,1,taxonomy,Social,Social,"{""Social"": 0.523, ""Necessary"": 0.041, ""Optional"": 0.032}",0.041,0.523,0.032,1,TRUE,1079,"can_tho,da_nang,hanoi,hcmc,pleiku",FALSE,FALSE,FALSE
community_center,Community & Religion,1,taxonomy,Social,Social|Optional,"{""Social"": 0.994, ""Optional"": 0.575, ""Necessary"": 0.39}",0.39,0.994,0.575,1,TRUE,1061,"can_tho,da_nang,hanoi,hcmc,pleiku",FALSE,FALSE,FALSE
insurance_agency,Business & Professional Services,1,taxonomy,Social,Social,"{""Social"": 0.782, ""Optional"": 0.133, ""Necessary"": 0.118}",0.118,0.782,0.133,1,TRUE,1057,"can_tho,da_nang,hanoi,hcmc,pleiku",FALSE,FALSE,FALSE
jewelry_and_watches_manufacturer,Business & Professional Services,1,taxonomy,Social,Social,"{""Social"": 0.516, ""Optional"": 0.113, ""Necessary"": 0.019}",0.019,0.516,0.113,1,TRUE,1048,"can_tho,da_nang,hanoi,hcmc,pleiku",FALSE,FALSE,FALSE
engineering_services,Home & Garden Services,1,taxonomy,Social,Social,"{""Social"": 0.884, ""Optional"": 0.249, ""Necessary"": 0.13}",0.13,0.884,0.249,1,TRUE,1041,"can_tho,da_nang,hanoi,hcmc,pleiku",FALSE,FALSE,FALSE
telecommunications_company,Business & Professional Services,1,taxonomy,Social,Social,"{""Social"": 0.877, ""Optional"": 0.435, ""Necessary"": 0.199}",0.199,0.877,0.435,1,TRUE,1023,"can_tho,da_nang,hanoi,hcmc,pleiku",FALSE,FALSE,FALSE
event_photography,Business & Professional Services,1,taxonomy,Social,Social,"{""Social"": 0.94, ""Optional"": 0.251, ""Necessary"": 0.202}",0.202,0.94,0.251,1,TRUE,1020,"can_tho,da_nang,hanoi,hcmc,pleiku",FALSE,FALSE,FALSE
chicken_restaurant,Food & Drink,1,taxonomy,Social,Social,"{""Social"": 0.507, ""Optional"": 0.037, ""Necessary"": 0.019}",0.019,0.507,0.037,1,TRUE,994,"can_tho,da_nang,hanoi,hcmc,pleiku",FALSE,FALSE,FALSE
fabric_store,Retail & Shopping,1,taxonomy,Social,Social,"{""Social"": 0.858, ""Optional"": 0.395, ""Necessary"": 0.141}",0.141,0.858,0.395,1,TRUE,974,"can_tho,da_nang,hanoi,hcmc",FALSE,FALSE,FALSE
aquatic_pet_store,Retail & Shopping,1,taxonomy,Social,Social,"{""Social"": 0.671, ""Optional"": 0.06, ""Necessary"": 0.022}",0.022,0.671,0.06,1,TRUE,972,"can_tho,da_nang,hanoi,hcmc,pleiku",FALSE,FALSE,FALSE
day_care_preschool,Community & Religion,1,taxonomy,Social,Social,"{""Social"": 0.591, ""Necessary"": 0.014, ""Optional"": 0.001}",0.014,0.591,0.001,1,TRUE,917,"can_tho,da_nang,hanoi,hcmc,pleiku",FALSE,FALSE,FALSE
art_school,Education,1,taxonomy,Social,Social,"{""Social"": 0.582, ""Optional"": 0.013, ""Necessary"": 0.007}",0.007,0.582,0.013,0,TRUE,864,"can_tho,da_nang,hanoi,hcmc,pleiku",FALSE,FALSE,FALSE
auto_detailing,Automotive & Transport,1,taxonomy,Social,Social|Optional,"{""Social"": 0.951, ""Optional"": 0.586, ""Necessary"": 0.484}",0.484,0.951,0.586,1,TRUE,855,"can_tho,da_nang,hanoi,hcmc,pleiku",FALSE,FALSE,FALSE
pet_store,Retail & Shopping,1,taxonomy,Social,Social,"{""Social"": 0.836, ""Optional"": 0.376, ""Necessary"": 0.171}",0.171,0.836,0.376,1,TRUE,842,"can_tho,da_nang,hanoi,hcmc,pleiku",FALSE,FALSE,FALSE
holiday_rental_home,Accommodation & Travel,1,taxonomy,Social,Social|Optional,"{""Social"": 0.856, ""Optional"": 0.749, ""Necessary"": 0.011}",0.011,0.856,0.749,1,TRUE,841,"can_tho,da_nang,hanoi,hcmc,pleiku",FALSE,FALSE,FALSE
contractor,Home & Garden Services,1,taxonomy,Social,Social|Necessary,"{""Social"": 0.93, ""Necessary"": 0.502, ""Optional"": 0.497}",0.502,0.93,0.497,1,TRUE,811,"can_tho,da_nang,hanoi,hcmc,pleiku",FALSE,FALSE,FALSE
computer_hardware_company,Business & Professional Services,1,taxonomy,Social,Social,"{""Social"": 0.575, ""Optional"": 0.182, ""Necessary"": 0.029}",0.029,0.575,0.182,1,TRUE,805,"can_tho,da_nang,hanoi,hcmc,pleiku",FALSE,FALSE,FALSE
makeup_artist,Beauty & Personal Care,1,taxonomy,Social,Social,"{""Social"": 0.905, ""Optional"": 0.497, ""Necessary"": 0.185}",0.185,0.905,0.497,1,TRUE,789,"can_tho,da_nang,hanoi,hcmc,pleiku",FALSE,FALSE,FALSE
veterinarian,Pet Services,1,taxonomy,Social,Social|Optional,"{""Social"": 0.946, ""Optional"": 0.593, ""Necessary"": 0.145}",0.145,0.946,0.593,1,TRUE,774,"can_tho,da_nang,hanoi,hcmc,pleiku",FALSE,FALSE,FALSE
graphic_designer,Business & Professional Services,1,taxonomy,Social,Social|Optional,"{""Social"": 0.933, ""Optional"": 0.702, ""Necessary"": 0.314}",0.314,0.933,0.702,1,TRUE,772,"can_tho,da_nang,hanoi,hcmc,pleiku",FALSE,FALSE,FALSE
art_gallery,Culture & Arts,1,taxonomy,Social,Social|Optional,"{""Social"": 0.82, ""Optional"": 0.804, ""Necessary"": 0.134}",0.134,0.82,0.804,1,TRUE,753,"can_tho,da_nang,hanoi,hcmc,pleiku",FALSE,FALSE,FALSE
farm,Agriculture & Industry,1,taxonomy,Social,Social,"{""Social"": 0.71, ""Optional"": 0.124, ""Necessary"": 0.059}",0.059,0.71,0.124,1,TRUE,752,"can_tho,da_nang,hanoi,hcmc,pleiku",FALSE,FALSE,FALSE
lighting_store,Retail & Shopping,1,taxonomy,Social,Social|Optional,"{""Social"": 0.826, ""Optional"": 0.565, ""Necessary"": 0.303}",0.303,0.826,0.565,1,TRUE,744,"can_tho,da_nang,hanoi,hcmc",FALSE,FALSE,FALSE
social_media_agency,Business & Professional Services,1,taxonomy,Social,Social|Optional,"{""Social"": 0.981, ""Optional"": 0.692, ""Necessary"": 0.09}",0.09,0.981,0.692,1,TRUE,729,"can_tho,da_nang,hanoi,hcmc,pleiku",FALSE,FALSE,FALSE
mattress_store,Retail & Shopping,1,taxonomy,Social,Social,"{""Social"": 0.78, ""Optional"": 0.424, ""Necessary"": 0.303}",0.303,0.78,0.424,1,TRUE,705,"can_tho,da_nang,hanoi,hcmc,pleiku",FALSE,FALSE,FALSE
internet_service_provider,Business & Professional Services,1,taxonomy,Social,Social,"{""Social"": 0.614, ""Necessary"": 0.182, ""Optional"": 0.103}",0.182,0.614,0.103,1,TRUE,701,"can_tho,da_nang,hanoi,hcmc,pleiku",FALSE,FALSE,FALSE
department_store,Retail & Shopping,1,taxonomy,Social,Social,"{""Social"": 0.733, ""Optional"": 0.409, ""Necessary"": 0.26}",0.26,0.733,0.409,1,TRUE,699,"can_tho,da_nang,hanoi,hcmc,pleiku",FALSE,FALSE,FALSE
financial_advising,Business & Professional Services,1,taxonomy,Social,Social,"{""Social"": 0.832, ""Necessary"": 0.076, ""Optional"": 0.076}",0.076,0.832,0.076,1,TRUE,658,"can_tho,da_nang,hanoi,hcmc,pleiku",FALSE,FALSE,FALSE
media_agency,Business & Professional Services,1,taxonomy,Social,Social|Optional,"{""Social"": 0.944, ""Optional"": 0.722, ""Necessary"": 0.38}",0.38,0.944,0.722,1,TRUE,655,"can_tho,da_nang,hanoi,hcmc,pleiku",FALSE,FALSE,FALSE
web_designer,Business & Professional Services,1,taxonomy,Social,Social|Optional,"{""Social"": 0.951, ""Optional"": 0.76, ""Necessary"": 0.342}",0.342,0.951,0.76,1,TRUE,653,"can_tho,da_nang,hanoi,hcmc,pleiku",FALSE,FALSE,FALSE
legal_services,Business & Professional Services,1,taxonomy,Social,Social,"{""Social"": 0.847, ""Optional"": 0.327, ""Necessary"": 0.291}",0.291,0.847,0.327,1,TRUE,650,"can_tho,da_nang,hanoi,hcmc,pleiku",FALSE,FALSE,FALSE
pub,Food & Drink,1,taxonomy,Social,Social|Optional,"{""Social"": 0.965, ""Optional"": 0.674, ""Necessary"": 0.422}",0.422,0.965,0.674,1,TRUE,648,"can_tho,da_nang,hanoi,hcmc,pleiku",FALSE,FALSE,FALSE
police_department,Civic & Government,1,taxonomy,Social,Social,"{""Social"": 0.889, ""Optional"": 0.337, ""Necessary"": 0.059}",0.059,0.889,0.337,0,TRUE,643,"can_tho,da_nang,hanoi,hcmc,pleiku",FALSE,FALSE,FALSE
truck_dealer,Automotive & Transport,1,taxonomy,Social,Social,"{""Social"": 0.6, ""Optional"": 0.326, ""Necessary"": 0.131}",0.131,0.6,0.326,1,TRUE,631,"can_tho,da_nang,hanoi,hcmc,pleiku",FALSE,FALSE,FALSE
caterer,Business & Professional Services,1,taxonomy,Social,Social,"{""Social"": 0.829, ""Optional"": 0.087, ""Necessary"": 0.044}",0.044,0.829,0.087,1,TRUE,625,"can_tho,da_nang,hanoi,hcmc,pleiku",FALSE,FALSE,FALSE
chemical_plant,Business & Professional Services,1,taxonomy,Social,Social,"{""Social"": 0.745, ""Optional"": 0.292, ""Necessary"": 0.079}",0.079,0.745,0.292,1,TRUE,620,"can_tho,da_nang,hanoi,hcmc,pleiku",FALSE,FALSE,FALSE
car_wash,Automotive & Transport,1,taxonomy,Social,Social,"{""Social"": 0.789, ""Optional"": 0.466, ""Necessary"": 0.459}",0.459,0.789,0.466,1,TRUE,586,"can_tho,da_nang,hanoi,hcmc,pleiku",FALSE,FALSE,FALSE
indian_restaurant,Food & Drink,1,taxonomy,Social,Social,"{""Social"": 0.561, ""Optional"": 0.025, ""Necessary"": 0.024}",0.024,0.561,0.025,1,TRUE,581,"can_tho,da_nang,hanoi,hcmc,pleiku",FALSE,FALSE,FALSE
hvac_services,Home & Garden Services,1,taxonomy,Social,Social,"{""Social"": 0.805, ""Optional"": 0.089, ""Necessary"": 0.081}",0.081,0.805,0.089,1,TRUE,575,"can_tho,da_nang,hanoi,hcmc",FALSE,FALSE,FALSE
beauty_product_supplier,Business & Professional Services,1,taxonomy,Social,Social,"{""Social"": 0.816, ""Optional"": 0.209, ""Necessary"": 0.064}",0.064,0.816,0.209,1,TRUE,570,"can_tho,da_nang,hanoi,hcmc,pleiku",FALSE,FALSE,FALSE
atms,Business & Professional Services,1,taxonomy,Social,Social|Optional,"{""Social"": 0.925, ""Optional"": 0.581, ""Necessary"": 0.486}",0.486,0.925,0.581,1,TRUE,558,"can_tho,da_nang,hanoi,hcmc,pleiku",FALSE,FALSE,FALSE
internet_cafe,Food & Drink,1,taxonomy,Social,Social,"{""Social"": 0.977, ""Necessary"": 0.357, ""Optional"": 0.073}",0.357,0.977,0.073,1,TRUE,556,"can_tho,da_nang,hanoi,hcmc,pleiku",FALSE,FALSE,FALSE
beer_garden,Food & Drink,1,taxonomy,Social,Social|Optional,"{""Social"": 0.961, ""Optional"": 0.595, ""Necessary"": 0.031}",0.031,0.961,0.595,1,TRUE,554,"can_tho,da_nang,hanoi,hcmc,pleiku",FALSE,FALSE,FALSE
home_developer,Business & Professional Services,1,taxonomy,Social,Social|Optional,"{""Social"": 0.929, ""Optional"": 0.725, ""Necessary"": 0.238}",0.238,0.929,0.725,1,TRUE,546,"can_tho,da_nang,hanoi,hcmc",FALSE,FALSE,FALSE
appraisal_services,Business & Professional Services,1,taxonomy,Social,Social,"{""Social"": 0.852, ""Optional"": 0.184, ""Necessary"": 0.15}",0.15,0.852,0.184,1,TRUE,538,"can_tho,da_nang,hanoi,hcmc,pleiku",FALSE,FALSE,FALSE
plastic_surgeon,Healthcare,1,taxonomy,Social,Social,"{""Social"": 0.758, ""Optional"": 0.221, ""Necessary"": 0.049}",0.049,0.758,0.221,0,TRUE,530,"can_tho,da_nang,hanoi,hcmc,pleiku",FALSE,FALSE,FALSE
service_apartments,Accommodation & Travel,1,taxonomy,Social,Social,"{""Social"": 0.762, ""Optional"": 0.25, ""Necessary"": 0.236}",0.236,0.762,0.25,1,TRUE,524,"can_tho,da_nang,hanoi,hcmc,pleiku",FALSE,FALSE,FALSE
noodles_restaurant,Food & Drink,0.568,bart,Social,Social,"{""Social"": 0.524, ""Optional"": 0.015, ""Necessary"": 0.014}",0.014,0.524,0.015,1,TRUE,518,"can_tho,da_nang,hanoi,hcmc,pleiku",FALSE,FALSE,FALSE
media_news_company,Business & Professional Services,1,taxonomy,Social,Social|Optional,"{""Social"": 0.937, ""Optional"": 0.664, ""Necessary"": 0.287}",0.287,0.937,0.664,1,TRUE,514,"can_tho,da_nang,hanoi,hcmc,pleiku",FALSE,FALSE,FALSE
high_school,Education,1,taxonomy,Social,Social,"{""Social"": 0.875, ""Optional"": 0.393, ""Necessary"": 0.012}",0.012,0.875,0.393,0,TRUE,495,"can_tho,da_nang,hanoi,hcmc,pleiku",FALSE,FALSE,FALSE
hostel,Accommodation & Travel,1,taxonomy,Social,Social,"{""Social"": 0.64, ""Optional"": 0.022, ""Necessary"": 0.007}",0.007,0.64,0.022,1,TRUE,488,"can_tho,da_nang,hanoi,hcmc",FALSE,FALSE,FALSE
boutique,Food & Drink,0.356,bart,Social,Social,"{""Social"": 0.784, ""Optional"": 0.197, ""Necessary"": 0.053}",0.053,0.784,0.197,1,TRUE,461,"can_tho,da_nang,hanoi,hcmc,pleiku",FALSE,FALSE,FALSE
post_office,Automotive & Transport,1,taxonomy,Social,Social|Optional,"{""Social"": 0.828, ""Optional"": 0.637, ""Necessary"": 0.085}",0.085,0.828,0.637,1,TRUE,461,"can_tho,da_nang,hanoi,hcmc",FALSE,FALSE,FALSE
music_school,Education,1,taxonomy,Social,Social,"{""Social"": 0.676, ""Necessary"": 0.008, ""Optional"": 0.006}",0.008,0.676,0.006,0,TRUE,459,"can_tho,da_nang,hanoi,hcmc,pleiku",FALSE,FALSE,FALSE
delicatessen,Food & Drink,1,taxonomy,Social,Social,"{""Social"": 0.648, ""Necessary"": 0.074, ""Optional"": 0.024}",0.074,0.648,0.024,1,TRUE,441,"can_tho,da_nang,hanoi,hcmc,pleiku",FALSE,FALSE,FALSE
metal_fabricator,Business & Professional Services,1,taxonomy,Social,Social,"{""Social"": 0.817, ""Optional"": 0.478, ""Necessary"": 0.131}",0.131,0.817,0.478,1,TRUE,429,"can_tho,da_nang,hanoi,hcmc",FALSE,FALSE,FALSE
broadcasting_media_production,Business & Professional Services,1,taxonomy,Social,Social,"{""Social"": 0.819, ""Optional"": 0.237, ""Necessary"": 0.158}",0.158,0.819,0.237,1,TRUE,426,"can_tho,da_nang,hanoi,hcmc,pleiku",FALSE,FALSE,FALSE
cocktail_bar,Food & Drink,1,taxonomy,Social,Social,"{""Social"": 0.74, ""Optional"": 0.048, ""Necessary"": 0.012}",0.012,0.74,0.048,1,TRUE,425,"can_tho,da_nang,hanoi,hcmc,pleiku",FALSE,FALSE,FALSE
beer_bar,Food & Drink,1,taxonomy,Social,Social,"{""Social"": 0.867, ""Optional"": 0.311, ""Necessary"": 0.034}",0.034,0.867,0.311,1,TRUE,416,"can_tho,da_nang,hanoi,hcmc",FALSE,FALSE,FALSE
middle_school,Education,1,taxonomy,Social,Social|Optional,"{""Social"": 0.952, ""Optional"": 0.582, ""Necessary"": 0.07}",0.07,0.952,0.582,0,TRUE,416,"can_tho,da_nang,hanoi,hcmc,pleiku",FALSE,FALSE,FALSE
used_car_dealer,Automotive & Transport,1,taxonomy,Social,Social,"{""Social"": 0.617, ""Optional"": 0.135, ""Necessary"": 0.088}",0.088,0.617,0.135,1,TRUE,412,"can_tho,da_nang,hanoi,hcmc,pleiku",FALSE,FALSE,FALSE
sign_making,Business & Professional Services,1,taxonomy,Social,Social,"{""Social"": 0.846, ""Optional"": 0.445, ""Necessary"": 0.324}",0.324,0.846,0.445,1,TRUE,409,"can_tho,da_nang,hanoi,hcmc,pleiku",FALSE,FALSE,FALSE
butcher_shop,Daily Needs & Grocery,1,taxonomy,Social,Social,"{""Social"": 0.664, ""Optional"": 0.079, ""Necessary"": 0.06}",0.06,0.664,0.079,1,TRUE,400,"can_tho,da_nang,hanoi,hcmc",FALSE,FALSE,FALSE
appliance_store,Retail & Shopping,1,taxonomy,Social,Social,"{""Social"": 0.59, ""Optional"": 0.269, ""Necessary"": 0.192}",0.192,0.59,0.269,1,TRUE,396,"can_tho,da_nang,hanoi,hcmc",FALSE,FALSE,FALSE
family_practice,Healthcare,1,taxonomy,Social,Social,"{""Social"": 0.799, ""Necessary"": 0.077, ""Optional"": 0.012}",0.077,0.799,0.012,0,TRUE,392,"can_tho,da_nang,hanoi,hcmc,pleiku",FALSE,FALSE,FALSE
metal_supplier,Business & Professional Services,1,taxonomy,Social,Social|Optional,"{""Social"": 0.886, ""Optional"": 0.525, ""Necessary"": 0.197}",0.197,0.886,0.525,1,TRUE,390,"can_tho,da_nang,hanoi,hcmc",FALSE,FALSE,FALSE
swimming_pool,Recreation & Sport,1,taxonomy,Social,Social,"{""Social"": 0.612, ""Optional"": 0.039, ""Necessary"": 0.028}",0.028,0.612,0.039,1,TRUE,388,"can_tho,da_nang,hanoi,hcmc",FALSE,FALSE,FALSE
print_media,Business & Professional Services,1,taxonomy,Social,Social,"{""Social"": 0.905, ""Optional"": 0.428, ""Necessary"": 0.296}",0.296,0.905,0.428,1,TRUE,386,"can_tho,da_nang,hanoi,hcmc,pleiku",FALSE,FALSE,FALSE
sewing_and_alterations,Home & Garden Services,1,taxonomy,Social,Social,"{""Social"": 0.885, ""Optional"": 0.158, ""Necessary"": 0.117}",0.117,0.885,0.158,1,TRUE,379,"can_tho,da_nang,hanoi,hcmc,pleiku",FALSE,FALSE,FALSE
dermatologist,Healthcare,1,taxonomy,Social,Social,"{""Social"": 0.892, ""Optional"": 0.243, ""Necessary"": 0.156}",0.156,0.892,0.243,0,TRUE,377,"can_tho,da_nang,hanoi,hcmc,pleiku",FALSE,FALSE,FALSE
shipping_center,Automotive & Transport,1,taxonomy,Social,Social,"{""Social"": 0.672, ""Necessary"": 0.172, ""Optional"": 0.032}",0.172,0.672,0.032,1,TRUE,376,"can_tho,da_nang,hanoi,hcmc",FALSE,FALSE,FALSE
accountant,Business & Professional Services,1,taxonomy,Social,Social,"{""Social"": 0.712, ""Optional"": 0.22, ""Necessary"": 0.08}",0.08,0.712,0.22,1,TRUE,369,"can_tho,da_nang,hanoi,hcmc,pleiku",FALSE,FALSE,FALSE
soccer_field,Recreation & Sport,1,taxonomy,Social,Social|Optional,"{""Social"": 0.859, ""Optional"": 0.776, ""Necessary"": 0.096}",0.096,0.859,0.776,1,TRUE,367,"can_tho,da_nang,hanoi,hcmc,pleiku",FALSE,FALSE,FALSE
banks,Business & Professional Services,1,taxonomy,Social,Social,"{""Social"": 0.783, ""Optional"": 0.412, ""Necessary"": 0.288}",0.288,0.783,0.412,1,TRUE,367,"can_tho,da_nang,hanoi,hcmc,pleiku",FALSE,FALSE,FALSE
lounge,Food & Drink,1,taxonomy,Social,Social,"{""Social"": 0.974, ""Optional"": 0.355, ""Necessary"": 0.0}",0,0.974,0.355,1,TRUE,367,"can_tho,da_nang,hanoi,hcmc,pleiku",FALSE,FALSE,FALSE
carpet_store,Retail & Shopping,1,taxonomy,Social,Social,"{""Social"": 0.644, ""Optional"": 0.187, ""Necessary"": 0.12}",0.12,0.644,0.187,1,TRUE,366,"can_tho,da_nang,hanoi,hcmc",FALSE,FALSE,FALSE
music_production,Business & Professional Services,1,taxonomy,Social,Social,"{""Social"": 0.879, ""Optional"": 0.187, ""Necessary"": 0.082}",0.082,0.879,0.187,1,TRUE,364,"can_tho,da_nang,hanoi,hcmc",FALSE,FALSE,FALSE
farmers_market,Daily Needs & Grocery,1,taxonomy,Social,Social,"{""Social"": 0.962, ""Necessary"": 0.331, ""Optional"": 0.041}",0.331,0.962,0.041,1,TRUE,364,"can_tho,da_nang,hanoi,hcmc,pleiku",FALSE,FALSE,FALSE
b2b_textiles,Business & Professional Services,1,taxonomy,Social,Social|Optional,"{""Social"": 0.864, ""Optional"": 0.529, ""Necessary"": 0.221}",0.221,0.864,0.529,1,TRUE,363,"can_tho,da_nang,hanoi,hcmc",FALSE,FALSE,FALSE
lake,Recreation & Sport,1,taxonomy,Social,Social|Optional,"{""Social"": 0.931, ""Optional"": 0.795, ""Necessary"": 0.445}",0.445,0.931,0.795,1,TRUE,363,"can_tho,da_nang,hanoi,hcmc,pleiku",FALSE,FALSE,FALSE
plastic_manufacturer,Business & Professional Services,1,taxonomy,Social,Social,"{""Social"": 0.765, ""Optional"": 0.35, ""Necessary"": 0.082}",0.082,0.765,0.35,1,TRUE,353,"can_tho,da_nang,hanoi,hcmc,pleiku",FALSE,FALSE,FALSE
uniform_store,Retail & Shopping,1,taxonomy,Necessary,Necessary|Social,"{""Necessary"": 0.658, ""Social"": 0.613, ""Optional"": 0.112}",0.658,0.613,0.112,1,TRUE,353,"can_tho,da_nang,hanoi,hcmc,pleiku",FALSE,FALSE,FALSE
catholic_church,Community & Religion,0.723,bart,Social,Social,"{""Social"": 0.777, ""Optional"": 0.175, ""Necessary"": 0.027}",0.027,0.777,0.175,1,TRUE,351,"can_tho,da_nang,hanoi,hcmc,pleiku",FALSE,FALSE,FALSE
real_estate_investment,Business & Professional Services,1,taxonomy,Social,Social,"{""Social"": 0.744, ""Necessary"": 0.062, ""Optional"": 0.039}",0.062,0.744,0.039,1,TRUE,350,"can_tho,da_nang,hanoi,hcmc,pleiku",FALSE,FALSE,FALSE
cupcake_shop,Food & Drink,1,taxonomy,Social,Social,"{""Social"": 0.853, ""Optional"": 0.045, ""Necessary"": 0.022}",0.022,0.853,0.045,1,TRUE,343,"can_tho,da_nang,hanoi,hcmc,pleiku",FALSE,FALSE,FALSE
installment_loans,Business & Professional Services,1,taxonomy,Social,Social,"{""Social"": 0.856, ""Optional"": 0.237, ""Necessary"": 0.109}",0.109,0.856,0.237,1,TRUE,343,"can_tho,da_nang,hanoi,hcmc,pleiku",FALSE,FALSE,FALSE
elevator_service,Business & Professional Services,1,taxonomy,Social,Social|Necessary,"{""Social"": 0.705, ""Necessary"": 0.508, ""Optional"": 0.282}",0.508,0.705,0.282,1,TRUE,343,"can_tho,da_nang,hanoi,hcmc,pleiku",FALSE,FALSE,FALSE
rental_service,Business & Professional Services,1,taxonomy,Social,Social,"{""Social"": 0.884, ""Necessary"": 0.339, ""Optional"": 0.205}",0.339,0.884,0.205,1,TRUE,336,"can_tho,da_nang,hanoi,hcmc,pleiku",FALSE,FALSE,FALSE
home_security,Home & Garden Services,1,taxonomy,Social,Social,"{""Social"": 0.71, ""Optional"": 0.284, ""Necessary"": 0.06}",0.06,0.71,0.284,1,TRUE,330,"can_tho,da_nang,hanoi,hcmc,pleiku",FALSE,FALSE,FALSE
machine_shop,Business & Professional Services,1,taxonomy,Social,Social,"{""Social"": 0.521, ""Optional"": 0.121, ""Necessary"": 0.058}",0.058,0.521,0.121,1,TRUE,328,"can_tho,da_nang,hanoi,hcmc,pleiku",FALSE,FALSE,FALSE
screen_printing_t_shirt_printing,Business & Professional Services,1,taxonomy,Social,Social,"{""Social"": 0.538, ""Necessary"": 0.088, ""Optional"": 0.043}",0.088,0.538,0.043,1,TRUE,328,"can_tho,da_nang,hanoi,hcmc,pleiku",FALSE,FALSE,FALSE
candy_store,Food & Drink,1,taxonomy,Social,Social,"{""Social"": 0.695, ""Optional"": 0.056, ""Necessary"": 0.017}",0.017,0.695,0.056,1,TRUE,324,"can_tho,da_nang,hanoi,hcmc",FALSE,FALSE,FALSE
discount_store,Retail & Shopping,1,taxonomy,Social,Social,"{""Social"": 0.762, ""Optional"": 0.396, ""Necessary"": 0.292}",0.292,0.762,0.396,1,TRUE,319,"can_tho,da_nang,hanoi,hcmc,pleiku",FALSE,FALSE,FALSE
pet_sitting,Pet Services,1,taxonomy,Social,Social,"{""Social"": 0.863, ""Optional"": 0.209, ""Necessary"": 0.014}",0.014,0.863,0.209,1,TRUE,319,"can_tho,da_nang,hanoi,hcmc",FALSE,FALSE,FALSE
lingerie_store,Retail & Shopping,1,taxonomy,Social,Social,"{""Social"": 0.798, ""Optional"": 0.211, ""Necessary"": 0.123}",0.123,0.798,0.211,1,TRUE,317,"can_tho,da_nang,hanoi,hcmc,pleiku",FALSE,FALSE,FALSE
auto_company,Business & Professional Services,1,taxonomy,Social,Social|Optional,"{""Social"": 0.9, ""Optional"": 0.68, ""Necessary"": 0.494}",0.494,0.9,0.68,1,TRUE,316,"can_tho,da_nang,hanoi,hcmc",FALSE,FALSE,FALSE
employment_agencies,Business & Professional Services,1,taxonomy,Social,Social,"{""Social"": 0.749, ""Necessary"": 0.116, ""Optional"": 0.052}",0.116,0.749,0.052,1,TRUE,312,"can_tho,da_nang,hanoi,hcmc,pleiku",FALSE,FALSE,FALSE
taxi_service,Automotive & Transport,1,taxonomy,Social,Social|Necessary,"{""Social"": 0.559, ""Necessary"": 0.523, ""Optional"": 0.119}",0.523,0.559,0.119,1,TRUE,312,"can_tho,da_nang,hanoi,hcmc,pleiku",FALSE,FALSE,FALSE
nutritionist,Healthcare,1,taxonomy,Social,Social,"{""Social"": 0.858, ""Necessary"": 0.206, ""Optional"": 0.053}",0.206,0.858,0.053,0,TRUE,303,"can_tho,da_nang,hanoi,hcmc",FALSE,FALSE,FALSE
gardener,Home & Garden Services,1,taxonomy,Social,Social|Optional,"{""Social"": 0.952, ""Optional"": 0.867, ""Necessary"": 0.101}",0.101,0.952,0.867,1,TRUE,302,"can_tho,da_nang,hanoi,hcmc,pleiku",FALSE,FALSE,FALSE
fishmonger,Daily Needs & Grocery,1,taxonomy,Social,Social,"{""Social"": 0.78, ""Necessary"": 0.067, ""Optional"": 0.032}",0.067,0.78,0.032,1,TRUE,300,"can_tho,da_nang,hanoi,hcmc",FALSE,FALSE,FALSE
dance_club,Food & Drink,1,taxonomy,Social,Social,"{""Social"": 0.875, ""Optional"": 0.143, ""Necessary"": 0.032}",0.032,0.875,0.143,1,TRUE,297,"can_tho,da_nang,hanoi,hcmc",FALSE,FALSE,FALSE
appliance_manufacturer,Business & Professional Services,1,taxonomy,Social,Social,"{""Social"": 0.741, ""Optional"": 0.326, ""Necessary"": 0.162}",0.162,0.741,0.326,1,TRUE,285,"can_tho,da_nang,hanoi,hcmc",FALSE,FALSE,FALSE
bridge,Civic & Government,1,taxonomy,Social,Social|Optional,"{""Social"": 0.856, ""Optional"": 0.696, ""Necessary"": 0.452}",0.452,0.856,0.696,0,TRUE,284,"can_tho,da_nang,hanoi,hcmc,pleiku",FALSE,FALSE,FALSE
internet_marketing_service,Business & Professional Services,1,taxonomy,Social,Social,"{""Social"": 0.74, ""Optional"": 0.101, ""Necessary"": 0.091}",0.091,0.74,0.101,1,TRUE,283,"can_tho,da_nang,hanoi,hcmc",FALSE,FALSE,FALSE
outlet_store,Retail & Shopping,1,taxonomy,Social,Social,"{""Social"": 0.731, ""Optional"": 0.387, ""Necessary"": 0.344}",0.344,0.731,0.387,1,TRUE,268,"can_tho,da_nang,hanoi,hcmc",FALSE,FALSE,FALSE
naturopathic_holistic,Healthcare,1,taxonomy,Social,Social,"{""Social"": 0.767, ""Optional"": 0.158, ""Necessary"": 0.123}",0.123,0.767,0.158,0,TRUE,267,"can_tho,da_nang,hanoi,hcmc",FALSE,FALSE,FALSE
arcade,Recreation & Sport,1,taxonomy,Social,Social,"{""Social"": 0.625, ""Optional"": 0.208, ""Necessary"": 0.103}",0.103,0.625,0.208,1,TRUE,262,"can_tho,da_nang,hanoi,hcmc,pleiku",FALSE,FALSE,FALSE
lodge,Accommodation & Travel,1,taxonomy,Social,Social,"{""Social"": 0.575, ""Optional"": 0.136, ""Necessary"": 0.088}",0.088,0.575,0.136,1,TRUE,256,"can_tho,da_nang,hanoi,hcmc,pleiku",FALSE,FALSE,FALSE
town_hall,Civic & Government,1,taxonomy,Social,Social|Optional,"{""Social"": 0.974, ""Optional"": 0.64, ""Necessary"": 0.289}",0.289,0.974,0.64,0,TRUE,251,"can_tho,da_nang,hanoi,hcmc,pleiku",FALSE,FALSE,FALSE
b2b_apparel,Business & Professional Services,1,taxonomy,Social,Social|Optional,"{""Social"": 0.869, ""Optional"": 0.683, ""Necessary"": 0.291}",0.291,0.869,0.683,1,TRUE,245,"can_tho,da_nang,hanoi,hcmc",FALSE,FALSE,FALSE
charity_organization,Civic & Government,1,taxonomy,Social,Social,"{""Social"": 0.777, ""Optional"": 0.057, ""Necessary"": 0.023}",0.023,0.777,0.057,0,TRUE,245,"can_tho,da_nang,hanoi,hcmc",FALSE,FALSE,FALSE
cultural_center,Culture & Arts,1,taxonomy,Social,Social|Optional,"{""Social"": 0.979, ""Optional"": 0.649, ""Necessary"": 0.068}",0.068,0.979,0.649,1,TRUE,244,"can_tho,da_nang,hanoi,hcmc,pleiku",FALSE,FALSE,FALSE
auto_customization,Automotive & Transport,1,taxonomy,Social,Social|Optional,"{""Social"": 0.893, ""Optional"": 0.75, ""Necessary"": 0.078}",0.078,0.893,0.75,1,TRUE,243,"can_tho,da_nang,hanoi,hcmc,pleiku",FALSE,FALSE,FALSE
youth_organizations,Community & Religion,1,taxonomy,Social,Social|Optional,"{""Social"": 0.942, ""Optional"": 0.579, ""Necessary"": 0.08}",0.08,0.942,0.579,1,TRUE,237,"can_tho,da_nang,hanoi,hcmc,pleiku",FALSE,FALSE,FALSE
countertop_installation,Home & Garden Services,1,taxonomy,Social,Social,"{""Social"": 0.703, ""Optional"": 0.385, ""Necessary"": 0.151}",0.151,0.703,0.385,1,TRUE,228,"can_tho,da_nang,hanoi,hcmc,pleiku",FALSE,FALSE,FALSE
media_news_website,Business & Professional Services,1,taxonomy,Social,Social|Optional,"{""Social"": 0.913, ""Optional"": 0.667, ""Necessary"": 0.281}",0.281,0.913,0.667,1,TRUE,226,"can_tho,da_nang,hanoi,hcmc,pleiku",FALSE,FALSE,FALSE
shoe_repair,Beauty & Personal Care,1,taxonomy,Social,Social,"{""Social"": 0.805, ""Necessary"": 0.285, ""Optional"": 0.139}",0.285,0.805,0.139,1,TRUE,219,"can_tho,da_nang,hanoi,hcmc",FALSE,FALSE,FALSE
bottled_water_company,Business & Professional Services,1,taxonomy,Social,Social,"{""Social"": 0.759, ""Optional"": 0.341, ""Necessary"": 0.097}",0.097,0.759,0.341,1,TRUE,217,"can_tho,da_nang,hanoi,hcmc",FALSE,FALSE,FALSE
masonry_concrete,Home & Garden Services,1,taxonomy,Social,Social|Optional,"{""Social"": 0.834, ""Optional"": 0.522, ""Necessary"": 0.263}",0.263,0.834,0.522,1,TRUE,213,"can_tho,da_nang,hanoi,hcmc,pleiku",FALSE,FALSE,FALSE
playground,Recreation & Sport,1,taxonomy,Social,Social|Optional,"{""Social"": 0.991, ""Optional"": 0.587, ""Necessary"": 0.009}",0.009,0.991,0.587,1,TRUE,212,"can_tho,da_nang,hanoi,hcmc",FALSE,FALSE,FALSE
agricultural_cooperatives,Business & Professional Services,1,taxonomy,Social,Social,"{""Social"": 0.7, ""Necessary"": 0.028, ""Optional"": 0.014}",0.028,0.7,0.014,1,TRUE,212,"can_tho,da_nang,hanoi,hcmc,pleiku",FALSE,FALSE,FALSE
energy_company,Business & Professional Services,1,taxonomy,Social,Social|Optional,"{""Social"": 0.877, ""Optional"": 0.517, ""Necessary"": 0.116}",0.116,0.877,0.517,1,TRUE,210,"can_tho,da_nang,hanoi,hcmc,pleiku",FALSE,FALSE,FALSE
home_health_care,Healthcare,1,taxonomy,Social,Social,"{""Social"": 0.737, ""Necessary"": 0.235, ""Optional"": 0.007}",0.235,0.737,0.007,0,TRUE,205,"can_tho,da_nang,hanoi,hcmc,pleiku",FALSE,FALSE,FALSE
medical_supply,Healthcare,0.547,bart,Social,Social|Necessary,"{""Social"": 0.662, ""Necessary"": 0.53, ""Optional"": 0.003}",0.53,0.662,0.003,0,TRUE,199,"can_tho,da_nang,hanoi,hcmc",FALSE,FALSE,FALSE
windows_installation,Home & Garden Services,1,taxonomy,Social,Social,"{""Social"": 0.669, ""Optional"": 0.229, ""Necessary"": 0.102}",0.102,0.669,0.229,1,TRUE,196,"can_tho,da_nang,hanoi,hcmc",FALSE,FALSE,FALSE
pediatrician,Healthcare,1,taxonomy,Social,Social,"{""Social"": 0.907, ""Optional"": 0.329, ""Necessary"": 0.123}",0.123,0.907,0.329,0,TRUE,195,"can_tho,da_nang,hanoi,hcmc,pleiku",FALSE,FALSE,FALSE
dry_cleaning,Home & Garden Services,1,taxonomy,Social,Social,"{""Social"": 0.567, ""Necessary"": 0.211, ""Optional"": 0.155}",0.211,0.567,0.155,1,TRUE,193,"can_tho,da_nang,hanoi,hcmc,pleiku",FALSE,FALSE,FALSE
amusement_park,Recreation & Sport,1,taxonomy,Optional,Optional,"{""Optional"": 0.877, ""Social"": 0.41, ""Necessary"": 0.001}",0.001,0.41,0.877,1,TRUE,188,"can_tho,da_nang,hanoi,hcmc,pleiku",FALSE,FALSE,FALSE
property_management,Business & Professional Services,1,taxonomy,Social,Social,"{""Social"": 0.85, ""Optional"": 0.26, ""Necessary"": 0.111}",0.111,0.85,0.26,1,TRUE,184,"can_tho,da_nang,hanoi,hcmc",FALSE,FALSE,FALSE
trusts,Business & Professional Services,1,taxonomy,Social,Social,"{""Social"": 0.917, ""Necessary"": 0.298, ""Optional"": 0.18}",0.298,0.917,0.18,1,TRUE,182,"can_tho,da_nang,hanoi,hcmc",FALSE,FALSE,FALSE
television_service_providers,Home & Garden Services,1,taxonomy,Social,Social,"{""Social"": 0.681, ""Optional"": 0.128, ""Necessary"": 0.06}",0.06,0.681,0.128,1,TRUE,175,"can_tho,da_nang,hanoi,hcmc,pleiku",FALSE,FALSE,FALSE
notary_public,Business & Professional Services,1,taxonomy,Social,Social|Optional,"{""Social"": 0.902, ""Optional"": 0.614, ""Necessary"": 0.237}",0.237,0.902,0.614,1,TRUE,175,"can_tho,da_nang,hanoi,hcmc",FALSE,FALSE,FALSE
carpenter,Home & Garden Services,1,taxonomy,Social,Social,"{""Social"": 0.822, ""Optional"": 0.377, ""Necessary"": 0.127}",0.127,0.822,0.377,1,TRUE,167,"can_tho,da_nang,hanoi,hcmc",FALSE,FALSE,FALSE
pool_cleaning,Home & Garden Services,1,taxonomy,Social,Social,"{""Social"": 0.576, ""Necessary"": 0.357, ""Optional"": 0.107}",0.357,0.576,0.107,1,TRUE,165,"can_tho,da_nang,hanoi,hcmc",FALSE,FALSE,FALSE
museum,Culture & Arts,1,taxonomy,Optional,Optional,"{""Optional"": 0.76, ""Social"": 0.005, ""Necessary"": 0.004}",0.004,0.005,0.76,1,TRUE,163,"can_tho,da_nang,hanoi,hcmc,pleiku",FALSE,FALSE,FALSE
swimwear_store,Retail & Shopping,1,taxonomy,Social,Social,"{""Social"": 0.672, ""Optional"": 0.093, ""Necessary"": 0.016}",0.016,0.672,0.093,1,TRUE,163,"can_tho,da_nang,hanoi,hcmc",FALSE,FALSE,FALSE
optometrist,Healthcare,1,taxonomy,Social,Social,"{""Social"": 0.864, ""Optional"": 0.467, ""Necessary"": 0.146}",0.146,0.864,0.467,0,TRUE,163,"can_tho,da_nang,hanoi,hcmc,pleiku",FALSE,FALSE,FALSE
biotechnology_company,Business & Professional Services,1,taxonomy,Social,Social,"{""Social"": 0.778, ""Optional"": 0.352, ""Necessary"": 0.069}",0.069,0.778,0.352,1,TRUE,162,"can_tho,da_nang,hanoi,hcmc",FALSE,FALSE,FALSE
clothing_company,Business & Professional Services,1,taxonomy,Social,Social,"{""Social"": 0.889, ""Optional"": 0.412, ""Necessary"": 0.19}",0.19,0.889,0.412,1,TRUE,159,"can_tho,da_nang,hanoi,hcmc",FALSE,FALSE,FALSE
automotive_consultant,Automotive & Transport,1,taxonomy,Social,Social,"{""Social"": 0.758, ""Optional"": 0.325, ""Necessary"": 0.172}",0.172,0.758,0.325,1,TRUE,157,"can_tho,da_nang,hanoi,hcmc",FALSE,FALSE,FALSE
fishing_club,Recreation & Sport,1,taxonomy,Social,Social,"{""Social"": 0.587, ""Optional"": 0.259, ""Necessary"": 0.011}",0.011,0.587,0.259,1,TRUE,156,"can_tho,da_nang,hanoi,hcmc,pleiku",FALSE,FALSE,FALSE
specialty_school,Education,1,taxonomy,Social,Social,"{""Social"": 0.665, ""Optional"": 0.001, ""Necessary"": 0.001}",0.001,0.665,0.001,0,TRUE,153,"can_tho,da_nang,hanoi,hcmc",FALSE,FALSE,FALSE
non_governmental_association,Civic & Government,1,taxonomy,Social,Social|Optional,"{""Social"": 0.875, ""Optional"": 0.626, ""Necessary"": 0.004}",0.004,0.875,0.626,0,TRUE,151,"can_tho,da_nang,hanoi,hcmc",FALSE,FALSE,FALSE
record_label,Business & Professional Services,1,taxonomy,Social,Social|Optional,"{""Social"": 0.936, ""Optional"": 0.628, ""Necessary"": 0.394}",0.394,0.936,0.628,1,TRUE,150,"can_tho,da_nang,hanoi,hcmc,pleiku",FALSE,FALSE,FALSE
gymnastics_center,Recreation & Sport,1,taxonomy,Social,Social,"{""Social"": 0.826, ""Optional"": 0.122, ""Necessary"": 0.046}",0.046,0.826,0.122,1,TRUE,148,"can_tho,da_nang,hanoi,hcmc",FALSE,FALSE,FALSE
campground,Accommodation & Travel,1,taxonomy,Social,Social,"{""Social"": 0.919, ""Necessary"": 0.069, ""Optional"": 0.053}",0.069,0.919,0.053,1,TRUE,147,"can_tho,da_nang,hanoi,hcmc",FALSE,FALSE,FALSE
labor_union,Civic & Government,1,taxonomy,Social,Social,"{""Social"": 0.865, ""Necessary"": 0.169, ""Optional"": 0.096}",0.169,0.865,0.096,0,TRUE,142,"can_tho,da_nang,hanoi,hcmc,pleiku",FALSE,FALSE,FALSE
embassy,Civic & Government,1,taxonomy,Social,Social|Optional,"{""Social"": 0.743, ""Optional"": 0.555, ""Necessary"": 0.038}",0.038,0.743,0.555,0,TRUE,141,"can_tho,da_nang,hanoi,hcmc",FALSE,FALSE,FALSE
cottage,Accommodation & Travel,1,taxonomy,Social,Social,"{""Social"": 0.524, ""Optional"": 0.182, ""Necessary"": 0.005}",0.005,0.524,0.182,1,TRUE,139,"can_tho,da_nang,hanoi,hcmc",FALSE,FALSE,FALSE
sightseeing_tour_agency,Accommodation & Travel,1,taxonomy,Optional,Optional,"{""Optional"": 0.875, ""Social"": 0.017, ""Necessary"": 0.004}",0.004,0.017,0.875,1,TRUE,136,"can_tho,da_nang,hanoi,hcmc,pleiku",FALSE,FALSE,FALSE
river,Recreation & Sport,1,taxonomy,Social,Social|Optional,"{""Social"": 0.928, ""Optional"": 0.758, ""Necessary"": 0.449}",0.449,0.928,0.758,1,TRUE,136,"can_tho,da_nang,hanoi,hcmc",FALSE,FALSE,FALSE
wine_bar,Food & Drink,1,taxonomy,Social,Social,"{""Social"": 0.79, ""Optional"": 0.17, ""Necessary"": 0.031}",0.031,0.79,0.17,1,TRUE,136,"can_tho,da_nang,hanoi,hcmc",FALSE,FALSE,FALSE
lottery_ticket,Business & Professional Services,1,taxonomy,Social,Social,"{""Social"": 0.858, ""Optional"": 0.354, ""Necessary"": 0.072}",0.072,0.858,0.354,1,TRUE,128,"can_tho,da_nang,hanoi,hcmc,pleiku",FALSE,FALSE,FALSE
wig_store,Retail & Shopping,1,taxonomy,Social,Social|Optional,"{""Social"": 0.865, ""Optional"": 0.547, ""Necessary"": 0.371}",0.371,0.865,0.547,1,TRUE,126,"can_tho,da_nang,hanoi,hcmc,pleiku",FALSE,FALSE,FALSE
mountain,Recreation & Sport,1,taxonomy,Social,Social|Optional,"{""Social"": 0.87, ""Optional"": 0.65, ""Necessary"": 0.228}",0.228,0.87,0.65,1,TRUE,125,"can_tho,da_nang,hanoi,hcmc,pleiku",FALSE,FALSE,FALSE
weight_loss_center,Beauty & Personal Care,1,taxonomy,Social,Social,"{""Social"": 0.516, ""Optional"": 0.041, ""Necessary"": 0.008}",0.008,0.516,0.041,1,TRUE,125,"can_tho,da_nang,hanoi,hcmc,pleiku",FALSE,FALSE,FALSE
sandwich_shop,Food & Drink,1,taxonomy,Social,Social,"{""Social"": 0.883, ""Necessary"": 0.097, ""Optional"": 0.013}",0.097,0.883,0.013,1,TRUE,123,"can_tho,da_nang,hanoi,hcmc",FALSE,FALSE,FALSE
maternity_centers,Healthcare,1,taxonomy,Social,Social,"{""Social"": 0.744, ""Necessary"": 0.031, ""Optional"": 0.011}",0.031,0.744,0.011,0,TRUE,120,"can_tho,da_nang,hanoi,hcmc",FALSE,FALSE,FALSE
credit_union,Business & Professional Services,1,taxonomy,Social,Social|Optional,"{""Social"": 0.963, ""Optional"": 0.716, ""Necessary"": 0.436}",0.436,0.963,0.716,1,TRUE,118,"can_tho,da_nang,hanoi,hcmc,pleiku",FALSE,FALSE,FALSE
ear_nose_and_throat,Healthcare,1,taxonomy,Social,Social,"{""Social"": 0.813, ""Optional"": 0.294, ""Necessary"": 0.049}",0.049,0.813,0.294,0,TRUE,115,"can_tho,da_nang,hanoi,hcmc",FALSE,FALSE,FALSE
game_publisher,Business & Professional Services,1,taxonomy,Social,Social|Optional,"{""Social"": 0.93, ""Optional"": 0.595, ""Necessary"": 0.241}",0.241,0.93,0.595,1,TRUE,114,"da_nang,hanoi,hcmc",FALSE,FALSE,FALSE
employment_law,Business & Professional Services,1,taxonomy,Social,Social,"{""Social"": 0.808, ""Necessary"": 0.279, ""Optional"": 0.066}",0.279,0.808,0.066,1,TRUE,114,"can_tho,da_nang,hanoi,hcmc",FALSE,FALSE,FALSE
boxing_class,Recreation & Sport,1,taxonomy,Social,Social,"{""Social"": 0.735, ""Optional"": 0.475, ""Necessary"": 0.052}",0.052,0.735,0.475,1,TRUE,112,"can_tho,da_nang,hanoi,hcmc",FALSE,FALSE,FALSE
wood_and_pulp,Business & Professional Services,1,taxonomy,Social,Social,"{""Social"": 0.709, ""Optional"": 0.162, ""Necessary"": 0.043}",0.043,0.709,0.162,1,TRUE,111,"can_tho,da_nang,hanoi,hcmc",FALSE,FALSE,FALSE
automobile_leasing,Automotive & Transport,1,taxonomy,Optional,Optional|Social,"{""Optional"": 0.902, ""Social"": 0.74, ""Necessary"": 0.381}",0.381,0.74,0.902,1,TRUE,111,"can_tho,da_nang,hanoi,hcmc",FALSE,FALSE,FALSE
bus_station,Automotive & Transport,1,taxonomy,Necessary,Necessary|Social,"{""Necessary"": 0.819, ""Social"": 0.782, ""Optional"": 0.418}",0.819,0.782,0.418,1,TRUE,109,"can_tho,da_nang,hanoi,hcmc",FALSE,FALSE,FALSE
pet_breeder,Pet Services,1,taxonomy,Social,Social,"{""Social"": 0.901, ""Optional"": 0.482, ""Necessary"": 0.128}",0.128,0.901,0.482,1,TRUE,108,"can_tho,da_nang,hanoi,hcmc,pleiku",FALSE,FALSE,FALSE
antique_store,Retail & Shopping,1,taxonomy,Social,Social,"{""Social"": 0.726, ""Optional"": 0.308, ""Necessary"": 0.053}",0.053,0.726,0.308,1,TRUE,108,"can_tho,da_nang,hanoi,hcmc",FALSE,FALSE,FALSE
pet_groomer,Pet Services,1,taxonomy,Social,Social,"{""Social"": 0.826, ""Optional"": 0.292, ""Necessary"": 0.073}",0.073,0.826,0.292,1,TRUE,107,"can_tho,da_nang,hanoi,hcmc,pleiku",FALSE,FALSE,FALSE
immigration_law,Business & Professional Services,1,taxonomy,Social,Social,"{""Social"": 0.836, ""Optional"": 0.108, ""Necessary"": 0.048}",0.048,0.836,0.108,1,TRUE,107,"da_nang,hanoi,hcmc",FALSE,FALSE,FALSE
business_management_services,Business & Professional Services,1,taxonomy,Social,Social,"{""Social"": 0.661, ""Necessary"": 0.102, ""Optional"": 0.023}",0.102,0.661,0.023,1,TRUE,106,"can_tho,da_nang,hanoi,hcmc",FALSE,FALSE,FALSE
test_preparation,Education,1,taxonomy,Social,Social,"{""Social"": 0.902, ""Necessary"": 0.386, ""Optional"": 0.218}",0.386,0.902,0.218,0,TRUE,106,"can_tho,da_nang,hanoi,hcmc",FALSE,FALSE,FALSE
flea_market,Retail & Shopping,1,taxonomy,Social,Social,"{""Social"": 0.967, ""Necessary"": 0.243, ""Optional"": 0.177}",0.243,0.967,0.177,1,TRUE,104,"can_tho,da_nang,hanoi,hcmc",FALSE,FALSE,FALSE
psychologist,Healthcare,1,taxonomy,Social,Social|Optional,"{""Social"": 0.953, ""Optional"": 0.573, ""Necessary"": 0.216}",0.216,0.953,0.573,0,TRUE,99,"can_tho,da_nang,hanoi,hcmc",FALSE,FALSE,FALSE
lumber_store,Retail & Shopping,1,taxonomy,Social,Social,"{""Social"": 0.694, ""Optional"": 0.258, ""Necessary"": 0.092}",0.092,0.694,0.258,1,TRUE,99,"can_tho,da_nang,hanoi,hcmc,pleiku",FALSE,FALSE,FALSE
translating_and_interpreting_services,Business & Professional Services,1,taxonomy,Social,Social,"{""Social"": 0.716, ""Necessary"": 0.174, ""Optional"": 0.069}",0.174,0.716,0.069,1,TRUE,96,"can_tho,da_nang,hanoi,hcmc",FALSE,FALSE,FALSE
occupational_safety,Business & Professional Services,1,taxonomy,Necessary,Necessary,"{""Necessary"": 0.843, ""Social"": 0.013, ""Optional"": 0.001}",0.843,0.013,0.001,1,TRUE,95,"can_tho,da_nang,hanoi,hcmc,pleiku",FALSE,FALSE,FALSE
bartender,Business & Professional Services,1,taxonomy,Social,Social,"{""Social"": 0.853, ""Optional"": 0.276, ""Necessary"": 0.136}",0.136,0.853,0.276,1,TRUE,93,"can_tho,da_nang,hanoi,hcmc,pleiku",FALSE,FALSE,FALSE
swimming_instructor,Recreation & Sport,1,taxonomy,Social,Social,"{""Social"": 0.735, ""Necessary"": 0.067, ""Optional"": 0.0}",0.067,0.735,0,1,TRUE,88,"can_tho,da_nang,hanoi,hcmc",FALSE,FALSE,FALSE
brokers,Business & Professional Services,1,taxonomy,Social,Social,"{""Social"": 0.713, ""Optional"": 0.32, ""Necessary"": 0.14}",0.14,0.713,0.32,1,TRUE,88,"can_tho,da_nang,hanoi,hcmc",FALSE,FALSE,FALSE
american_restaurant,Food & Drink,1,taxonomy,Social,Social,"{""Social"": 0.508, ""Optional"": 0.061, ""Necessary"": 0.027}",0.027,0.508,0.061,1,TRUE,86,"can_tho,da_nang,hanoi,hcmc",FALSE,FALSE,FALSE
train_station,Automotive & Transport,1,taxonomy,Social,Social|Necessary,"{""Social"": 0.671, ""Necessary"": 0.649, ""Optional"": 0.304}",0.649,0.671,0.304,1,TRUE,85,"da_nang,hanoi,hcmc",FALSE,FALSE,FALSE
chocolatier,Food & Drink,1,taxonomy,Social,Social,"{""Social"": 0.666, ""Optional"": 0.039, ""Necessary"": 0.026}",0.026,0.666,0.039,1,TRUE,84,"can_tho,da_nang,hanoi,hcmc",FALSE,FALSE,FALSE
aircraft_dealer,Automotive & Transport,1,taxonomy,Social,Social,"{""Social"": 0.668, ""Optional"": 0.221, ""Necessary"": 0.074}",0.074,0.668,0.221,1,TRUE,83,"can_tho,da_nang,hanoi,hcmc",FALSE,FALSE,FALSE
videographer,Business & Professional Services,1,taxonomy,Social,Social|Optional,"{""Social"": 0.932, ""Optional"": 0.632, ""Necessary"": 0.164}",0.164,0.932,0.632,1,TRUE,82,"can_tho,da_nang,hanoi,hcmc,pleiku",FALSE,FALSE,FALSE
boat_tours,Accommodation & Travel,1,taxonomy,Optional,Optional|Social,"{""Optional"": 0.675, ""Social"": 0.581, ""Necessary"": 0.023}",0.023,0.581,0.675,1,TRUE,82,"can_tho,da_nang,hanoi,hcmc",FALSE,FALSE,FALSE
electrician,Home & Garden Services,1,taxonomy,Social,Social,"{""Social"": 0.874, ""Optional"": 0.407, ""Necessary"": 0.2}",0.2,0.874,0.407,1,TRUE,81,"can_tho,da_nang,hanoi,hcmc",FALSE,FALSE,FALSE
brewery,Food & Drink,1,taxonomy,Social,Social,"{""Social"": 0.666, ""Optional"": 0.075, ""Necessary"": 0.041}",0.041,0.666,0.075,1,TRUE,79,"da_nang,hanoi,hcmc",FALSE,FALSE,FALSE
soccer_stadium,Recreation & Sport,1,taxonomy,Optional,Optional,"{""Optional"": 0.543, ""Necessary"": 0.04, ""Social"": 0.008}",0.04,0.008,0.543,1,TRUE,79,"can_tho,da_nang,hanoi,hcmc",FALSE,FALSE,FALSE
mattress_manufacturing,Business & Professional Services,1,taxonomy,Social,Social,"{""Social"": 0.638, ""Optional"": 0.084, ""Necessary"": 0.067}",0.067,0.638,0.084,1,TRUE,79,"can_tho,da_nang,hanoi,hcmc",FALSE,FALSE,FALSE
food_consultant,Food & Drink,1,taxonomy,Social,Social,"{""Social"": 0.925, ""Necessary"": 0.335, ""Optional"": 0.103}",0.335,0.925,0.103,1,TRUE,78,"can_tho,da_nang,hanoi,hcmc",FALSE,FALSE,FALSE
housing_authorities,Community & Religion,1,taxonomy,Social,Social,"{""Social"": 0.815, ""Necessary"": 0.298, ""Optional"": 0.146}",0.298,0.815,0.146,1,TRUE,77,"can_tho,da_nang,hanoi,hcmc",FALSE,FALSE,FALSE
party_supply,Utilities & Infrastructure,0.377,bart,Social,Social|Optional,"{""Social"": 0.952, ""Optional"": 0.584, ""Necessary"": 0.202}",0.202,0.952,0.584,1,TRUE,76,"can_tho,da_nang,hanoi,hcmc",FALSE,FALSE,FALSE
vending_machine_supplier,Business & Professional Services,1,taxonomy,Social,Social,"{""Social"": 0.694, ""Necessary"": 0.197, ""Optional"": 0.104}",0.197,0.694,0.104,1,TRUE,75,"can_tho,da_nang,hanoi,hcmc",FALSE,FALSE,FALSE
roofing,Home & Garden Services,1,taxonomy,Social,Social,"{""Social"": 0.541, ""Optional"": 0.316, ""Necessary"": 0.098}",0.098,0.541,0.316,1,TRUE,75,"can_tho,da_nang,hanoi,hcmc,pleiku",FALSE,FALSE,FALSE
evangelical_church,Community & Religion,0.692,bart,Social,Social,"{""Social"": 0.831, ""Optional"": 0.197, ""Necessary"": 0.018}",0.018,0.831,0.197,1,TRUE,74,"can_tho,da_nang,hanoi,hcmc",FALSE,FALSE,FALSE
urban_farm,Agriculture & Industry,1,taxonomy,Social,Social|Optional,"{""Social"": 0.943, ""Optional"": 0.586, ""Necessary"": 0.192}",0.192,0.943,0.586,1,TRUE,73,"can_tho,da_nang,hanoi,hcmc,pleiku",FALSE,FALSE,FALSE
gastropub,Food & Drink,1,taxonomy,Social,Social,"{""Social"": 0.867, ""Optional"": 0.075, ""Necessary"": 0.036}",0.036,0.867,0.075,1,TRUE,72,"can_tho,da_nang,hanoi,hcmc",FALSE,FALSE,FALSE
amateur_sports_team,Recreation & Sport,1,taxonomy,Optional,Optional|Social,"{""Optional"": 0.711, ""Social"": 0.524, ""Necessary"": 0.003}",0.003,0.524,0.711,1,TRUE,71,"can_tho,da_nang,hanoi,hcmc",FALSE,FALSE,FALSE
glass_manufacturer,Business & Professional Services,1,taxonomy,Social,Social,"{""Social"": 0.854, ""Optional"": 0.424, ""Necessary"": 0.14}",0.14,0.854,0.424,1,TRUE,71,"can_tho,da_nang,hanoi,hcmc,pleiku",FALSE,FALSE,FALSE
mexican_restaurant,Food & Drink,1,taxonomy,Social,Social,"{""Social"": 0.639, ""Optional"": 0.044, ""Necessary"": 0.028}",0.028,0.639,0.044,1,TRUE,70,"can_tho,da_nang,hanoi,hcmc",FALSE,FALSE,FALSE
retirement_home,Business & Professional Services,1,taxonomy,Social,Social,"{""Social"": 0.575, ""Optional"": 0.208, ""Necessary"": 0.001}",0.001,0.575,0.208,1,TRUE,69,"can_tho,da_nang,hanoi,hcmc",FALSE,FALSE,FALSE
inn,Accommodation & Travel,1,taxonomy,Social,Social|Optional,"{""Social"": 0.975, ""Optional"": 0.891, ""Necessary"": 0.41}",0.41,0.975,0.891,1,TRUE,68,"can_tho,da_nang,hanoi,hcmc",FALSE,FALSE,FALSE
day_spa,Beauty & Personal Care,1,taxonomy,Social,Social,"{""Social"": 0.775, ""Optional"": 0.437, ""Necessary"": 0.022}",0.022,0.775,0.437,1,TRUE,68,"can_tho,da_nang,hanoi,hcmc",FALSE,FALSE,FALSE
food_tours,Accommodation & Travel,1,taxonomy,Social,Social,"{""Social"": 0.815, ""Optional"": 0.396, ""Necessary"": 0.066}",0.066,0.815,0.396,1,TRUE,65,"can_tho,da_nang,hanoi,hcmc,pleiku",FALSE,FALSE,FALSE
wholesale_grocer,Business & Professional Services,1,taxonomy,Social,Social,"{""Social"": 0.722, ""Necessary"": 0.467, ""Optional"": 0.037}",0.467,0.722,0.037,1,TRUE,64,"can_tho,da_nang,hanoi,hcmc,pleiku",FALSE,FALSE,FALSE
acupuncture,Healthcare,1,taxonomy,Social,Social,"{""Social"": 0.627, ""Optional"": 0.086, ""Necessary"": 0.054}",0.054,0.627,0.086,0,TRUE,63,"can_tho,da_nang,hanoi,hcmc",FALSE,FALSE,FALSE
night_market,Daily Needs & Grocery,1,taxonomy,Social,Social,"{""Social"": 0.962, ""Optional"": 0.29, ""Necessary"": 0.164}",0.164,0.962,0.29,1,TRUE,62,"can_tho,da_nang,hanoi,hcmc",FALSE,FALSE,FALSE
fish_farm,Business & Professional Services,1,taxonomy,Social,Social,"{""Social"": 0.847, ""Optional"": 0.339, ""Necessary"": 0.052}",0.052,0.847,0.339,1,TRUE,61,"can_tho,da_nang,hanoi,hcmc",FALSE,FALSE,FALSE
motorsports_store,Retail & Shopping,1,taxonomy,Optional,Optional,"{""Optional"": 0.744, ""Social"": 0.34, ""Necessary"": 0.043}",0.043,0.34,0.744,1,TRUE,60,"can_tho,da_nang,hanoi,hcmc",FALSE,FALSE,FALSE
health_department,Civic & Government,1,taxonomy,Social,Social,"{""Social"": 0.906, ""Necessary"": 0.282, ""Optional"": 0.096}",0.282,0.906,0.096,0,TRUE,60,"can_tho,da_nang,hanoi,hcmc",FALSE,FALSE,FALSE
private_investigation,Business & Professional Services,1,taxonomy,Social,Social,"{""Social"": 0.599, ""Optional"": 0.013, ""Necessary"": 0.006}",0.006,0.599,0.013,1,TRUE,59,"can_tho,da_nang,hanoi,hcmc,pleiku",FALSE,FALSE,FALSE
aromatherapy,Healthcare,1,taxonomy,Social,Social,"{""Social"": 0.796, ""Necessary"": 0.058, ""Optional"": 0.025}",0.058,0.796,0.025,0,TRUE,56,"can_tho,da_nang,hanoi,hcmc",FALSE,FALSE,FALSE
bags_luggage_company,Business & Professional Services,1,taxonomy,Social,Social,"{""Social"": 0.786, ""Optional"": 0.376, ""Necessary"": 0.159}",0.159,0.786,0.376,1,TRUE,55,"da_nang,hanoi,hcmc",FALSE,FALSE,FALSE
damage_restoration,Home & Garden Services,1,taxonomy,Social,Social,"{""Social"": 0.794, ""Optional"": 0.302, ""Necessary"": 0.038}",0.038,0.794,0.302,1,TRUE,55,"da_nang,hanoi,hcmc",FALSE,FALSE,FALSE
animal_shelter,Pet Services,1,taxonomy,Social,Social,"{""Social"": 0.755, ""Optional"": 0.2, ""Necessary"": 0.025}",0.025,0.755,0.2,1,TRUE,54,"can_tho,da_nang,hanoi,hcmc",FALSE,FALSE,FALSE
sports_bar,Food & Drink,1,taxonomy,Optional,Optional|Social,"{""Optional"": 0.805, ""Social"": 0.776, ""Necessary"": 0.044}",0.044,0.776,0.805,1,TRUE,54,"can_tho,da_nang,hanoi,hcmc",FALSE,FALSE,FALSE
aquarium,Recreation & Sport,1,taxonomy,Social,Social,"{""Social"": 0.713, ""Optional"": 0.117, ""Necessary"": 0.037}",0.037,0.713,0.117,1,TRUE,53,"can_tho,da_nang,hanoi,hcmc",FALSE,FALSE,FALSE
car_stereo_store,Retail & Shopping,1,taxonomy,Social,Social,"{""Social"": 0.64, ""Optional"": 0.231, ""Necessary"": 0.158}",0.158,0.64,0.231,1,TRUE,53,"can_tho,da_nang,hanoi,hcmc",FALSE,FALSE,FALSE
auto_glass_service,Automotive & Transport,1,taxonomy,Social,Social,"{""Social"": 0.881, ""Optional"": 0.361, ""Necessary"": 0.279}",0.279,0.881,0.361,1,TRUE,52,"can_tho,da_nang,hanoi,hcmc",FALSE,FALSE,FALSE
dog_trainer,Pet Services,1,taxonomy,Social,Social,"{""Social"": 0.86, ""Optional"": 0.344, ""Necessary"": 0.153}",0.153,0.86,0.344,1,TRUE,51,"da_nang,hanoi,hcmc",FALSE,FALSE,FALSE
comic_books_store,Retail & Shopping,1,taxonomy,Social,Social,"{""Social"": 0.662, ""Optional"": 0.104, ""Necessary"": 0.045}",0.045,0.662,0.104,1,TRUE,51,"can_tho,da_nang,hanoi,hcmc",FALSE,FALSE,FALSE
book_magazine_distribution,Business & Professional Services,1,taxonomy,Social,Social,"{""Social"": 0.683, ""Optional"": 0.078, ""Necessary"": 0.068}",0.068,0.683,0.078,1,TRUE,49,"can_tho,da_nang,hanoi,hcmc,pleiku",FALSE,FALSE,FALSE
hair_extensions,Beauty & Personal Care,1,taxonomy,Social,Social,"{""Social"": 0.904, ""Optional"": 0.395, ""Necessary"": 0.075}",0.075,0.904,0.395,1,TRUE,49,"can_tho,da_nang,hanoi,hcmc",FALSE,FALSE,FALSE
bartending_school,Education,1,taxonomy,Social,Social,"{""Social"": 0.618, ""Optional"": 0.021, ""Necessary"": 0.021}",0.021,0.618,0.021,0,TRUE,49,"da_nang,hanoi,hcmc",FALSE,FALSE,FALSE
tree_services,Home & Garden Services,1,taxonomy,Social,Social|Optional,"{""Social"": 0.911, ""Optional"": 0.733, ""Necessary"": 0.239}",0.239,0.911,0.733,1,TRUE,48,"can_tho,da_nang,hanoi,hcmc",FALSE,FALSE,FALSE
hair_replacement,Beauty & Personal Care,1,taxonomy,Social,Social,"{""Social"": 0.844, ""Optional"": 0.378, ""Necessary"": 0.099}",0.099,0.844,0.378,1,TRUE,48,"can_tho,hanoi,hcmc",FALSE,FALSE,FALSE
private_association,Business & Professional Services,1,taxonomy,Social,Social|Optional,"{""Social"": 0.935, ""Optional"": 0.702, ""Necessary"": 0.031}",0.031,0.935,0.702,1,TRUE,47,"can_tho,da_nang,hanoi,hcmc",FALSE,FALSE,FALSE
marketing_consultant,Business & Professional Services,1,taxonomy,Social,Social,"{""Social"": 0.869, ""Optional"": 0.172, ""Necessary"": 0.119}",0.119,0.869,0.172,1,TRUE,46,"da_nang,hanoi,hcmc,pleiku",FALSE,FALSE,FALSE
basketball_court,Recreation & Sport,1,taxonomy,Optional,Optional|Social,"{""Optional"": 0.719, ""Social"": 0.564, ""Necessary"": 0.144}",0.144,0.564,0.719,1,TRUE,46,"can_tho,da_nang,hanoi,hcmc",FALSE,FALSE,FALSE
senior_citizen_services,Community & Religion,1,taxonomy,Social,Social,"{""Social"": 0.874, ""Optional"": 0.414, ""Necessary"": 0.249}",0.249,0.874,0.414,1,TRUE,46,"can_tho,da_nang,hanoi,hcmc",FALSE,FALSE,FALSE
tv_mounting,Home & Garden Services,1,taxonomy,Social,Social,"{""Social"": 0.856, ""Optional"": 0.467, ""Necessary"": 0.448}",0.448,0.856,0.467,1,TRUE,45,"can_tho,da_nang,hanoi,hcmc",FALSE,FALSE,FALSE
marina,Civic & Government,1,taxonomy,Social,Social|Optional,"{""Social"": 0.958, ""Optional"": 0.643, ""Necessary"": 0.367}",0.367,0.958,0.643,0,TRUE,45,"can_tho,da_nang,hanoi,hcmc",FALSE,FALSE,FALSE
hair_removal,Beauty & Personal Care,1,taxonomy,Social,Social,"{""Social"": 0.617, ""Optional"": 0.204, ""Necessary"": 0.047}",0.047,0.617,0.204,1,TRUE,44,"can_tho,da_nang,hanoi,hcmc",FALSE,FALSE,FALSE
image_consultant,Beauty & Personal Care,1,taxonomy,Social,Social|Optional,"{""Social"": 0.955, ""Optional"": 0.76, ""Necessary"": 0.482}",0.482,0.955,0.76,1,TRUE,44,"can_tho,da_nang,hanoi,hcmc",FALSE,FALSE,FALSE
public_utility_company,Utilities & Infrastructure,0.798,bart,Social,Social,"{""Social"": 0.78, ""Optional"": 0.184, ""Necessary"": 0.163}",0.163,0.78,0.184,1,TRUE,43,"can_tho,da_nang,hanoi,hcmc",FALSE,FALSE,FALSE
comedy_club,Culture & Arts,1,taxonomy,Social,Social,"{""Social"": 0.849, ""Optional"": 0.049, ""Necessary"": 0.022}",0.022,0.849,0.049,1,TRUE,43,"da_nang,hanoi,hcmc",FALSE,FALSE,FALSE
mining,Business & Professional Services,1,taxonomy,Social,Social,"{""Social"": 0.718, ""Optional"": 0.065, ""Necessary"": 0.052}",0.052,0.718,0.065,1,TRUE,42,"da_nang,hanoi,hcmc,pleiku",FALSE,FALSE,FALSE
psychotherapist,Healthcare,1,taxonomy,Social,Social,"{""Social"": 0.891, ""Optional"": 0.114, ""Necessary"": 0.03}",0.03,0.891,0.114,0,TRUE,42,"da_nang,hanoi,hcmc",FALSE,FALSE,FALSE
ferry_boat_company,Business & Professional Services,1,taxonomy,Social,Social,"{""Social"": 0.748, ""Optional"": 0.325, ""Necessary"": 0.154}",0.154,0.748,0.325,1,TRUE,41,"can_tho,da_nang,hanoi,hcmc",FALSE,FALSE,FALSE
professional_sports_team,Recreation & Sport,1,taxonomy,Optional,Optional,"{""Optional"": 0.631, ""Social"": 0.032, ""Necessary"": 0.007}",0.007,0.032,0.631,1,TRUE,40,"can_tho,da_nang,hanoi,hcmc",FALSE,FALSE,FALSE
art_museum,Culture & Arts,1,taxonomy,Optional,Optional,"{""Optional"": 0.758, ""Social"": 0.055, ""Necessary"": 0.007}",0.007,0.055,0.758,1,TRUE,40,"da_nang,hanoi,hcmc",FALSE,FALSE,FALSE
water_supplier,Utilities & Infrastructure,0.761,bart,Social,Social|Optional,"{""Social"": 0.923, ""Optional"": 0.526, ""Necessary"": 0.285}",0.285,0.923,0.526,1,TRUE,39,"can_tho,da_nang,hanoi,hcmc",FALSE,FALSE,FALSE
waxing,Beauty & Personal Care,1,taxonomy,Social,Social,"{""Social"": 0.898, ""Optional"": 0.498, ""Necessary"": 0.037}",0.037,0.898,0.498,1,TRUE,38,"da_nang,hanoi,hcmc",FALSE,FALSE,FALSE
airport_lounge,Food & Drink,1,taxonomy,Social,Social,"{""Social"": 0.941, ""Optional"": 0.259, ""Necessary"": 0.011}",0.011,0.941,0.259,1,TRUE,37,"can_tho,da_nang,hanoi,hcmc",FALSE,FALSE,FALSE
maternity_wear,Retail & Shopping,1,taxonomy,Social,Social,"{""Social"": 0.917, ""Optional"": 0.298, ""Necessary"": 0.209}",0.209,0.917,0.298,1,TRUE,36,"da_nang,hanoi,hcmc",FALSE,FALSE,FALSE
writing_service,Business & Professional Services,1,taxonomy,Social,Social,"{""Social"": 0.85, ""Optional"": 0.211, ""Necessary"": 0.189}",0.189,0.85,0.211,1,TRUE,36,"can_tho,da_nang,hanoi,hcmc,pleiku",FALSE,FALSE,FALSE
bike_rentals,Recreation & Sport,1,taxonomy,Social,Social|Necessary,"{""Social"": 0.654, ""Necessary"": 0.523, ""Optional"": 0.47}",0.523,0.654,0.47,1,TRUE,36,"da_nang,hanoi,hcmc",FALSE,FALSE,FALSE
fire_department,Civic & Government,1,taxonomy,Social,Social,"{""Social"": 0.726, ""Optional"": 0.332, ""Necessary"": 0.028}",0.028,0.726,0.332,0,TRUE,36,"can_tho,da_nang,hanoi,hcmc",FALSE,FALSE,FALSE
beach_resort,Accommodation & Travel,1,taxonomy,Social,Social,"{""Social"": 0.83, ""Optional"": 0.065, ""Necessary"": 0.002}",0.002,0.83,0.065,1,TRUE,36,"da_nang,hanoi,hcmc",FALSE,FALSE,FALSE
home_theater_systems_stores,Retail & Shopping,1,taxonomy,Social,Social,"{""Social"": 0.76, ""Optional"": 0.168, ""Necessary"": 0.126}",0.126,0.76,0.168,1,TRUE,36,"da_nang,hanoi,hcmc",FALSE,FALSE,FALSE
water_park,Recreation & Sport,1,taxonomy,Social,Social|Optional,"{""Social"": 0.949, ""Optional"": 0.8, ""Necessary"": 0.066}",0.066,0.949,0.8,1,TRUE,36,"da_nang,hanoi,hcmc",FALSE,FALSE,FALSE
copywriting_service,Business & Professional Services,1,taxonomy,Social,Social,"{""Social"": 0.862, ""Necessary"": 0.109, ""Optional"": 0.092}",0.109,0.862,0.092,1,TRUE,36,"can_tho,da_nang,hanoi,hcmc",FALSE,FALSE,FALSE
hookah_bar,Food & Drink,1,taxonomy,Social,Social,"{""Social"": 0.866, ""Optional"": 0.13, ""Necessary"": 0.018}",0.018,0.866,0.13,1,TRUE,34,"hanoi,hcmc",FALSE,FALSE,FALSE
sex_therapist,Healthcare,1,taxonomy,Social,Social,"{""Social"": 0.837, ""Optional"": 0.081, ""Necessary"": 0.016}",0.016,0.837,0.081,0,TRUE,34,"can_tho,da_nang,hanoi,hcmc",FALSE,FALSE,FALSE
granite_supplier,Business & Professional Services,1,taxonomy,Social,Social|Optional,"{""Social"": 0.895, ""Optional"": 0.612, ""Necessary"": 0.272}",0.272,0.895,0.612,1,TRUE,33,"can_tho,da_nang,hanoi,hcmc",FALSE,FALSE,FALSE
public_relations,Business & Professional Services,1,taxonomy,Social,Social|Optional,"{""Social"": 0.928, ""Optional"": 0.567, ""Necessary"": 0.136}",0.136,0.928,0.567,1,TRUE,32,"da_nang,hanoi,hcmc",FALSE,FALSE,FALSE
salad_bar,Food & Drink,1,taxonomy,Social,Social,"{""Social"": 0.793, ""Optional"": 0.217, ""Necessary"": 0.069}",0.069,0.793,0.217,1,TRUE,32,"can_tho,da_nang,hanoi,hcmc",FALSE,FALSE,FALSE
orthopedist,Healthcare,1,taxonomy,Social,Social,"{""Social"": 0.712, ""Optional"": 0.145, ""Necessary"": 0.099}",0.099,0.712,0.145,0,TRUE,31,"can_tho,hanoi,hcmc",FALSE,FALSE,FALSE
oral_surgeon,Healthcare,1,taxonomy,Social,Social,"{""Social"": 0.883, ""Optional"": 0.228, ""Necessary"": 0.078}",0.078,0.883,0.228,0,TRUE,31,"can_tho,da_nang,hanoi,hcmc",FALSE,FALSE,FALSE
endodontist,Healthcare,1,taxonomy,Social,Social,"{""Social"": 0.662, ""Optional"": 0.051, ""Necessary"": 0.046}",0.046,0.662,0.051,0,TRUE,31,"can_tho,da_nang,hanoi,hcmc,pleiku",FALSE,FALSE,FALSE
school_sports_team,Recreation & Sport,1,taxonomy,Optional,Optional,"{""Optional"": 0.653, ""Social"": 0.298, ""Necessary"": 0.006}",0.006,0.298,0.653,1,TRUE,30,"da_nang,hanoi,hcmc,pleiku",FALSE,FALSE,FALSE
mobile_phone_repair,Business & Professional Services,1,taxonomy,Social,Social,"{""Social"": 0.693, ""Necessary"": 0.19, ""Optional"": 0.008}",0.19,0.693,0.008,1,TRUE,29,"da_nang,hanoi,hcmc,pleiku",FALSE,FALSE,FALSE
golf_instructor,Recreation & Sport,1,taxonomy,Social,Social,"{""Social"": 0.536, ""Optional"": 0.048, ""Necessary"": 0.031}",0.031,0.536,0.048,1,TRUE,28,"da_nang,hanoi,hcmc",FALSE,FALSE,FALSE
rv_park,Accommodation & Travel,1,taxonomy,Social,Social|Optional,"{""Social"": 0.845, ""Optional"": 0.719, ""Necessary"": 0.068}",0.068,0.845,0.719,1,TRUE,28,"can_tho,da_nang,hanoi,hcmc",FALSE,FALSE,FALSE
osteopath,Healthcare,1,taxonomy,Social,Social|Optional,"{""Social"": 0.904, ""Optional"": 0.517, ""Necessary"": 0.263}",0.263,0.904,0.517,0,TRUE,28,"da_nang,hanoi,hcmc",FALSE,FALSE,FALSE
hiking_trail,Recreation & Sport,1,taxonomy,Social,Social|Optional,"{""Social"": 0.751, ""Optional"": 0.611, ""Necessary"": 0.15}",0.15,0.751,0.611,1,TRUE,27,"da_nang,hanoi,hcmc",FALSE,FALSE,FALSE
pentecostal_church,Community & Religion,0.821,bart,Social,Social,"{""Social"": 0.831, ""Optional"": 0.136, ""Necessary"": 0.014}",0.014,0.831,0.136,1,TRUE,27,"can_tho,da_nang,hanoi,hcmc,pleiku",FALSE,FALSE,FALSE
avionics_shop,Automotive & Transport,1,taxonomy,Social,Social,"{""Social"": 0.789, ""Optional"": 0.213, ""Necessary"": 0.151}",0.151,0.789,0.213,1,TRUE,26,"can_tho,da_nang,hanoi,hcmc",FALSE,FALSE,FALSE
auction_house,Retail & Shopping,1,taxonomy,Social,Social,"{""Social"": 0.548, ""Optional"": 0.162, ""Necessary"": 0.047}",0.047,0.548,0.162,1,TRUE,26,"da_nang,hanoi,hcmc,pleiku",FALSE,FALSE,FALSE
pet_boarding,Pet Services,1,taxonomy,Social,Social,"{""Social"": 0.78, ""Optional"": 0.479, ""Necessary"": 0.141}",0.141,0.78,0.479,1,TRUE,26,"can_tho,da_nang,hanoi,hcmc",FALSE,FALSE,FALSE
livestock_breeder,Business & Professional Services,1,taxonomy,Social,Social,"{""Social"": 0.693, ""Optional"": 0.047, ""Necessary"": 0.028}",0.028,0.693,0.047,1,TRUE,26,"can_tho,da_nang,hanoi,hcmc",FALSE,FALSE,FALSE
tiling,Home & Garden Services,1,taxonomy,Social,Social,"{""Social"": 0.72, ""Optional"": 0.475, ""Necessary"": 0.176}",0.176,0.72,0.475,1,TRUE,26,"can_tho,da_nang,hanoi,hcmc",FALSE,FALSE,FALSE
nature_reserve,Recreation & Sport,1,taxonomy,Social,Social|Optional,"{""Social"": 0.898, ""Optional"": 0.827, ""Necessary"": 0.012}",0.012,0.898,0.827,1,TRUE,26,"can_tho,da_nang,hanoi,hcmc",FALSE,FALSE,FALSE
truck_repair,Automotive & Transport,1,taxonomy,Social,Social,"{""Social"": 0.666, ""Necessary"": 0.133, ""Optional"": 0.12}",0.133,0.666,0.12,1,TRUE,25,"can_tho,hanoi,hcmc,pleiku",FALSE,FALSE,FALSE
department_of_motor_vehicles,Civic & Government,1,taxonomy,Social,Social|Optional,"{""Social"": 0.649, ""Optional"": 0.545, ""Necessary"": 0.263}",0.263,0.649,0.545,0,TRUE,25,"da_nang,hanoi,hcmc",FALSE,FALSE,FALSE
donuts,Food & Drink,0.351,bart,Social,Social,"{""Social"": 0.848, ""Optional"": 0.191, ""Necessary"": 0.064}",0.064,0.848,0.191,1,TRUE,25,"can_tho,hanoi,hcmc",FALSE,FALSE,FALSE
botanical_garden,Civic & Government,1,taxonomy,Social,Social,"{""Social"": 0.74, ""Optional"": 0.368, ""Necessary"": 0.017}",0.017,0.74,0.368,0,TRUE,25,"can_tho,da_nang,hanoi,hcmc",FALSE,FALSE,FALSE
reflexology,Healthcare,1,taxonomy,Social,Social,"{""Social"": 0.906, ""Necessary"": 0.331, ""Optional"": 0.328}",0.331,0.906,0.328,0,TRUE,25,"da_nang,hanoi,hcmc",FALSE,FALSE,FALSE
pancake_house,Food & Drink,1,taxonomy,Social,Social,"{""Social"": 0.835, ""Optional"": 0.21, ""Necessary"": 0.035}",0.035,0.835,0.21,1,TRUE,25,"da_nang,hanoi,hcmc",FALSE,FALSE,FALSE
real_estate_law,Business & Professional Services,1,taxonomy,Social,Social,"{""Social"": 0.856, ""Optional"": 0.286, ""Necessary"": 0.086}",0.086,0.856,0.286,1,TRUE,24,"da_nang,hanoi,hcmc",FALSE,FALSE,FALSE
bagel_shop,Food & Drink,1,taxonomy,Social,Social,"{""Social"": 0.839, ""Necessary"": 0.113, ""Optional"": 0.05}",0.113,0.839,0.05,1,TRUE,23,"can_tho,da_nang,hanoi,hcmc,pleiku",FALSE,FALSE,FALSE
patio_covers,Home & Garden Services,1,taxonomy,Social,Social|Optional,"{""Social"": 0.982, ""Optional"": 0.803, ""Necessary"": 0.202}",0.202,0.982,0.803,1,TRUE,22,"can_tho,da_nang,hanoi,hcmc",FALSE,FALSE,FALSE
national_park,Recreation & Sport,1,taxonomy,Social,Social|Optional,"{""Social"": 0.854, ""Optional"": 0.811, ""Necessary"": 0.031}",0.031,0.854,0.811,1,TRUE,22,"can_tho,da_nang,hanoi,hcmc",FALSE,FALSE,FALSE
well_drilling,Home & Garden Services,1,taxonomy,Social,Social,"{""Social"": 0.812, ""Optional"": 0.263, ""Necessary"": 0.125}",0.125,0.812,0.263,1,TRUE,22,"da_nang,hanoi,hcmc,pleiku",FALSE,FALSE,FALSE
automobile_registration_service,Automotive & Transport,1,taxonomy,Social,Social,"{""Social"": 0.666, ""Necessary"": 0.448, ""Optional"": 0.018}",0.448,0.666,0.018,1,TRUE,22,"can_tho,da_nang,hanoi,hcmc",FALSE,FALSE,FALSE
bus_tours,Accommodation & Travel,1,taxonomy,Social,Social|Optional,"{""Social"": 0.796, ""Optional"": 0.785, ""Necessary"": 0.286}",0.286,0.796,0.785,1,TRUE,22,"can_tho,da_nang,hanoi,hcmc",FALSE,FALSE,FALSE
southern_restaurant,Food & Drink,0.592,bart,Social,Social,"{""Social"": 0.529, ""Necessary"": 0.031, ""Optional"": 0.028}",0.031,0.529,0.028,1,TRUE,21,"can_tho,hanoi,hcmc",FALSE,FALSE,FALSE
logging_services,Business & Professional Services,1,taxonomy,Social,Social,"{""Social"": 0.64, ""Necessary"": 0.204, ""Optional"": 0.185}",0.204,0.64,0.185,1,TRUE,21,"can_tho,da_nang,hanoi,hcmc",FALSE,FALSE,FALSE
skilled_nursing,Healthcare,1,taxonomy,Social,Social,"{""Social"": 0.515, ""Necessary"": 0.086, ""Optional"": 0.001}",0.086,0.515,0.001,0,TRUE,21,"da_nang,hanoi,hcmc",FALSE,FALSE,FALSE
dairy_farm,Agriculture & Industry,1,taxonomy,Social,Social,"{""Social"": 0.715, ""Optional"": 0.037, ""Necessary"": 0.036}",0.036,0.715,0.037,1,TRUE,20,"can_tho,da_nang,hanoi,hcmc",FALSE,FALSE,FALSE
oncologist,Healthcare,1,taxonomy,Social,Social,"{""Social"": 0.797, ""Optional"": 0.194, ""Necessary"": 0.08}",0.08,0.797,0.194,0,TRUE,20,"can_tho,da_nang,hanoi,hcmc",FALSE,FALSE,FALSE
esports_league,Recreation & Sport,1,taxonomy,Optional,Optional|Social,"{""Optional"": 0.653, ""Social"": 0.541, ""Necessary"": 0.039}",0.039,0.541,0.653,1,TRUE,20,"da_nang,hanoi,hcmc,pleiku",FALSE,FALSE,FALSE
baseball_field,Recreation & Sport,1,taxonomy,Social,Social|Optional,"{""Social"": 0.592, ""Optional"": 0.584, ""Necessary"": 0.043}",0.043,0.592,0.584,1,TRUE,20,"can_tho,da_nang,hanoi,hcmc",FALSE,FALSE,FALSE
radio_station,Business & Professional Services,1,taxonomy,Social,Social|Optional,"{""Social"": 0.871, ""Optional"": 0.558, ""Necessary"": 0.228}",0.228,0.871,0.558,1,TRUE,19,"hanoi,hcmc,pleiku",FALSE,FALSE,FALSE
bowling_alley,Recreation & Sport,1,taxonomy,Social,Social|Optional,"{""Social"": 0.869, ""Optional"": 0.567, ""Necessary"": 0.042}",0.042,0.869,0.567,1,TRUE,19,"da_nang,hanoi,hcmc",FALSE,FALSE,FALSE
bank_equipment_service,Business & Professional Services,1,taxonomy,Social,Social,"{""Social"": 0.573, ""Necessary"": 0.065, ""Optional"": 0.045}",0.065,0.573,0.045,1,TRUE,19,"da_nang,hanoi,hcmc",FALSE,FALSE,FALSE
designer_clothing,Retail & Shopping,1,taxonomy,Social,Social|Optional,"{""Social"": 0.917, ""Optional"": 0.564, ""Necessary"": 0.279}",0.279,0.917,0.564,1,TRUE,19,"can_tho,da_nang,hanoi,hcmc",FALSE,FALSE,FALSE
social_media_company,Business & Professional Services,1,taxonomy,Social,Social|Optional,"{""Social"": 0.977, ""Optional"": 0.671, ""Necessary"": 0.071}",0.071,0.977,0.671,1,TRUE,19,"da_nang,hanoi,hcmc",FALSE,FALSE,FALSE
auto_restoration_services,Automotive & Transport,1,taxonomy,Social,Social,"{""Social"": 0.888, ""Optional"": 0.315, ""Necessary"": 0.222}",0.222,0.888,0.315,1,TRUE,19,"can_tho,da_nang,hanoi,hcmc",FALSE,FALSE,FALSE
boat_dealer,Automotive & Transport,1,taxonomy,Social,Social|Optional,"{""Social"": 0.831, ""Optional"": 0.535, ""Necessary"": 0.151}",0.151,0.831,0.535,1,TRUE,18,"can_tho,da_nang,hanoi,hcmc",FALSE,FALSE,FALSE
tapas_bar,Food & Drink,1,taxonomy,Social,Social,"{""Social"": 0.857, ""Optional"": 0.076, ""Necessary"": 0.019}",0.019,0.857,0.076,1,TRUE,18,"da_nang,hanoi,hcmc",FALSE,FALSE,FALSE
castle,Culture & Arts,1,taxonomy,Social,Social,"{""Social"": 0.741, ""Optional"": 0.483, ""Necessary"": 0.294}",0.294,0.741,0.483,1,TRUE,18,"da_nang,hanoi,hcmc,pleiku",FALSE,FALSE,FALSE
escape_rooms,Recreation & Sport,1,taxonomy,Social,Social|Optional,"{""Social"": 0.713, ""Optional"": 0.6, ""Necessary"": 0.005}",0.005,0.713,0.6,1,TRUE,18,"da_nang,hanoi,hcmc",FALSE,FALSE,FALSE
hindu_temple,Community & Religion,0.835,bart,Social,Social,"{""Social"": 0.624, ""Optional"": 0.213, ""Necessary"": 0.019}",0.019,0.624,0.213,1,TRUE,18,"hanoi,hcmc",FALSE,FALSE,FALSE
land_surveying,Business & Professional Services,1,taxonomy,Social,Social|Optional,"{""Social"": 0.904, ""Optional"": 0.573, ""Necessary"": 0.178}",0.178,0.904,0.573,1,TRUE,17,"da_nang,hanoi,hcmc",FALSE,FALSE,FALSE
dj_service,Business & Professional Services,1,taxonomy,Social,Social|Optional,"{""Social"": 0.94, ""Optional"": 0.634, ""Necessary"": 0.404}",0.404,0.94,0.634,1,TRUE,16,"da_nang,hanoi,hcmc",FALSE,FALSE,FALSE
car_window_tinting,Automotive & Transport,1,taxonomy,Social,Social|Optional,"{""Social"": 0.841, ""Optional"": 0.56, ""Necessary"": 0.349}",0.349,0.841,0.56,1,TRUE,16,"can_tho,da_nang,hanoi,hcmc",FALSE,FALSE,FALSE
motorcycle_manufacturer,Business & Professional Services,1,taxonomy,Social,Social|Optional,"{""Social"": 0.8, ""Optional"": 0.63, ""Necessary"": 0.457}",0.457,0.8,0.63,1,TRUE,16,"da_nang,hanoi,hcmc",FALSE,FALSE,FALSE
teeth_whitening,Beauty & Personal Care,1,taxonomy,Social,Social,"{""Social"": 0.844, ""Optional"": 0.092, ""Necessary"": 0.079}",0.079,0.844,0.092,1,TRUE,16,"can_tho,hanoi,hcmc",FALSE,FALSE,FALSE
mortgage_broker,Business & Professional Services,1,taxonomy,Social,Social,"{""Social"": 0.682, ""Optional"": 0.102, ""Necessary"": 0.06}",0.06,0.682,0.102,1,TRUE,16,"can_tho,da_nang,hanoi,hcmc",FALSE,FALSE,FALSE
wellness_program,Healthcare,1,taxonomy,Social,Social,"{""Social"": 0.713, ""Necessary"": 0.05, ""Optional"": 0.038}",0.05,0.713,0.038,0,TRUE,16,"da_nang,hanoi,hcmc",FALSE,FALSE,FALSE
metal_plating_service,Business & Professional Services,1,taxonomy,Social,Social,"{""Social"": 0.701, ""Optional"": 0.123, ""Necessary"": 0.092}",0.092,0.701,0.123,1,TRUE,16,"hanoi,hcmc",FALSE,FALSE,FALSE
structural_engineer,Home & Garden Services,1,taxonomy,Social,Social,"{""Social"": 0.864, ""Optional"": 0.339, ""Necessary"": 0.155}",0.155,0.864,0.339,1,TRUE,16,"da_nang,hanoi,hcmc",FALSE,FALSE,FALSE
reptile_shop,Retail & Shopping,1,taxonomy,Social,Social,"{""Social"": 0.634, ""Optional"": 0.094, ""Necessary"": 0.027}",0.027,0.634,0.094,1,TRUE,15,"can_tho,da_nang,hanoi,hcmc",FALSE,FALSE,FALSE
indonesian_restaurant,Food & Drink,1,taxonomy,Social,Social,"{""Social"": 0.539, ""Necessary"": 0.026, ""Optional"": 0.023}",0.026,0.539,0.023,1,TRUE,15,"da_nang,hanoi,hcmc",FALSE,FALSE,FALSE
florist,Retail & Shopping,1,taxonomy,Social,Social,"{""Social"": 0.843, ""Optional"": 0.217, ""Necessary"": 0.108}",0.108,0.843,0.217,1,TRUE,15,"hanoi,hcmc",FALSE,FALSE,FALSE
synagogue,Community & Religion,0.753,bart,Social,Social,"{""Social"": 0.808, ""Necessary"": 0.043, ""Optional"": 0.017}",0.043,0.808,0.017,1,TRUE,15,"da_nang,hanoi,hcmc",FALSE,FALSE,FALSE
ip_and_internet_law,Business & Professional Services,1,taxonomy,Social,Social,"{""Social"": 0.854, ""Optional"": 0.337, ""Necessary"": 0.088}",0.088,0.854,0.337,1,TRUE,15,"hanoi,hcmc",FALSE,FALSE,FALSE
trailer_dealer,Automotive & Transport,1,taxonomy,Social,Social,"{""Social"": 0.687, ""Optional"": 0.344, ""Necessary"": 0.133}",0.133,0.687,0.344,1,TRUE,15,"da_nang,hanoi,hcmc",FALSE,FALSE,FALSE
mosque,Community & Religion,0.649,bart,Social,Social,"{""Social"": 0.981, ""Optional"": 0.134, ""Necessary"": 0.026}",0.026,0.981,0.134,1,TRUE,15,"hanoi,hcmc",FALSE,FALSE,FALSE
golf_cart_dealer,Automotive & Transport,1,taxonomy,Social,Social|Optional,"{""Social"": 0.676, ""Optional"": 0.529, ""Necessary"": 0.073}",0.073,0.676,0.529,1,TRUE,15,"can_tho,hanoi,hcmc",FALSE,FALSE,FALSE
video_film_production,Business & Professional Services,1,taxonomy,Social,Social,"{""Social"": 0.818, ""Optional"": 0.293, ""Necessary"": 0.1}",0.1,0.818,0.293,1,TRUE,14,"hanoi,hcmc",FALSE,FALSE,FALSE
quay,Civic & Government,1,taxonomy,Social,Social|Optional,"{""Social"": 0.963, ""Optional"": 0.846, ""Necessary"": 0.483}",0.483,0.963,0.846,0,TRUE,14,"can_tho,da_nang,hanoi,hcmc",FALSE,FALSE,FALSE
zoo,Recreation & Sport,1,taxonomy,Social,Social,"{""Social"": 0.638, ""Optional"": 0.263, ""Necessary"": 0.031}",0.031,0.638,0.263,1,TRUE,14,"hanoi,hcmc",FALSE,FALSE,FALSE
computer_museum,Culture & Arts,1,taxonomy,Optional,Optional,"{""Optional"": 0.579, ""Social"": 0.09, ""Necessary"": 0.005}",0.005,0.09,0.579,1,TRUE,14,"can_tho,hanoi,hcmc",FALSE,FALSE,FALSE
hong_kong_style_cafe,Food & Drink,1,taxonomy,Social,Social,"{""Social"": 0.952, ""Necessary"": 0.08, ""Optional"": 0.062}",0.08,0.952,0.062,1,TRUE,13,"da_nang,hanoi,hcmc",FALSE,FALSE,FALSE
metro_station,Automotive & Transport,1,taxonomy,Necessary,Necessary|Social,"{""Necessary"": 0.817, ""Social"": 0.764, ""Optional"": 0.224}",0.817,0.764,0.224,1,TRUE,13,hcmc,FALSE,FALSE,FALSE
modern_art_museum,Culture & Arts,1,taxonomy,Optional,Optional,"{""Optional"": 0.681, ""Social"": 0.058, ""Necessary"": 0.006}",0.006,0.058,0.681,1,TRUE,13,"da_nang,hanoi,hcmc",FALSE,FALSE,FALSE
personal_chef,Business & Professional Services,1,taxonomy,Social,Social,"{""Social"": 0.898, ""Optional"": 0.322, ""Necessary"": 0.103}",0.103,0.898,0.322,1,TRUE,13,"can_tho,hanoi,hcmc",FALSE,FALSE,FALSE
pet_adoption,Pet Services,1,taxonomy,Social,Social,"{""Social"": 0.879, ""Optional"": 0.119, ""Necessary"": 0.018}",0.018,0.879,0.119,1,TRUE,13,"can_tho,hanoi,hcmc",FALSE,FALSE,FALSE
powder_coating_service,Agriculture & Industry,1,taxonomy,Social,Social,"{""Social"": 0.585, ""Necessary"": 0.137, ""Optional"": 0.028}",0.137,0.585,0.028,1,TRUE,12,"hanoi,hcmc",FALSE,FALSE,FALSE
condominium,Business & Professional Services,1,taxonomy,Social,Social,"{""Social"": 0.769, ""Optional"": 0.438, ""Necessary"": 0.213}",0.213,0.769,0.438,1,TRUE,12,"da_nang,hanoi,hcmc",FALSE,FALSE,FALSE
child_protection_service,Community & Religion,1,taxonomy,Social,Social,"{""Social"": 0.608, ""Optional"": 0.013, ""Necessary"": 0.009}",0.009,0.608,0.013,1,TRUE,12,"can_tho,da_nang,hanoi,hcmc",FALSE,FALSE,FALSE
volleyball_court,Recreation & Sport,1,taxonomy,Optional,Optional|Social,"{""Optional"": 0.771, ""Social"": 0.703, ""Necessary"": 0.094}",0.094,0.703,0.771,1,TRUE,12,"da_nang,hcmc",FALSE,FALSE,FALSE
roller_skating_rink,Recreation & Sport,1,taxonomy,Social,Social|Optional,"{""Social"": 0.935, ""Optional"": 0.726, ""Necessary"": 0.161}",0.161,0.935,0.726,1,TRUE,12,"can_tho,da_nang,hanoi,hcmc",FALSE,FALSE,FALSE
pier,Civic & Government,1,taxonomy,Social,Social,"{""Social"": 0.877, ""Optional"": 0.317, ""Necessary"": 0.136}",0.136,0.877,0.317,0,TRUE,12,"da_nang,hanoi,hcmc",FALSE,FALSE,FALSE
podiatry,Healthcare,1,taxonomy,Social,Social,"{""Social"": 0.739, ""Necessary"": 0.06, ""Optional"": 0.031}",0.06,0.739,0.031,0,TRUE,12,"hanoi,hcmc",FALSE,FALSE,FALSE
poultry_farm,Agriculture & Industry,1,taxonomy,Social,Social,"{""Social"": 0.65, ""Optional"": 0.058, ""Necessary"": 0.023}",0.023,0.65,0.058,1,TRUE,12,"can_tho,da_nang,hanoi,hcmc",FALSE,FALSE,FALSE
african_restaurant,Food & Drink,1,taxonomy,Social,Social,"{""Social"": 0.586, ""Optional"": 0.049, ""Necessary"": 0.016}",0.016,0.586,0.049,1,TRUE,12,"hanoi,hcmc",FALSE,FALSE,FALSE
flight_school,Education,1,taxonomy,Social,Social,"{""Social"": 0.718, ""Optional"": 0.117, ""Necessary"": 0.015}",0.015,0.718,0.117,0,TRUE,12,"da_nang,hanoi,hcmc",FALSE,FALSE,FALSE
wildlife_sanctuary,Recreation & Sport,1,taxonomy,Social,Social,"{""Social"": 0.573, ""Optional"": 0.31, ""Necessary"": 0.002}",0.002,0.573,0.31,1,TRUE,11,"hanoi,hcmc",FALSE,FALSE,FALSE
race_track,Recreation & Sport,1,taxonomy,Social,Social|Optional,"{""Social"": 0.703, ""Optional"": 0.504, ""Necessary"": 0.264}",0.264,0.703,0.504,1,TRUE,11,"da_nang,hanoi,hcmc",FALSE,FALSE,FALSE
perfume_store,Retail & Shopping,1,taxonomy,Social,Social,"{""Social"": 0.526, ""Necessary"": 0.074, ""Optional"": 0.065}",0.074,0.526,0.065,1,TRUE,11,"da_nang,hanoi,hcmc",FALSE,FALSE,FALSE
whiskey_bar,Food & Drink,1,taxonomy,Social,Social,"{""Social"": 0.708, ""Optional"": 0.162, ""Necessary"": 0.019}",0.019,0.708,0.162,1,TRUE,11,"da_nang,hanoi,hcmc",FALSE,FALSE,FALSE
water_heater_installation_repair,Home & Garden Services,1,taxonomy,Social,Social,"{""Social"": 0.507, ""Necessary"": 0.16, ""Optional"": 0.044}",0.16,0.507,0.044,1,TRUE,11,"da_nang,hanoi,hcmc",FALSE,FALSE,FALSE
dog_park,Recreation & Sport,1,taxonomy,Social,Social|Optional,"{""Social"": 0.939, ""Optional"": 0.763, ""Necessary"": 0.017}",0.017,0.939,0.763,1,TRUE,11,"hanoi,hcmc",FALSE,FALSE,FALSE
urologist,Healthcare,1,taxonomy,Social,Social,"{""Social"": 0.878, ""Optional"": 0.317, ""Necessary"": 0.195}",0.195,0.878,0.317,0,TRUE,10,"can_tho,hanoi,hcmc",FALSE,FALSE,FALSE
brazilian_restaurant,Food & Drink,1,taxonomy,Social,Social,"{""Social"": 0.521, ""Optional"": 0.023, ""Necessary"": 0.023}",0.023,0.521,0.023,1,TRUE,10,"hanoi,hcmc",FALSE,FALSE,FALSE
waterfall,Recreation & Sport,1,taxonomy,Social,Social,"{""Social"": 0.717, ""Optional"": 0.481, ""Necessary"": 0.106}",0.106,0.717,0.481,1,TRUE,10,"da_nang,hanoi,hcmc",FALSE,FALSE,FALSE
sake_bar,Food & Drink,1,taxonomy,Social,Social,"{""Social"": 0.886, ""Optional"": 0.385, ""Necessary"": 0.119}",0.119,0.886,0.385,1,TRUE,10,"da_nang,hanoi,hcmc",FALSE,FALSE,FALSE
mission,Culture & Arts,1,taxonomy,Social,Social|Necessary,"{""Social"": 0.948, ""Necessary"": 0.875, ""Optional"": 0.09}",0.875,0.948,0.09,1,TRUE,10,"hanoi,hcmc",FALSE,FALSE,FALSE
watch_store,Retail & Shopping,1,taxonomy,Social,Social,"{""Social"": 0.874, ""Optional"": 0.431, ""Necessary"": 0.294}",0.294,0.874,0.431,1,TRUE,9,"hanoi,hcmc",FALSE,FALSE,FALSE
cheese_shop,Daily Needs & Grocery,1,taxonomy,Social,Social,"{""Social"": 0.842, ""Necessary"": 0.093, ""Optional"": 0.032}",0.093,0.842,0.032,1,TRUE,9,"da_nang,hanoi,hcmc",FALSE,FALSE,FALSE
ride_sharing,Automotive & Transport,1,taxonomy,Social,Social,"{""Social"": 0.859, ""Necessary"": 0.491, ""Optional"": 0.427}",0.491,0.859,0.427,1,TRUE,9,"da_nang,hanoi,hcmc",FALSE,FALSE,FALSE
spanish_restaurant,Food & Drink,1,taxonomy,Social,Social,"{""Social"": 0.623, ""Necessary"": 0.032, ""Optional"": 0.031}",0.032,0.623,0.031,1,TRUE,9,"da_nang,hanoi,hcmc",FALSE,FALSE,FALSE
island,Recreation & Sport,1,taxonomy,Social,Social|Optional,"{""Social"": 0.918, ""Optional"": 0.733, ""Necessary"": 0.141}",0.141,0.918,0.733,1,TRUE,8,"da_nang,hanoi,hcmc",FALSE,FALSE,FALSE
salsa_club,Food & Drink,1,taxonomy,Social,Social,"{""Social"": 0.934, ""Optional"": 0.192, ""Necessary"": 0.056}",0.056,0.934,0.192,1,TRUE,8,"hanoi,hcmc",FALSE,FALSE,FALSE
guest_house,Accommodation & Travel,1,taxonomy,Social,Social|Optional,"{""Social"": 0.807, ""Optional"": 0.54, ""Necessary"": 0.025}",0.025,0.807,0.54,1,TRUE,8,"can_tho,da_nang,hanoi,hcmc",FALSE,FALSE,FALSE
family_counselor,Healthcare,1,taxonomy,Social,Social,"{""Social"": 0.909, ""Optional"": 0.161, ""Necessary"": 0.041}",0.041,0.909,0.161,0,TRUE,8,"hanoi,hcmc",FALSE,FALSE,FALSE
gay_bar,Food & Drink,1,taxonomy,Social,Social,"{""Social"": 0.928, ""Optional"": 0.303, ""Necessary"": 0.017}",0.017,0.928,0.303,1,TRUE,8,"da_nang,hanoi,hcmc",FALSE,FALSE,FALSE
animation_studio,Business & Professional Services,1,taxonomy,Social,Social,"{""Social"": 0.707, ""Optional"": 0.288, ""Necessary"": 0.047}",0.047,0.707,0.288,1,TRUE,8,"hanoi,hcmc",FALSE,FALSE,FALSE
sandblasting_service,Agriculture & Industry,1,taxonomy,Social,Social,"{""Social"": 0.5, ""Optional"": 0.135, ""Necessary"": 0.117}",0.117,0.5,0.135,1,TRUE,8,"can_tho,hanoi,hcmc",FALSE,FALSE,FALSE
cardiologist,Healthcare,1,taxonomy,Social,Social,"{""Social"": 0.801, ""Optional"": 0.255, ""Necessary"": 0.078}",0.078,0.801,0.255,0,TRUE,8,"da_nang,hanoi,hcmc",FALSE,FALSE,FALSE
visitor_center,Accommodation & Travel,1,taxonomy,Social,Social|Optional,"{""Social"": 0.902, ""Optional"": 0.712, ""Necessary"": 0.081}",0.081,0.902,0.712,1,TRUE,8,"hanoi,hcmc",FALSE,FALSE,FALSE
community_museum,Culture & Arts,1,taxonomy,Social,Social|Optional,"{""Social"": 0.907, ""Optional"": 0.712, ""Necessary"": 0.027}",0.027,0.907,0.712,1,TRUE,8,"hanoi,hcmc",FALSE,FALSE,FALSE
tax_law,Business & Professional Services,1,taxonomy,Social,Social,"{""Social"": 0.774, ""Necessary"": 0.163, ""Optional"": 0.037}",0.163,0.774,0.037,1,TRUE,7,"hanoi,hcmc",FALSE,FALSE,FALSE
mobile_home_dealer,Business & Professional Services,1,taxonomy,Social,Social,"{""Social"": 0.749, ""Optional"": 0.453, ""Necessary"": 0.227}",0.227,0.749,0.453,1,TRUE,7,"hanoi,hcmc",FALSE,FALSE,FALSE
gutter_service,Home & Garden Services,1,taxonomy,Social,Social,"{""Social"": 0.616, ""Optional"": 0.409, ""Necessary"": 0.133}",0.133,0.616,0.409,1,TRUE,7,"hanoi,hcmc",FALSE,FALSE,FALSE
fireplace_service,Home & Garden Services,1,taxonomy,Social,Social,"{""Social"": 0.759, ""Optional"": 0.354, ""Necessary"": 0.077}",0.077,0.759,0.354,1,TRUE,7,"da_nang,hanoi,hcmc",FALSE,FALSE,FALSE
dive_bar,Food & Drink,1,taxonomy,Social,Social,"{""Social"": 0.776, ""Optional"": 0.306, ""Necessary"": 0.083}",0.083,0.776,0.306,1,TRUE,7,"da_nang,hanoi,hcmc",FALSE,FALSE,FALSE
go_kart_club,Recreation & Sport,1,taxonomy,Social,Social,"{""Social"": 0.829, ""Optional"": 0.354, ""Necessary"": 0.138}",0.138,0.829,0.354,1,TRUE,7,"hanoi,hcmc",FALSE,FALSE,FALSE
pediatric_dentist,Healthcare,1,taxonomy,Social,Social,"{""Social"": 0.6, ""Necessary"": 0.047, ""Optional"": 0.037}",0.047,0.6,0.037,0,TRUE,7,"da_nang,hanoi,hcmc",FALSE,FALSE,FALSE
canal,Recreation & Sport,1,taxonomy,Social,Social|Optional,"{""Social"": 0.924, ""Optional"": 0.778, ""Necessary"": 0.355}",0.355,0.924,0.778,1,TRUE,7,"hanoi,hcmc",FALSE,FALSE,FALSE
collection_agencies,Business & Professional Services,1,taxonomy,Social,Social,"{""Social"": 0.89, ""Optional"": 0.339, ""Necessary"": 0.157}",0.157,0.89,0.339,1,TRUE,7,"hanoi,hcmc",FALSE,FALSE,FALSE
logging_contractor,Business & Professional Services,1,taxonomy,Social,Social,"{""Social"": 0.578, ""Optional"": 0.302, ""Necessary"": 0.254}",0.254,0.578,0.302,1,TRUE,7,"hanoi,hcmc",FALSE,FALSE,FALSE
british_restaurant,Food & Drink,1,taxonomy,Social,Social,"{""Social"": 0.505, ""Optional"": 0.046, ""Necessary"": 0.028}",0.028,0.505,0.046,1,TRUE,7,"hanoi,hcmc",FALSE,FALSE,FALSE
design_museum,Culture & Arts,1,taxonomy,Optional,Optional,"{""Optional"": 0.794, ""Social"": 0.455, ""Necessary"": 0.018}",0.018,0.455,0.794,1,TRUE,7,"hanoi,hcmc",FALSE,FALSE,FALSE
paintball,Recreation & Sport,1,taxonomy,Optional,Optional|Social,"{""Optional"": 0.623, ""Social"": 0.511, ""Necessary"": 0.013}",0.013,0.511,0.623,1,TRUE,7,"da_nang,hanoi,hcmc",FALSE,FALSE,FALSE
furniture_manufacturers,Business & Professional Services,1,taxonomy,Social,Social,"{""Social"": 0.587, ""Optional"": 0.2, ""Necessary"": 0.066}",0.066,0.587,0.2,1,TRUE,7,"hanoi,hcmc",FALSE,FALSE,FALSE
surfing,Recreation & Sport,1,taxonomy,Social,Social,"{""Social"": 0.765, ""Optional"": 0.489, ""Necessary"": 0.001}",0.001,0.765,0.489,1,TRUE,7,"da_nang,hanoi,hcmc",FALSE,FALSE,FALSE
aviation_museum,Culture & Arts,1,taxonomy,Optional,Optional,"{""Optional"": 0.632, ""Social"": 0.075, ""Necessary"": 0.007}",0.007,0.075,0.632,1,TRUE,7,"hanoi,hcmc",FALSE,FALSE,FALSE
hawaiian_restaurant,Food & Drink,1,taxonomy,Social,Social,"{""Social"": 0.505, ""Optional"": 0.028, ""Necessary"": 0.016}",0.016,0.505,0.028,1,TRUE,7,"da_nang,hcmc",FALSE,FALSE,FALSE
venue_and_event_space,Culture & Arts,0.425,bart,Social,Social,"{""Social"": 0.569, ""Optional"": 0.103, ""Necessary"": 0.025}",0.025,0.569,0.103,1,TRUE,7,"hanoi,hcmc",FALSE,FALSE,FALSE
animal_rescue_service,Pet Services,1,taxonomy,Social,Social,"{""Social"": 0.517, ""Necessary"": 0.008, ""Optional"": 0.004}",0.008,0.517,0.004,1,TRUE,6,"can_tho,hanoi,hcmc",FALSE,FALSE,FALSE
recreation_vehicle_repair,Automotive & Transport,1,taxonomy,Social,Social,"{""Social"": 0.954, ""Optional"": 0.225, ""Necessary"": 0.073}",0.073,0.954,0.225,1,TRUE,6,"hanoi,hcmc",FALSE,FALSE,FALSE
kids_recreation_and_party,Business & Professional Services,1,taxonomy,Social,Social,"{""Social"": 0.984, ""Optional"": 0.423, ""Necessary"": 0.0}",0,0.984,0.423,1,TRUE,6,"can_tho,hanoi,hcmc",FALSE,FALSE,FALSE
fort,Culture & Arts,1,taxonomy,Necessary,Necessary|Optional,"{""Necessary"": 0.671, ""Optional"": 0.566, ""Social"": 0.404}",0.671,0.404,0.566,1,TRUE,6,"can_tho,hanoi,hcmc",FALSE,FALSE,FALSE
canoe_and_kayak_hire_service,Recreation & Sport,1,taxonomy,Social,Social,"{""Social"": 0.604, ""Optional"": 0.09, ""Necessary"": 0.088}",0.088,0.604,0.09,1,TRUE,6,"can_tho,da_nang,hanoi,hcmc",FALSE,FALSE,FALSE
equestrian_facility,Recreation & Sport,1,taxonomy,Social,Social|Optional,"{""Social"": 0.803, ""Optional"": 0.608, ""Necessary"": 0.277}",0.277,0.803,0.608,1,TRUE,6,"da_nang,hanoi,hcmc",FALSE,FALSE,FALSE
tobacco_company,Business & Professional Services,1,taxonomy,Social,Social,"{""Social"": 0.604, ""Optional"": 0.114, ""Necessary"": 0.009}",0.009,0.604,0.114,1,TRUE,6,"da_nang,hanoi,hcmc",FALSE,FALSE,FALSE
medical_law,Business & Professional Services,1,taxonomy,Social,Social,"{""Social"": 0.882, ""Necessary"": 0.228, ""Optional"": 0.094}",0.228,0.882,0.094,1,TRUE,6,"da_nang,hanoi,hcmc",FALSE,FALSE,FALSE
human_resource_services,Business & Professional Services,1,taxonomy,Social,Social,"{""Social"": 0.868, ""Necessary"": 0.123, ""Optional"": 0.074}",0.123,0.868,0.074,1,TRUE,6,"da_nang,hanoi,hcmc",FALSE,FALSE,FALSE
tile_store,Retail & Shopping,1,taxonomy,Social,Social|Optional,"{""Social"": 0.825, ""Optional"": 0.517, ""Necessary"": 0.414}",0.414,0.825,0.517,1,TRUE,6,"da_nang,hcmc",FALSE,FALSE,FALSE
ice_skating_rink,Recreation & Sport,1,taxonomy,Social,Social|Optional,"{""Social"": 0.824, ""Optional"": 0.617, ""Necessary"": 0.061}",0.061,0.824,0.617,1,TRUE,6,"can_tho,hcmc",FALSE,FALSE,FALSE
builders,Business & Professional Services,1,taxonomy,Social,Social|Optional,"{""Social"": 0.883, ""Optional"": 0.593, ""Necessary"": 0.303}",0.303,0.883,0.593,1,TRUE,6,"can_tho,hanoi,hcmc",FALSE,FALSE,FALSE
endocrinologist,Healthcare,1,taxonomy,Social,Social,"{""Social"": 0.889, ""Optional"": 0.341, ""Necessary"": 0.118}",0.118,0.889,0.341,0,TRUE,6,"hanoi,hcmc",FALSE,FALSE,FALSE
horse_riding,Recreation & Sport,1,taxonomy,Social,Social,"{""Social"": 0.711, ""Optional"": 0.368, ""Necessary"": 0.077}",0.077,0.711,0.368,1,TRUE,6,"hanoi,hcmc",FALSE,FALSE,FALSE
irish_pub,Food & Drink,1,taxonomy,Social,Social|Optional,"{""Social"": 0.953, ""Optional"": 0.714, ""Necessary"": 0.325}",0.325,0.953,0.714,1,TRUE,6,"can_tho,da_nang,hcmc",FALSE,FALSE,FALSE
ski_resort,Accommodation & Travel,1,taxonomy,Social,Social,"{""Social"": 0.882, ""Optional"": 0.454, ""Necessary"": 0.004}",0.004,0.882,0.454,1,TRUE,6,"hanoi,hcmc",FALSE,FALSE,FALSE
health_market,Daily Needs & Grocery,1,taxonomy,Social,Social,"{""Social"": 0.942, ""Necessary"": 0.475, ""Optional"": 0.085}",0.475,0.942,0.085,1,TRUE,6,"hanoi,hcmc",FALSE,FALSE,FALSE
childrens_museum,Culture & Arts,1,taxonomy,Optional,Optional,"{""Optional"": 0.721, ""Social"": 0.458, ""Necessary"": 0.004}",0.004,0.458,0.721,1,TRUE,5,"hanoi,hcmc",FALSE,FALSE,FALSE
radiologist,Healthcare,1,taxonomy,Social,Social,"{""Social"": 0.926, ""Optional"": 0.492, ""Necessary"": 0.216}",0.216,0.926,0.492,0,TRUE,5,"da_nang,hanoi,hcmc",FALSE,FALSE,FALSE
pulmonologist,Healthcare,1,taxonomy,Social,Social,"{""Social"": 0.914, ""Optional"": 0.437, ""Necessary"": 0.166}",0.166,0.914,0.437,0,TRUE,5,"hanoi,hcmc",FALSE,FALSE,FALSE
esports_team,Recreation & Sport,1,taxonomy,Optional,Optional|Social,"{""Optional"": 0.748, ""Social"": 0.653, ""Necessary"": 0.033}",0.033,0.653,0.748,1,TRUE,5,hcmc,FALSE,FALSE,FALSE
recreational_vehicle_dealer,Automotive & Transport,1,taxonomy,Optional,Optional,"{""Optional"": 0.752, ""Social"": 0.18, ""Necessary"": 0.001}",0.001,0.18,0.752,1,TRUE,5,"da_nang,hanoi,hcmc",FALSE,FALSE,FALSE
textile_museum,Culture & Arts,1,taxonomy,Optional,Optional,"{""Optional"": 0.678, ""Social"": 0.395, ""Necessary"": 0.018}",0.018,0.395,0.678,1,TRUE,5,"hanoi,hcmc",FALSE,FALSE,FALSE
sky_diving,Recreation & Sport,1,taxonomy,Social,Social,"{""Social"": 0.553, ""Optional"": 0.112, ""Necessary"": 0.015}",0.015,0.553,0.112,1,TRUE,5,"da_nang,hanoi,hcmc",FALSE,FALSE,FALSE
distribution_services,Business & Professional Services,1,taxonomy,Social,Social,"{""Social"": 0.762, ""Necessary"": 0.323, ""Optional"": 0.087}",0.323,0.762,0.087,1,TRUE,5,hanoi,FALSE,FALSE,FALSE
speech_therapist,Healthcare,1,taxonomy,Social,Social,"{""Social"": 0.897, ""Optional"": 0.062, ""Necessary"": 0.043}",0.043,0.897,0.062,0,TRUE,5,"hanoi,hcmc,pleiku",FALSE,FALSE,FALSE
rheumatologist,Healthcare,1,taxonomy,Social,Social,"{""Social"": 0.876, ""Optional"": 0.29, ""Necessary"": 0.141}",0.141,0.876,0.29,0,TRUE,5,"hanoi,hcmc",FALSE,FALSE,FALSE
media_restoration_service,Business & Professional Services,1,taxonomy,Social,Social,"{""Social"": 0.87, ""Optional"": 0.398, ""Necessary"": 0.155}",0.155,0.87,0.398,1,TRUE,5,"hanoi,hcmc",FALSE,FALSE,FALSE
bistro,Food & Drink,1,taxonomy,Social,Social,"{""Social"": 0.881, ""Necessary"": 0.039, ""Optional"": 0.037}",0.039,0.881,0.037,1,TRUE,5,"da_nang,hcmc",FALSE,FALSE,FALSE
mountain_bike_trails,Recreation & Sport,1,taxonomy,Social,Social|Optional,"{""Social"": 0.795, ""Optional"": 0.542, ""Necessary"": 0.35}",0.35,0.795,0.542,1,TRUE,5,"da_nang,hanoi,hcmc",FALSE,FALSE,FALSE
audiologist,Healthcare,1,taxonomy,Social,Social|Optional,"{""Social"": 0.945, ""Optional"": 0.536, ""Necessary"": 0.121}",0.121,0.945,0.536,0,TRUE,5,"can_tho,da_nang,hanoi,hcmc,pleiku",FALSE,FALSE,FALSE
hotel_bar,Food & Drink,1,taxonomy,Social,Social,"{""Social"": 0.633, ""Optional"": 0.15, ""Necessary"": 0.029}",0.029,0.633,0.15,1,TRUE,5,"hanoi,hcmc",FALSE,FALSE,FALSE
hungarian_restaurant,Food & Drink,1,taxonomy,Social,Social,"{""Social"": 0.653, ""Optional"": 0.027, ""Necessary"": 0.014}",0.014,0.653,0.027,1,TRUE,5,"hanoi,hcmc",FALSE,FALSE,FALSE
belgian_restaurant,Food & Drink,1,taxonomy,Social,Social,"{""Social"": 0.544, ""Optional"": 0.028, ""Necessary"": 0.02}",0.02,0.544,0.028,1,TRUE,5,"da_nang,hanoi,hcmc",FALSE,FALSE,FALSE
baptist_church,Community & Religion,0.763,bart,Social,Social,"{""Social"": 0.88, ""Optional"": 0.277, ""Necessary"": 0.03}",0.03,0.88,0.277,1,TRUE,5,"hanoi,hcmc",FALSE,FALSE,FALSE
archery_range,Recreation & Sport,1,taxonomy,Social,Social|Optional,"{""Social"": 0.67, ""Optional"": 0.541, ""Necessary"": 0.034}",0.034,0.67,0.541,1,TRUE,5,"hanoi,hcmc",FALSE,FALSE,FALSE
geological_services,Business & Professional Services,1,taxonomy,Social,Social,"{""Social"": 0.66, ""Optional"": 0.062, ""Necessary"": 0.058}",0.058,0.66,0.062,1,TRUE,5,"hanoi,hcmc",FALSE,FALSE,FALSE
jet_skis_rental,Recreation & Sport,1,taxonomy,Social,Social|Optional,"{""Social"": 0.732, ""Optional"": 0.646, ""Necessary"": 0.099}",0.099,0.732,0.646,1,TRUE,5,"da_nang,hcmc",FALSE,FALSE,FALSE
session_photography,Business & Professional Services,1,taxonomy,Social,Social,"{""Social"": 0.868, ""Optional"": 0.282, ""Necessary"": 0.16}",0.16,0.868,0.282,1,TRUE,5,"hanoi,hcmc",FALSE,FALSE,FALSE
health_and_wellness_club,Beauty & Personal Care,1,taxonomy,Social,Social,"{""Social"": 0.656, ""Necessary"": 0.171, ""Optional"": 0.014}",0.171,0.656,0.014,1,TRUE,4,"hanoi,hcmc,pleiku",FALSE,FALSE,FALSE
paint_store,Retail & Shopping,1,taxonomy,Social,Social,"{""Social"": 0.611, ""Optional"": 0.231, ""Necessary"": 0.153}",0.153,0.611,0.231,1,TRUE,4,hcmc,FALSE,FALSE,FALSE
hot_springs,Recreation & Sport,1,taxonomy,Social,Social|Optional,"{""Social"": 0.932, ""Optional"": 0.754, ""Necessary"": 0.153}",0.153,0.932,0.754,1,TRUE,4,"da_nang,hcmc",FALSE,FALSE,FALSE
tiki_bar,Food & Drink,1,taxonomy,Social,Social,"{""Social"": 0.909, ""Optional"": 0.198, ""Necessary"": 0.031}",0.031,0.909,0.198,1,TRUE,4,hanoi,FALSE,FALSE,FALSE
chimney_sweep,Home & Garden Services,1,taxonomy,Social,Social,"{""Social"": 0.598, ""Optional"": 0.469, ""Necessary"": 0.381}",0.381,0.598,0.469,1,TRUE,4,"hanoi,hcmc",FALSE,FALSE,FALSE
aircraft_repair,Automotive & Transport,1,taxonomy,Social,Social,"{""Social"": 0.554, ""Necessary"": 0.071, ""Optional"": 0.026}",0.071,0.554,0.026,1,TRUE,4,"hanoi,hcmc",FALSE,FALSE,FALSE
soul_food,Food & Drink,1,taxonomy,Social,Social,"{""Social"": 0.948, ""Optional"": 0.155, ""Necessary"": 0.144}",0.144,0.948,0.155,1,TRUE,4,"hanoi,hcmc",FALSE,FALSE,FALSE
dui_law,Business & Professional Services,1,taxonomy,Social,Social|Optional,"{""Social"": 0.859, ""Optional"": 0.609, ""Necessary"": 0.262}",0.262,0.859,0.609,1,TRUE,4,"hanoi,hcmc",FALSE,FALSE,FALSE
computer_wholesaler,Business & Professional Services,1,taxonomy,Social,Social,"{""Social"": 0.597, ""Optional"": 0.35, ""Necessary"": 0.105}",0.105,0.597,0.35,1,TRUE,4,"da_nang,hcmc",FALSE,FALSE,FALSE
costume_museum,Culture & Arts,1,taxonomy,Optional,Optional,"{""Optional"": 0.674, ""Social"": 0.274, ""Necessary"": 0.015}",0.015,0.274,0.674,1,TRUE,4,"hanoi,hcmc",FALSE,FALSE,FALSE
safe_store,Retail & Shopping,1,taxonomy,Social,Social,"{""Social"": 0.581, ""Necessary"": 0.249, ""Optional"": 0.179}",0.249,0.581,0.179,1,TRUE,4,"hanoi,hcmc",FALSE,FALSE,FALSE
balloon_ports,Automotive & Transport,1,taxonomy,Social,Social|Optional,"{""Social"": 0.914, ""Optional"": 0.523, ""Necessary"": 0.193}",0.193,0.914,0.523,1,TRUE,4,"hanoi,hcmc",FALSE,FALSE,FALSE
forest,Recreation & Sport,1,taxonomy,Social,Social|Optional,"{""Social"": 0.848, ""Optional"": 0.613, ""Necessary"": 0.176}",0.176,0.848,0.613,1,TRUE,4,"da_nang,hanoi,hcmc",FALSE,FALSE,FALSE
beach_bar,Food & Drink,1,taxonomy,Social,Social,"{""Social"": 0.805, ""Optional"": 0.089, ""Necessary"": 0.009}",0.009,0.805,0.089,1,TRUE,4,da_nang,FALSE,FALSE,FALSE
food_and_beverage_consultant,Business & Professional Services,1,taxonomy,Social,Social,"{""Social"": 0.712, ""Necessary"": 0.093, ""Optional"": 0.027}",0.093,0.712,0.027,1,TRUE,4,"da_nang,hanoi",FALSE,FALSE,FALSE
general_litigation,Business & Professional Services,1,taxonomy,Social,Social,"{""Social"": 0.538, ""Necessary"": 0.024, ""Optional"": 0.011}",0.024,0.538,0.011,1,TRUE,4,"da_nang,hanoi,hcmc",FALSE,FALSE,FALSE
shades_and_blinds,Home & Garden Services,1,taxonomy,Social,Social,"{""Social"": 0.744, ""Optional"": 0.424, ""Necessary"": 0.029}",0.029,0.744,0.424,1,TRUE,4,"da_nang,hanoi,hcmc",FALSE,FALSE,FALSE
petting_zoo,Recreation & Sport,1,taxonomy,Social,Social,"{""Social"": 0.721, ""Optional"": 0.207, ""Necessary"": 0.016}",0.016,0.721,0.207,1,TRUE,4,"hanoi,hcmc",FALSE,FALSE,FALSE
process_servers,Business & Professional Services,1,taxonomy,Social,Social,"{""Social"": 0.808, ""Optional"": 0.229, ""Necessary"": 0.221}",0.221,0.808,0.229,1,TRUE,4,"hanoi,hcmc",FALSE,FALSE,FALSE
nephrologist,Healthcare,1,taxonomy,Social,Social,"{""Social"": 0.917, ""Optional"": 0.455, ""Necessary"": 0.11}",0.11,0.917,0.455,0,TRUE,3,"can_tho,hanoi",FALSE,FALSE,FALSE
security_services,Business & Professional Services,1,taxonomy,Social,Social,"{""Social"": 0.554, ""Necessary"": 0.077, ""Optional"": 0.046}",0.077,0.554,0.046,1,TRUE,3,"hanoi,hcmc",FALSE,FALSE,FALSE
laser_tag,Recreation & Sport,1,taxonomy,Social,Social|Optional,"{""Social"": 0.916, ""Optional"": 0.722, ""Necessary"": 0.352}",0.352,0.916,0.722,1,TRUE,3,"hanoi,hcmc",FALSE,FALSE,FALSE
house_sitting,Home & Garden Services,1,taxonomy,Social,Social,"{""Social"": 0.886, ""Optional"": 0.105, ""Necessary"": 0.005}",0.005,0.886,0.105,1,TRUE,3,hanoi,FALSE,FALSE,FALSE
architect,Business & Professional Services,1,taxonomy,Social,Social,"{""Social"": 0.786, ""Optional"": 0.475, ""Necessary"": 0.272}",0.272,0.786,0.475,1,TRUE,3,"hanoi,hcmc",FALSE,FALSE,FALSE
research_institute,Education,1,taxonomy,Social,Social,"{""Social"": 0.689, ""Optional"": 0.042, ""Necessary"": 0.031}",0.031,0.689,0.042,0,TRUE,3,"hanoi,hcmc",FALSE,FALSE,FALSE
ice_supplier,Business & Professional Services,1,taxonomy,Social,Social|Optional,"{""Social"": 0.926, ""Optional"": 0.759, ""Necessary"": 0.328}",0.328,0.926,0.759,1,TRUE,3,hcmc,FALSE,FALSE,FALSE
weather_station,Business & Professional Services,1,taxonomy,Social,Social,"{""Social"": 0.805, ""Optional"": 0.443, ""Necessary"": 0.119}",0.119,0.805,0.443,1,TRUE,3,"da_nang,hanoi,hcmc",FALSE,FALSE,FALSE
web_hosting_service,Business & Professional Services,1,taxonomy,Social,Social,"{""Social"": 0.711, ""Optional"": 0.142, ""Necessary"": 0.08}",0.08,0.711,0.142,1,TRUE,3,"hanoi,hcmc",FALSE,FALSE,FALSE
snorkeling,Recreation & Sport,1,taxonomy,Social,Social|Optional,"{""Social"": 0.75, ""Optional"": 0.583, ""Necessary"": 0.037}",0.037,0.75,0.583,1,TRUE,3,"da_nang,hanoi",FALSE,FALSE,FALSE
asian_art_museum,Culture & Arts,1,taxonomy,Optional,Optional,"{""Optional"": 0.627, ""Social"": 0.215, ""Necessary"": 0.011}",0.011,0.215,0.627,1,TRUE,3,"hanoi,hcmc",FALSE,FALSE,FALSE
product_design,Business & Professional Services,1,taxonomy,Social,Social|Optional,"{""Social"": 0.913, ""Optional"": 0.516, ""Necessary"": 0.271}",0.271,0.913,0.516,1,TRUE,3,hcmc,FALSE,FALSE,FALSE
atv_recreation_park,Recreation & Sport,1,taxonomy,Social,Social|Optional,"{""Social"": 0.986, ""Optional"": 0.864, ""Necessary"": 0.03}",0.03,0.986,0.864,1,TRUE,3,"da_nang,hcmc",FALSE,FALSE,FALSE
cricket_ground,Recreation & Sport,1,taxonomy,Social,Social|Optional,"{""Social"": 0.957, ""Optional"": 0.539, ""Necessary"": 0.193}",0.193,0.957,0.539,1,TRUE,3,"hanoi,hcmc",FALSE,FALSE,FALSE
psychiatrist,Healthcare,1,taxonomy,Social,Social,"{""Social"": 0.866, ""Optional"": 0.186, ""Necessary"": 0.061}",0.061,0.866,0.186,0,TRUE,3,"hanoi,hcmc",FALSE,FALSE,FALSE
b2b_food_products,Business & Professional Services,1,taxonomy,Social,Social,"{""Social"": 0.839, ""Necessary"": 0.223, ""Optional"": 0.146}",0.223,0.839,0.146,1,TRUE,3,"hanoi,hcmc",FALSE,FALSE,FALSE
tai_chi_studio,Recreation & Sport,1,taxonomy,Social,Social,"{""Social"": 0.908, ""Optional"": 0.296, ""Necessary"": 0.062}",0.062,0.908,0.296,1,TRUE,3,"hanoi,hcmc",FALSE,FALSE,FALSE
tattoo,Beauty & Personal Care,1,taxonomy,Social,Social,"{""Social"": 0.692, ""Optional"": 0.131, ""Necessary"": 0.033}",0.033,0.692,0.131,1,TRUE,3,hanoi,FALSE,FALSE,FALSE
lighthouse,Culture & Arts,1,taxonomy,Social,Social,"{""Social"": 0.732, ""Optional"": 0.297, ""Necessary"": 0.136}",0.136,0.732,0.297,1,TRUE,3,"da_nang,hcmc",FALSE,FALSE,FALSE
onsen,Beauty & Personal Care,1,taxonomy,Social,Social|Optional,"{""Social"": 0.903, ""Optional"": 0.697, ""Necessary"": 0.401}",0.401,0.903,0.697,1,TRUE,3,"hanoi,hcmc",FALSE,FALSE,FALSE
translation_services,Business & Professional Services,1,taxonomy,Social,Social,"{""Social"": 0.911, ""Optional"": 0.482, ""Necessary"": 0.198}",0.198,0.911,0.482,1,TRUE,3,"hanoi,hcmc",FALSE,FALSE,FALSE
skate_park,Recreation & Sport,1,taxonomy,Social,Social|Optional,"{""Social"": 0.977, ""Optional"": 0.88, ""Necessary"": 0.105}",0.105,0.977,0.88,1,TRUE,3,"can_tho,hanoi,hcmc",FALSE,FALSE,FALSE
horse_boarding,Pet Services,1,taxonomy,Social,Social|Optional,"{""Social"": 0.734, ""Optional"": 0.682, ""Necessary"": 0.149}",0.149,0.734,0.682,1,TRUE,3,hanoi,FALSE,FALSE,FALSE
school_sports_league,Recreation & Sport,1,taxonomy,Optional,Optional,"{""Optional"": 0.531, ""Social"": 0.468, ""Necessary"": 0.013}",0.013,0.468,0.531,1,TRUE,3,hcmc,FALSE,FALSE,FALSE
emissions_inspection,Automotive & Transport,1,taxonomy,Social,Social,"{""Social"": 0.696, ""Necessary"": 0.106, ""Optional"": 0.038}",0.106,0.696,0.038,1,TRUE,3,"hanoi,hcmc",FALSE,FALSE,FALSE
home_inspector,Home & Garden Services,1,taxonomy,Social,Social|Optional,"{""Social"": 0.879, ""Optional"": 0.597, ""Necessary"": 0.166}",0.166,0.879,0.597,1,TRUE,3,"da_nang,hanoi,hcmc",FALSE,FALSE,FALSE
escrow_services,Business & Professional Services,1,taxonomy,Social,Social,"{""Social"": 0.845, ""Optional"": 0.377, ""Necessary"": 0.15}",0.15,0.845,0.377,1,TRUE,3,"can_tho,hanoi,hcmc",FALSE,FALSE,FALSE
shaved_ice_shop,Food & Drink,1,taxonomy,Social,Social,"{""Social"": 0.695, ""Optional"": 0.098, ""Necessary"": 0.045}",0.045,0.695,0.098,1,TRUE,2,"hanoi,hcmc",FALSE,FALSE,FALSE
adult_education,Education,1,taxonomy,Social,Social,"{""Social"": 0.865, ""Optional"": 0.106, ""Necessary"": 0.039}",0.039,0.865,0.106,0,TRUE,2,hcmc,FALSE,FALSE,FALSE
cuban_restaurant,Food & Drink,1,taxonomy,Social,Social,"{""Social"": 0.535, ""Optional"": 0.024, ""Necessary"": 0.019}",0.019,0.535,0.024,1,TRUE,2,hanoi,FALSE,FALSE,FALSE
aluminum_supplier,Business & Professional Services,1,taxonomy,Social,Social,"{""Social"": 0.8, ""Optional"": 0.446, ""Necessary"": 0.146}",0.146,0.8,0.446,1,TRUE,2,hcmc,FALSE,FALSE,FALSE
wheel_and_rim_repair,Automotive & Transport,1,taxonomy,Social,Social,"{""Social"": 0.83, ""Necessary"": 0.38, ""Optional"": 0.091}",0.38,0.83,0.091,1,TRUE,2,"hanoi,hcmc",FALSE,FALSE,FALSE
books_mags_music_and_video,Culture & Arts,0.36,bart,Social,Social,"{""Social"": 0.65, ""Optional"": 0.063, ""Necessary"": 0.018}",0.018,0.65,0.063,1,TRUE,2,hcmc,FALSE,FALSE,FALSE
textile_mill,Business & Professional Services,1,taxonomy,Social,Social,"{""Social"": 0.815, ""Optional"": 0.339, ""Necessary"": 0.161}",0.161,0.815,0.339,1,TRUE,2,hcmc,FALSE,FALSE,FALSE
bingo_hall,Recreation & Sport,1,taxonomy,Social,Social,"{""Social"": 0.884, ""Necessary"": 0.178, ""Optional"": 0.095}",0.178,0.884,0.095,1,TRUE,2,"da_nang,hcmc",FALSE,FALSE,FALSE
bike_tours,Accommodation & Travel,1,taxonomy,Optional,Optional|Social,"{""Optional"": 0.848, ""Social"": 0.803, ""Necessary"": 0.355}",0.355,0.803,0.848,1,TRUE,2,"hanoi,hcmc",FALSE,FALSE,FALSE
bearing_supplier,Business & Professional Services,1,taxonomy,Social,Social|Necessary,"{""Social"": 0.9, ""Necessary"": 0.592, ""Optional"": 0.42}",0.592,0.9,0.42,1,TRUE,2,hcmc,FALSE,FALSE,FALSE
bankruptcy_law,Business & Professional Services,1,taxonomy,Social,Social,"{""Social"": 0.622, ""Optional"": 0.124, ""Necessary"": 0.021}",0.021,0.622,0.124,1,TRUE,2,"hanoi,hcmc",FALSE,FALSE,FALSE
b2b_rubber_and_plastics,Business & Professional Services,1,taxonomy,Social,Social,"{""Social"": 0.579, ""Optional"": 0.241, ""Necessary"": 0.039}",0.039,0.579,0.241,1,TRUE,2,"hanoi,hcmc",FALSE,FALSE,FALSE
student_union,Education,1,taxonomy,Social,Social|Optional,"{""Social"": 0.935, ""Optional"": 0.688, ""Necessary"": 0.256}",0.256,0.935,0.688,0,TRUE,2,hcmc,FALSE,FALSE,FALSE
squash_court,Recreation & Sport,1,taxonomy,Social,Social,"{""Social"": 0.942, ""Optional"": 0.369, ""Necessary"": 0.111}",0.111,0.942,0.369,1,TRUE,2,"da_nang,hcmc",FALSE,FALSE,FALSE
choir,Culture & Arts,1,taxonomy,Social,Social,"{""Social"": 0.877, ""Optional"": 0.368, ""Necessary"": 0.176}",0.176,0.877,0.368,1,TRUE,2,hcmc,FALSE,FALSE,FALSE
civilization_museum,Culture & Arts,1,taxonomy,Optional,Optional,"{""Optional"": 0.634, ""Social"": 0.226, ""Necessary"": 0.013}",0.013,0.226,0.634,1,TRUE,2,hcmc,FALSE,FALSE,FALSE
speakeasy,Food & Drink,1,taxonomy,Social,Social,"{""Social"": 0.722, ""Optional"": 0.013, ""Necessary"": 0.001}",0.001,0.722,0.013,1,TRUE,2,hcmc,FALSE,FALSE,FALSE
coffee_and_tea_supplies,Daily Needs & Grocery,1,taxonomy,Social,Social,"{""Social"": 0.904, ""Necessary"": 0.2, ""Optional"": 0.055}",0.2,0.904,0.055,1,TRUE,2,"hanoi,hcmc",FALSE,FALSE,FALSE
commercial_printer,Business & Professional Services,1,taxonomy,Social,Social|Optional,"{""Social"": 0.87, ""Optional"": 0.538, ""Necessary"": 0.278}",0.278,0.87,0.538,1,TRUE,2,hcmc,FALSE,FALSE,FALSE
dairy_stores,Daily Needs & Grocery,1,taxonomy,Social,Social,"{""Social"": 0.661, ""Necessary"": 0.094, ""Optional"": 0.026}",0.094,0.661,0.026,1,TRUE,2,hcmc,FALSE,FALSE,FALSE
horse_trainer,Pet Services,1,taxonomy,Social,Social,"{""Social"": 0.87, ""Optional"": 0.453, ""Necessary"": 0.157}",0.157,0.87,0.453,1,TRUE,2,hanoi,FALSE,FALSE,FALSE
proctologist,Healthcare,1,taxonomy,Social,Social,"{""Social"": 0.546, ""Optional"": 0.034, ""Necessary"": 0.021}",0.021,0.546,0.034,0,TRUE,2,hanoi,FALSE,FALSE,FALSE
food_court,Food & Drink,1,taxonomy,Social,Social,"{""Social"": 0.931, ""Necessary"": 0.147, ""Optional"": 0.005}",0.147,0.931,0.005,1,TRUE,2,"hanoi,hcmc",FALSE,FALSE,FALSE
rugby_stadium,Recreation & Sport,1,taxonomy,Optional,Optional,"{""Optional"": 0.558, ""Necessary"": 0.038, ""Social"": 0.022}",0.038,0.022,0.558,1,TRUE,2,"hanoi,hcmc",FALSE,FALSE,FALSE
polynesian_restaurant,Food & Drink,1,taxonomy,Social,Social,"{""Social"": 0.606, ""Optional"": 0.03, ""Necessary"": 0.015}",0.015,0.606,0.03,1,TRUE,2,"hanoi,hcmc",FALSE,FALSE,FALSE
jehovahs_witness_kingdom_hall,Community & Religion,0.436,bart,Social,Social,"{""Social"": 0.531, ""Optional"": 0.218, ""Necessary"": 0.009}",0.009,0.531,0.218,1,TRUE,2,hanoi,FALSE,FALSE,FALSE
it_consultant,Business & Professional Services,1,taxonomy,Social,Social|Optional,"{""Social"": 0.913, ""Optional"": 0.536, ""Necessary"": 0.399}",0.399,0.913,0.536,1,TRUE,2,hcmc,FALSE,FALSE,FALSE
inventory_control_service,Business & Professional Services,1,taxonomy,Social,Social,"{""Social"": 0.782, ""Necessary"": 0.177, ""Optional"": 0.033}",0.177,0.782,0.033,1,TRUE,2,"hanoi,hcmc",FALSE,FALSE,FALSE
religious_items,Community & Religion,0.547,bart,Social,Social,"{""Social"": 0.822, ""Necessary"": 0.014, ""Optional"": 0.007}",0.014,0.822,0.007,1,TRUE,2,hcmc,FALSE,FALSE,FALSE
portuguese_restaurant,Food & Drink,1,taxonomy,Social,Social,"{""Social"": 0.559, ""Necessary"": 0.042, ""Optional"": 0.03}",0.042,0.559,0.03,1,TRUE,2,"hanoi,hcmc",FALSE,FALSE,FALSE
first_aid_class,Education,1,taxonomy,Social,Social,"{""Social"": 0.766, ""Optional"": 0.108, ""Necessary"": 0.052}",0.052,0.766,0.108,0,TRUE,2,"da_nang,hcmc",FALSE,FALSE,FALSE
handyman,Home & Garden Services,1,taxonomy,Social,Social,"{""Social"": 0.71, ""Necessary"": 0.447, ""Optional"": 0.13}",0.447,0.71,0.13,1,TRUE,2,hcmc,FALSE,FALSE,FALSE
neurologist,Healthcare,1,taxonomy,Social,Social,"{""Social"": 0.846, ""Optional"": 0.26, ""Necessary"": 0.058}",0.058,0.846,0.26,0,TRUE,2,hcmc,FALSE,FALSE,FALSE
gerontologist,Healthcare,1,taxonomy,Social,Social,"{""Social"": 0.911, ""Optional"": 0.152, ""Necessary"": 0.074}",0.074,0.911,0.152,0,TRUE,2,"can_tho,hanoi",FALSE,FALSE,FALSE
patisserie_cake_shop,Daily Needs & Grocery,1,taxonomy,Social,Social,"{""Social"": 0.859, ""Necessary"": 0.022, ""Optional"": 0.012}",0.022,0.859,0.012,1,TRUE,2,hcmc,FALSE,FALSE,FALSE
professional_sports_league,Recreation & Sport,1,taxonomy,Optional,Optional,"{""Optional"": 0.567, ""Social"": 0.058, ""Necessary"": 0.014}",0.014,0.058,0.567,1,TRUE,2,hcmc,FALSE,FALSE,FALSE
photographer,Business & Professional Services,1,taxonomy,Social,Social|Optional,"{""Social"": 0.932, ""Optional"": 0.641, ""Necessary"": 0.298}",0.298,0.932,0.641,1,TRUE,2,hanoi,FALSE,FALSE,FALSE
medical_transportation,Healthcare,1,taxonomy,Necessary,Necessary,"{""Necessary"": 0.811, ""Social"": 0.116, ""Optional"": 0.001}",0.811,0.116,0.001,0,TRUE,2,hcmc,FALSE,FALSE,FALSE
seaplane_bases,Automotive & Transport,1,taxonomy,Social,Social,"{""Social"": 0.553, ""Optional"": 0.275, ""Necessary"": 0.045}",0.045,0.553,0.275,1,TRUE,2,"hanoi,hcmc",FALSE,FALSE,FALSE
exporters,Business & Professional Services,1,taxonomy,Social,Social|Optional,"{""Social"": 0.885, ""Optional"": 0.646, ""Necessary"": 0.282}",0.282,0.885,0.646,1,TRUE,2,hanoi,FALSE,FALSE,FALSE
feng_shui,Home & Garden Services,1,taxonomy,Social,Social|Optional,"{""Social"": 0.917, ""Optional"": 0.538, ""Necessary"": 0.124}",0.124,0.917,0.538,1,TRUE,2,da_nang,FALSE,FALSE,FALSE
executive_search_consultants,Business & Professional Services,1,taxonomy,Social,Social,"{""Social"": 0.749, ""Optional"": 0.479, ""Necessary"": 0.083}",0.083,0.749,0.479,1,TRUE,2,"hanoi,hcmc",FALSE,FALSE,FALSE
hang_gliding_center,Recreation & Sport,1,taxonomy,Social,Social|Optional,"{""Social"": 0.932, ""Optional"": 0.665, ""Necessary"": 0.072}",0.072,0.932,0.665,1,TRUE,1,hcmc,FALSE,FALSE,FALSE
orthotics,Healthcare,1,taxonomy,Social,Social|Optional,"{""Social"": 0.868, ""Optional"": 0.609, ""Necessary"": 0.093}",0.093,0.868,0.609,0,TRUE,1,hcmc,FALSE,FALSE,FALSE
outdoor_furniture_store,Retail & Shopping,1,taxonomy,Social,Social,"{""Social"": 0.582, ""Optional"": 0.35, ""Necessary"": 0.032}",0.032,0.582,0.35,1,TRUE,1,hanoi,FALSE,FALSE,FALSE
pakistani_restaurant,Food & Drink,1,taxonomy,Social,Social,"{""Social"": 0.508, ""Optional"": 0.018, ""Necessary"": 0.013}",0.013,0.508,0.018,1,TRUE,1,da_nang,FALSE,FALSE,FALSE
patent_law,Business & Professional Services,1,taxonomy,Social,Social,"{""Social"": 0.831, ""Optional"": 0.373, ""Necessary"": 0.113}",0.113,0.831,0.373,1,TRUE,1,hanoi,FALSE,FALSE,FALSE
trail,Recreation & Sport,1,taxonomy,Social,Social|Optional,"{""Social"": 0.815, ""Optional"": 0.603, ""Necessary"": 0.4}",0.4,0.815,0.603,1,TRUE,1,hcmc,FALSE,FALSE,FALSE
trailer_repair,Automotive & Transport,1,taxonomy,Social,Social,"{""Social"": 0.598, ""Necessary"": 0.093, ""Optional"": 0.065}",0.093,0.598,0.065,1,TRUE,1,hcmc,FALSE,FALSE,FALSE
batting_cage,Recreation & Sport,1,taxonomy,Social,Social,"{""Social"": 0.75, ""Optional"": 0.382, ""Necessary"": 0.081}",0.081,0.75,0.382,1,TRUE,1,hcmc,FALSE,FALSE,FALSE
battery_store,Retail & Shopping,1,taxonomy,Social,Social,"{""Social"": 0.726, ""Optional"": 0.321, ""Necessary"": 0.265}",0.265,0.726,0.321,1,TRUE,1,hcmc,FALSE,FALSE,FALSE
paper_mill,Business & Professional Services,1,taxonomy,Social,Social,"{""Social"": 0.699, ""Optional"": 0.3, ""Necessary"": 0.043}",0.043,0.699,0.3,1,TRUE,1,hcmc,FALSE,FALSE,FALSE
hair_stylist,Beauty & Personal Care,1,taxonomy,Social,Social,"{""Social"": 0.825, ""Optional"": 0.132, ""Necessary"": 0.034}",0.034,0.825,0.132,1,TRUE,1,da_nang,FALSE,FALSE,FALSE
halfway_house,Business & Professional Services,1,taxonomy,Social,Social|Optional,"{""Social"": 0.904, ""Optional"": 0.695, ""Necessary"": 0.105}",0.105,0.904,0.695,1,TRUE,1,hcmc,FALSE,FALSE,FALSE
bangladeshi_restaurant,Food & Drink,1,taxonomy,Social,Social,"{""Social"": 0.517, ""Optional"": 0.04, ""Necessary"": 0.018}",0.018,0.517,0.04,1,TRUE,1,hanoi,FALSE,FALSE,FALSE
handbag_stores,Retail & Shopping,1,taxonomy,Social,Social,"{""Social"": 0.711, ""Necessary"": 0.211, ""Optional"": 0.126}",0.211,0.711,0.126,1,TRUE,1,hanoi,FALSE,FALSE,FALSE
ophthalmologist,Healthcare,1,taxonomy,Social,Social,"{""Social"": 0.92, ""Optional"": 0.464, ""Necessary"": 0.158}",0.158,0.92,0.464,0,TRUE,1,hcmc,FALSE,FALSE,FALSE
mongolian_restaurant,Food & Drink,1,taxonomy,Social,Social,"{""Social"": 0.526, ""Optional"": 0.018, ""Necessary"": 0.017}",0.017,0.526,0.018,1,TRUE,1,hanoi,FALSE,FALSE,FALSE
kiteboarding,Recreation & Sport,1,taxonomy,Social,Social|Optional,"{""Social"": 0.828, ""Optional"": 0.823, ""Necessary"": 0.031}",0.031,0.828,0.823,1,TRUE,1,hcmc,FALSE,FALSE,FALSE
anesthesiologist,Healthcare,1,taxonomy,Social,Social,"{""Social"": 0.794, ""Necessary"": 0.154, ""Optional"": 0.105}",0.154,0.794,0.105,0,TRUE,1,hanoi,FALSE,FALSE,FALSE
mobile_home_park,Business & Professional Services,1,taxonomy,Social,Social|Optional,"{""Social"": 0.917, ""Optional"": 0.769, ""Necessary"": 0.052}",0.052,0.917,0.769,1,TRUE,1,hanoi,FALSE,FALSE,FALSE
allergist,Healthcare,1,taxonomy,Social,Social,"{""Social"": 0.811, ""Optional"": 0.103, ""Necessary"": 0.034}",0.034,0.811,0.103,0,TRUE,1,hanoi,FALSE,FALSE,FALSE
window_supplier,Business & Professional Services,1,taxonomy,Social,Social|Optional,"{""Social"": 0.888, ""Optional"": 0.774, ""Necessary"": 0.31}",0.31,0.888,0.774,1,TRUE,1,hcmc,FALSE,FALSE,FALSE
hockey_field,Recreation & Sport,1,taxonomy,Social,Social|Optional,"{""Social"": 0.848, ""Optional"": 0.695, ""Necessary"": 0.147}",0.147,0.848,0.695,1,TRUE,1,hanoi,FALSE,FALSE,FALSE
life_insurance,Business & Professional Services,1,taxonomy,Social,Social,"{""Social"": 0.93, ""Optional"": 0.321, ""Necessary"": 0.223}",0.223,0.93,0.321,1,TRUE,1,hcmc,FALSE,FALSE,FALSE
adult_store,Retail & Shopping,1,taxonomy,Social,Social,"{""Social"": 0.695, ""Optional"": 0.477, ""Necessary"": 0.162}",0.162,0.695,0.477,1,TRUE,1,hcmc,FALSE,FALSE,FALSE
matchmaker,Beauty & Personal Care,1,taxonomy,Social,Social,"{""Social"": 0.938, ""Optional"": 0.399, ""Necessary"": 0.205}",0.205,0.938,0.399,1,TRUE,1,hcmc,FALSE,FALSE,FALSE
adoption_services,Community & Religion,1,taxonomy,Social,Social,"{""Social"": 0.867, ""Optional"": 0.106, ""Necessary"": 0.054}",0.054,0.867,0.106,1,TRUE,1,hcmc,FALSE,FALSE,FALSE
moroccan_restaurant,Food & Drink,1,taxonomy,Social,Social,"{""Social"": 0.514, ""Optional"": 0.04, ""Necessary"": 0.02}",0.02,0.514,0.04,1,TRUE,1,hcmc,FALSE,FALSE,FALSE
welders,Home & Garden Services,1,taxonomy,Social,Social,"{""Social"": 0.748, ""Optional"": 0.364, ""Necessary"": 0.252}",0.252,0.748,0.364,1,TRUE,1,hcmc,FALSE,FALSE,FALSE
irish_restaurant,Food & Drink,1,taxonomy,Social,Social,"{""Social"": 0.627, ""Optional"": 0.058, ""Necessary"": 0.029}",0.029,0.627,0.058,1,TRUE,1,hanoi,FALSE,FALSE,FALSE
auto_upholstery,Automotive & Transport,1,taxonomy,Social,Social,"{""Social"": 0.793, ""Optional"": 0.413, ""Necessary"": 0.245}",0.245,0.793,0.413,1,TRUE,1,hcmc,FALSE,FALSE,FALSE
auto_insurance,Business & Professional Services,1,taxonomy,Social,Social,"{""Social"": 0.88, ""Necessary"": 0.318, ""Optional"": 0.297}",0.318,0.88,0.297,1,TRUE,1,hcmc,FALSE,FALSE,FALSE
audio_visual_production_and_design,Business & Professional Services,1,taxonomy,Social,Social,"{""Social"": 0.817, ""Optional"": 0.29, ""Necessary"": 0.08}",0.08,0.817,0.29,1,TRUE,1,hcmc,FALSE,FALSE,FALSE
visa_agent,Accommodation & Travel,1,taxonomy,Social,Social|Optional,"{""Social"": 0.883, ""Optional"": 0.689, ""Necessary"": 0.362}",0.362,0.883,0.689,1,TRUE,1,hanoi,FALSE,FALSE,FALSE
newspaper_advertising,Business & Professional Services,1,taxonomy,Social,Social,"{""Social"": 0.75, ""Optional"": 0.499, ""Necessary"": 0.176}",0.176,0.75,0.499,1,TRUE,1,hcmc,FALSE,FALSE,FALSE
neuropathologist,Healthcare,1,taxonomy,Social,Social,"{""Social"": 0.866, ""Optional"": 0.267, ""Necessary"": 0.107}",0.107,0.866,0.267,0,TRUE,1,hcmc,FALSE,FALSE,FALSE
nanny_services,Community & Religion,1,taxonomy,Social,Social,"{""Social"": 0.84, ""Optional"": 0.351, ""Necessary"": 0.141}",0.141,0.84,0.351,1,TRUE,1,hanoi,FALSE,FALSE,FALSE
hvac_supplier,Business & Professional Services,1,taxonomy,Social,Social,"{""Social"": 0.786, ""Necessary"": 0.18, ""Optional"": 0.139}",0.18,0.786,0.139,1,TRUE,1,hanoi,FALSE,FALSE,FALSE
music_production_services,Business & Professional Services,1,taxonomy,Social,Social,"{""Social"": 0.771, ""Optional"": 0.07, ""Necessary"": 0.035}",0.035,0.771,0.07,1,TRUE,1,hanoi,FALSE,FALSE,FALSE
importers,Business & Professional Services,1,taxonomy,Social,Social|Optional,"{""Social"": 0.877, ""Optional"": 0.539, ""Necessary"": 0.418}",0.418,0.877,0.539,1,TRUE,1,hanoi,FALSE,FALSE,FALSE
pen_store,Retail & Shopping,1,taxonomy,Social,Social,"{""Social"": 0.708, ""Optional"": 0.374, ""Necessary"": 0.268}",0.268,0.708,0.374,1,TRUE,1,hcmc,FALSE,FALSE,FALSE
bookkeeper,Business & Professional Services,1,taxonomy,Social,Social,"{""Social"": 0.808, ""Optional"": 0.379, ""Necessary"": 0.245}",0.245,0.808,0.379,1,TRUE,1,da_nang,FALSE,FALSE,FALSE
contract_law,Business & Professional Services,1,taxonomy,Social,Social,"{""Social"": 0.861, ""Optional"": 0.293, ""Necessary"": 0.215}",0.215,0.861,0.293,1,TRUE,1,hcmc,FALSE,FALSE,FALSE
door_sales_service,Home & Garden Services,1,taxonomy,Social,Social,"{""Social"": 0.677, ""Necessary"": 0.141, ""Optional"": 0.134}",0.141,0.677,0.134,1,TRUE,1,hanoi,FALSE,FALSE,FALSE
rodeo,Recreation & Sport,1,taxonomy,Social,Social|Optional,"{""Social"": 0.898, ""Optional"": 0.654, ""Necessary"": 0.445}",0.445,0.898,0.654,1,TRUE,1,hanoi,FALSE,FALSE,FALSE
rice_shop,Retail & Shopping,0.446,bart,Social,Social,"{""Social"": 0.901, ""Optional"": 0.4, ""Necessary"": 0.327}",0.327,0.901,0.4,1,TRUE,1,hcmc,FALSE,FALSE,FALSE
community_gardens,Civic & Government,1,taxonomy,Social,Social|Optional,"{""Social"": 0.986, ""Optional"": 0.534, ""Necessary"": 0.08}",0.08,0.986,0.534,0,TRUE,1,hcmc,FALSE,FALSE,FALSE
electronic_parts_supplier,Business & Professional Services,1,taxonomy,Social,Social,"{""Social"": 0.567, ""Optional"": 0.18, ""Necessary"": 0.063}",0.063,0.567,0.18,1,TRUE,1,hcmc,FALSE,FALSE,FALSE
rugby_pitch,Recreation & Sport,1,taxonomy,Optional,Optional|Social,"{""Optional"": 0.772, ""Social"": 0.741, ""Necessary"": 0.089}",0.089,0.741,0.772,1,TRUE,1,hcmc,FALSE,FALSE,FALSE
sports_museum,Culture & Arts,1,taxonomy,Optional,Optional,"{""Optional"": 0.854, ""Social"": 0.12, ""Necessary"": 0.006}",0.006,0.12,0.854,1,TRUE,1,hanoi,FALSE,FALSE,FALSE
sports_psychologist,Healthcare,1,taxonomy,Social,Social|Optional,"{""Social"": 0.899, ""Optional"": 0.737, ""Necessary"": 0.053}",0.053,0.899,0.737,0,TRUE,1,hanoi,FALSE,FALSE,FALSE
entertainment_law,Business & Professional Services,1,taxonomy,Optional,Optional|Social,"{""Optional"": 0.943, ""Social"": 0.937, ""Necessary"": 0.002}",0.002,0.937,0.943,1,TRUE,1,can_tho,FALSE,FALSE,FALSE
personal_injury_law,Business & Professional Services,1,taxonomy,Social,Social,"{""Social"": 0.615, ""Optional"": 0.04, ""Necessary"": 0.021}",0.021,0.615,0.04,1,TRUE,1,hcmc,FALSE,FALSE,FALSE
desert,Recreation & Sport,1,taxonomy,Social,Social|Optional,"{""Social"": 0.735, ""Optional"": 0.666, ""Necessary"": 0.02}",0.02,0.735,0.666,1,TRUE,1,hcmc,FALSE,FALSE,FALSE
secretarial_services,Business & Professional Services,1,taxonomy,Social,Social,"{""Social"": 0.792, ""Optional"": 0.338, ""Necessary"": 0.034}",0.034,0.792,0.338,1,TRUE,1,hcmc,FALSE,FALSE,FALSE
disability_law,Business & Professional Services,1,taxonomy,Social,Social,"{""Social"": 0.877, ""Optional"": 0.247, ""Necessary"": 0.071}",0.071,0.877,0.247,1,TRUE,1,hanoi,FALSE,FALSE,FALSE
scrap_metals,Business & Professional Services,1,taxonomy,Social,Social,"{""Social"": 0.748, ""Optional"": 0.355, ""Necessary"": 0.049}",0.049,0.748,0.355,1,TRUE,1,hcmc,FALSE,FALSE,FALSE
scout_hall,Community & Religion,1,taxonomy,Social,Social|Optional,"{""Social"": 0.928, ""Optional"": 0.8, ""Necessary"": 0.24}",0.24,0.928,0.8,1,TRUE,1,hanoi,FALSE,FALSE,FALSE
school_district_offices,Education,1,taxonomy,Social,Social,"{""Social"": 0.701, ""Optional"": 0.093, ""Necessary"": 0.044}",0.044,0.701,0.093,0,TRUE,1,da_nang,FALSE,FALSE,FALSE
sailing_club,Recreation & Sport,1,taxonomy,Social,Social,"{""Social"": 0.853, ""Optional"": 0.325, ""Necessary"": 0.075}",0.075,0.853,0.325,1,TRUE,1,hcmc,FALSE,FALSE,FALSE
rafting_kayaking_area,Recreation & Sport,1,taxonomy,Social,Social,"{""Social"": 0.824, ""Optional"": 0.499, ""Necessary"": 0.073}",0.073,0.824,0.499,1,TRUE,1,da_nang,FALSE,FALSE,FALSE
environmental_testing,Business & Professional Services,1,taxonomy,Social,Social,"{""Social"": 0.662, ""Necessary"": 0.034, ""Optional"": 0.021}",0.034,0.662,0.021,1,TRUE,1,hcmc,FALSE,FALSE,FALSE
flooring_contractors,Home & Garden Services,1,taxonomy,Social,Social,"{""Social"": 0.675, ""Optional"": 0.194, ""Necessary"": 0.045}",0.045,0.675,0.194,1,TRUE,1,hcmc,FALSE,FALSE,FALSE
floral_designer,Business & Professional Services,1,taxonomy,Social,Social|Optional,"{""Social"": 0.925, ""Optional"": 0.747, ""Necessary"": 0.352}",0.352,0.925,0.747,1,TRUE,1,hanoi,FALSE,FALSE,FALSE
bulgarian_restaurant,Food & Drink,1,taxonomy,Social,Social,"{""Social"": 0.544, ""Optional"": 0.024, ""Necessary"": 0.021}",0.021,0.544,0.024,1,TRUE,1,hanoi,FALSE,FALSE,FALSE
building_contractor,Home & Garden Services,1,taxonomy,Social,Social|Optional,"{""Social"": 0.922, ""Optional"": 0.544, ""Necessary"": 0.245}",0.245,0.922,0.544,1,TRUE,1,hcmc,FALSE,FALSE,FALSE
forestry_service,Agriculture & Industry,1,taxonomy,Social,Social|Optional,"{""Social"": 0.88, ""Optional"": 0.848, ""Necessary"": 0.289}",0.289,0.88,0.848,1,TRUE,1,hcmc,FALSE,FALSE,FALSE
pipe_supplier,Business & Professional Services,1,taxonomy,Social,Social|Optional,"{""Social"": 0.914, ""Optional"": 0.687, ""Necessary"": 0.315}",0.315,0.914,0.687,1,TRUE,1,hanoi,FALSE,FALSE,FALSE
decorative_arts_museum,Culture & Arts,1,taxonomy,Optional,Optional,"{""Optional"": 0.57, ""Social"": 0.086, ""Necessary"": 0.003}",0.003,0.086,0.57,1,TRUE,1,hcmc,FALSE,FALSE,FALSE
body_contouring,Healthcare,1,taxonomy,Social,Social,"{""Social"": 0.913, ""Optional"": 0.235, ""Necessary"": 0.163}",0.163,0.913,0.235,0,TRUE,1,hcmc,FALSE,FALSE,FALSE
fur_clothing,Retail & Shopping,1,taxonomy,Social,Social|Optional,"{""Social"": 0.949, ""Optional"": 0.688, ""Necessary"": 0.439}",0.439,0.949,0.688,1,TRUE,1,hcmc,FALSE,FALSE,FALSE
photography_museum,Culture & Arts,1,taxonomy,Optional,Optional,"{""Optional"": 0.661, ""Social"": 0.267, ""Necessary"": 0.013}",0.013,0.267,0.661,1,TRUE,1,hcmc,FALSE,FALSE,FALSE
business_law,Business & Professional Services,1,taxonomy,Social,Social,"{""Social"": 0.824, ""Optional"": 0.243, ""Necessary"": 0.231}",0.231,0.824,0.243,1,TRUE,1,hcmc,FALSE,FALSE,FALSE
fencing_club,Recreation & Sport,1,taxonomy,Social,Social,"{""Social"": 0.702, ""Optional"": 0.175, ""Necessary"": 0.035}",0.035,0.702,0.175,1,TRUE,1,hcmc,FALSE,FALSE,FALSE
street_art,Culture & Arts,1,taxonomy,Social,Social|Optional,"{""Social"": 0.939, ""Optional"": 0.759, ""Necessary"": 0.346}",0.346,0.939,0.759,1,TRUE,1,hcmc,FALSE,FALSE,FALSE
racquetball_court,Recreation & Sport,1,taxonomy,Optional,Optional|Social,"{""Optional"": 0.837, ""Social"": 0.66, ""Necessary"": 0.09}",0.09,0.66,0.837,1,TRUE,1,hcmc,FALSE,FALSE,FALSE
sunglasses_store,Retail & Shopping,1,taxonomy,Social,Social,"{""Social"": 0.799, ""Optional"": 0.281, ""Necessary"": 0.135}",0.135,0.799,0.281,1,TRUE,1,hcmc,FALSE,FALSE,FALSE
public_market,Daily Needs & Grocery,1,taxonomy,Social,Social|Necessary,"{""Social"": 0.984, ""Necessary"": 0.542, ""Optional"": 0.396}",0.542,0.984,0.396,1,TRUE,1,hanoi,FALSE,FALSE,FALSE
eyebrow_service,Beauty & Personal Care,1,taxonomy,Social,Social|Optional,"{""Social"": 0.891, ""Optional"": 0.663, ""Necessary"": 0.259}",0.259,0.891,0.663,1,TRUE,1,hcmc,FALSE,FALSE,FALSE
eyelash_service,Beauty & Personal Care,1,taxonomy,Social,Social|Optional,"{""Social"": 0.916, ""Optional"": 0.698, ""Necessary"": 0.452}",0.452,0.916,0.698,1,TRUE,1,hcmc,FALSE,FALSE,FALSE
fabric_wholesaler,Business & Professional Services,1,taxonomy,Social,Social,"{""Social"": 0.686, ""Optional"": 0.323, ""Necessary"": 0.144}",0.144,0.686,0.323,1,TRUE,1,hcmc,FALSE,FALSE,FALSE
candle_store,Retail & Shopping,1,taxonomy,Social,Social,"{""Social"": 0.801, ""Optional"": 0.299, ""Necessary"": 0.055}",0.055,0.801,0.299,1,TRUE,1,hcmc,FALSE,FALSE,FALSE
family_service_center,Community & Religion,1,taxonomy,Social,Social,"{""Social"": 0.847, ""Necessary"": 0.062, ""Optional"": 0.017}",0.062,0.847,0.017,1,TRUE,1,hcmc,FALSE,FALSE,FALSE
cafeteria,Food & Drink,1,taxonomy,Social,Social,"{""Social"": 0.978, ""Necessary"": 0.085, ""Optional"": 0.005}",0.085,0.978,0.005,1,TRUE,1,hcmc,FALSE,FALSE,FALSE
business_storage_and_transportation,Business & Professional Services,1,taxonomy,Necessary,Necessary,"{""Necessary"": 0.648, ""Social"": 0.012, ""Optional"": 0.001}",0.648,0.012,0.001,1,TRUE,1,hanoi,FALSE,FALSE,FALSE
rock_climbing_gym,Recreation & Sport,1,taxonomy,Social,Social,"{""Social"": 0.634, ""Optional"": 0.267, ""Necessary"": 0.07}",0.07,0.634,0.267,1,TRUE,1,hcmc,FALSE,FALSE,FALSE
